"duration","treatment","female","black","hispanic","ndependents","recall","young","old","quarter","durable","lusd"
18.0113426602477,0,0,0,0,2,0,0,0,5,0,0
1.00339945105232,0,0,0,0,0,0,0,0,5,0,1
26.9603963375939,0,0,0,0,0,0,0,0,4,0,1
7.00904436839551,1,0,0,0,0,0,0,0,2,0,0
9.0224091368653,1,0,0,0,0,0,1,0,3,0,0
26.9913896003317,0,0,0,0,1,0,0,1,5,1,1
27.0008196889959,0,1,0,0,0,0,0,1,5,0,1
9.00051755981168,0,1,0,0,1,0,0,1,5,0,1
27.0036953395323,0,1,0,0,1,0,0,0,0,0,1
26.0118904037665,1,1,0,0,0,0,0,1,3,0,0
15.011748313805,0,1,0,0,0,0,0,0,2,0,1
28.005604787186,0,1,0,0,0,0,0,1,3,0,1
11.997609563308,0,1,0,0,2,1,1,0,4,0,0
22.0214310061188,1,1,0,1,2,0,1,0,2,0,0
17.9849767097539,0,1,0,0,0,0,0,1,5,0,0
0.997345388250689,0,1,0,0,2,0,0,0,2,0,0
1.00797991700265,1,0,0,0,0,0,1,0,4,0,1
7.00189066012821,1,1,0,0,0,0,0,0,3,0,1
17.0212649596245,1,1,0,0,0,0,0,1,3,0,0
18.0018872387254,0,0,0,0,0,0,0,0,0,1,1
5.00474671265599,1,1,0,0,0,0,1,0,3,0,0
13.9995583389383,0,0,0,0,2,0,0,0,2,0,1
4.99282422728513,0,0,0,0,0,0,0,1,3,0,1
27.0025008604008,1,0,0,0,0,0,0,0,3,0,1
8.99050363555668,0,0,0,0,0,0,0,0,5,0,1
3.00259980831221,0,0,1,0,0,0,0,0,4,0,0
26.9930115137374,0,0,0,0,1,0,1,0,3,0,0
26.9844872992467,1,1,0,0,2,1,0,0,3,0,0
26.9961253176932,1,1,0,0,0,0,0,0,3,0,0
9.98372045064783,0,0,0,0,0,0,1,0,5,0,0
25.0072171453017,0,0,0,1,2,1,1,0,2,0,1
0.994359667808823,1,0,0,0,0,0,0,1,3,0,1
0.993920755256363,1,0,0,0,0,0,0,0,5,0,1
3.01457059856488,1,0,0,0,0,0,1,0,5,0,0
13.0114139339372,1,0,0,0,2,0,1,0,2,0,0
0.987423768366211,0,0,0,0,0,0,1,0,5,0,0
1.01083887893028,1,1,0,0,0,0,0,1,3,0,0
26.9986887952916,0,0,0,0,0,0,1,0,4,1,1
13.9966620090091,1,0,0,0,2,0,1,0,4,0,1
17.9927451039723,0,0,0,0,1,0,0,1,5,1,1
8.99431076381387,1,1,0,0,0,0,1,0,4,1,1
1.01573465212788,1,0,1,0,0,0,1,0,3,0,1
5.9947354846673,1,0,0,0,1,1,0,0,3,1,0
3.98924284734253,0,0,0,0,0,0,0,0,5,0,1
0.993154676755966,1,1,0,0,1,0,0,0,4,0,0
2.01712670401052,0,1,0,0,0,0,0,0,3,1,1
10.9865670487502,1,1,0,0,2,1,0,0,5,0,0
28.0035604679649,0,0,0,0,0,0,0,1,2,0,1
27.0053269625084,0,0,0,0,0,0,0,0,4,0,0
8.01327574775036,1,0,0,0,0,0,1,0,4,0,1
2.99746300753922,1,1,0,0,0,0,0,0,3,0,1
16.9854036767069,0,0,0,0,0,0,0,0,5,0,1
7.0042055526593,1,0,0,0,0,0,0,1,2,0,0
0.99940311074172,0,0,0,0,1,0,0,0,4,0,1
1.99299576091081,1,1,0,0,2,0,1,0,2,1,1
20.0096965292721,1,0,1,0,0,0,0,0,2,0,0
1.9988997106949,1,0,0,0,0,0,0,0,3,0,1
18.0185519053051,0,1,0,0,0,0,1,0,2,0,0
2.00927599310455,1,1,0,0,0,0,0,1,4,0,1
28.0001991075688,0,1,0,0,0,0,1,0,5,0,0
24.9662150951716,0,0,0,0,1,0,0,1,4,0,1
1.99223552157603,1,0,0,0,2,0,0,0,5,1,0
13.0034457367909,0,1,0,0,0,0,0,0,2,0,0
1.00180520287923,0,0,0,0,0,0,1,0,5,0,1
26.9961545356763,1,0,0,0,0,0,0,0,3,1,0
7.00434429171392,1,0,0,0,2,0,0,0,4,0,0
5.99455620961768,1,0,0,0,2,0,0,0,2,0,0
5.9986237383208,1,1,0,0,0,0,1,0,3,0,0
6.00332268433262,1,0,0,0,0,0,0,0,2,0,0
1.00551514348519,1,1,0,0,0,0,0,0,3,0,0
4.0023924607606,0,1,0,0,0,0,0,0,4,0,1
3.02552311010792,1,1,0,0,0,0,0,0,4,0,0
10.0049527969678,1,1,0,0,0,1,0,1,4,0,0
26.9905093237484,1,0,0,0,0,0,0,1,5,0,0
27.999903675945,1,1,0,1,0,0,0,1,4,0,1
2.00819707056277,0,0,0,0,0,0,1,0,2,0,0
11.0017713130628,1,1,0,0,0,0,0,0,3,0,1
20.0022670682206,0,0,0,0,0,0,0,0,3,0,1
26.9832370523236,0,0,0,1,0,0,1,0,2,0,0
27.0012293458235,0,1,0,0,1,0,0,0,5,0,0
23.9945184804684,0,0,0,0,1,1,0,0,3,0,0
9.0096820875958,1,0,0,0,0,0,0,0,4,1,1
7.99673300192625,0,1,0,0,1,0,0,0,3,0,1
26.9868407994642,0,0,0,0,2,0,1,0,2,0,1
13.9865661259965,1,0,0,0,1,0,0,1,3,1,1
18.9989901114466,1,0,1,0,0,0,0,0,4,1,0
1.01011541634004,0,1,0,0,0,0,1,0,5,0,0
2.99997524060835,0,0,0,0,0,0,0,0,5,0,1
26.9955702391279,1,0,1,0,0,0,1,0,5,0,0
6.01805060800195,1,1,0,0,1,0,0,0,4,1,0
27.009092477715,0,1,0,0,0,0,1,0,5,1,1
16.9960521443037,1,1,0,0,0,0,0,0,3,0,0
20.0106490925201,0,0,0,0,0,1,0,0,3,1,1
3.99652582619973,0,0,0,0,2,0,0,0,5,1,0
6.99674692568894,1,0,0,0,1,0,0,0,5,0,1
9.99876269266143,0,0,0,0,0,0,1,0,0,1,0
24.998369358444,1,0,0,0,0,0,0,1,2,1,1
27.0067145702286,1,1,0,0,0,0,0,1,3,0,0
4.01033963824164,0,0,0,0,2,0,1,0,5,0,1
32.9888913033043,0,1,0,1,1,0,1,0,5,1,1
25.0108873854349,0,0,0,0,2,0,1,0,0,0,0
26.9928057684283,0,1,0,0,0,0,1,0,0,1,1
14.9854266042339,1,1,0,0,0,0,0,0,2,0,0
1.97818615843172,0,0,0,1,0,0,1,0,3,0,1
27.010951756495,0,0,1,0,2,0,1,0,3,0,0
1.01737503725925,1,0,0,0,1,0,0,1,2,0,1
1.00988902510922,0,0,0,1,0,0,0,0,0,1,1
28.0103438153686,0,1,0,0,0,0,1,0,2,0,0
0.98722123320321,0,0,0,0,0,0,1,0,2,0,0
0.988808040428353,1,0,0,1,0,0,1,0,4,1,1
11.0055541846839,0,0,0,0,0,0,0,0,2,0,1
22.9904101326267,1,1,0,0,2,1,0,0,3,0,0
26.9906072218507,1,1,0,0,0,1,1,0,4,0,0
28.9886191000864,1,1,0,0,2,0,1,0,5,0,0
14.9994339195732,1,0,0,0,1,0,0,1,5,0,1
2.98971698966747,0,0,0,0,0,0,0,1,5,1,0
5.98020172333413,1,0,0,0,2,0,1,0,3,0,0
27.9922981101201,0,0,0,0,0,0,0,0,3,0,0
5.01268695637603,0,0,0,0,2,0,1,0,2,0,0
5.99058003811908,0,0,0,0,0,0,1,0,4,0,0
27.0063579574656,1,0,0,0,0,0,0,1,2,0,0
26.9954250156607,1,1,0,0,0,0,0,0,2,0,1
26.9946957377848,0,0,0,0,0,0,0,1,0,1,0
6.99510678711021,1,0,0,0,2,0,0,0,2,1,0
5.98981931018069,0,0,0,0,2,0,0,0,2,0,1
3.00637142705711,1,0,0,0,0,0,1,0,3,0,1
3.99145639145089,1,0,0,0,0,0,1,0,3,0,1
10.9869259863873,0,1,0,0,0,1,0,0,5,0,0
9.00410684377078,0,0,0,0,0,0,0,0,2,0,1
11.9948265128025,1,1,0,0,0,0,0,1,5,0,1
3.01950893254883,1,1,0,0,0,0,0,0,5,0,0
9.00791978001366,0,1,1,0,0,1,0,0,3,0,0
27.0064376030687,1,0,0,0,0,0,1,0,4,0,1
22.9874961687269,0,0,0,0,0,0,1,0,2,0,0
7.00405412329001,0,1,0,0,0,0,1,0,0,0,0
14.9913322907253,0,1,1,0,0,0,0,0,5,0,1
19.9991776763345,1,0,0,0,1,0,0,0,4,0,1
0.998517566839602,1,0,0,0,1,0,0,1,3,0,0
4.00406545334755,1,0,0,0,1,1,0,1,4,0,0
14.9998482132814,1,1,0,0,0,0,1,0,4,0,0
0.996924421333039,0,0,0,0,1,0,0,0,3,0,0
27.9950901205777,0,1,0,0,0,0,1,0,3,0,1
8.99776026588861,1,0,0,0,1,0,1,0,4,1,0
28.0032319042072,1,1,0,0,0,0,0,0,4,0,0
23.0123546597044,0,0,0,0,0,0,0,1,3,0,0
0.995712558749126,0,0,0,0,1,0,0,0,0,0,0
5.99740825179296,0,0,0,0,0,0,0,0,2,0,0
3.01535605398901,1,1,0,1,0,0,1,0,2,1,1
9.99840979909563,1,1,0,0,0,0,1,0,4,0,0
0.997299647886726,1,1,0,0,0,0,0,0,3,0,1
7.00278184142925,1,1,0,0,0,0,0,0,3,0,1
1.99587426366022,0,0,0,0,0,0,0,0,4,0,1
18.9914591653206,0,0,0,0,2,0,0,0,5,0,1
0.994733735314818,0,1,0,1,2,0,1,0,5,0,0
26.9944421144271,0,0,0,0,0,0,0,0,3,0,1
0.995612888419805,0,1,1,0,1,0,0,0,5,0,0
17.9978559500005,1,0,0,0,2,0,0,0,3,0,1
5.99136759507233,1,0,0,0,0,0,0,0,3,0,1
26.9965362077618,1,0,0,0,0,0,0,0,2,0,1
17.99822142373,0,1,0,0,2,1,0,0,2,0,0
16.0129617639188,0,1,0,0,0,0,1,0,3,0,0
1.00898791025874,0,0,0,0,0,0,1,0,4,1,0
11.0037978032011,1,1,0,1,0,0,1,0,5,0,0
20.9946792612267,1,0,1,0,0,0,0,0,2,0,1
5.98354375231835,0,0,0,0,0,0,1,0,2,0,0
12.0049569085948,1,0,0,0,2,0,0,0,4,0,0
27.0047439338632,0,1,0,0,0,0,0,0,5,0,0
1.99292150671641,0,1,0,0,0,0,0,1,4,0,0
4.9903926972827,0,0,1,0,1,0,1,0,3,0,1
9.98069742613189,0,1,0,0,2,0,1,0,5,0,0
26.0222058145572,0,1,0,0,0,0,0,0,2,0,1
28.0089103753007,1,0,0,0,0,0,1,0,0,0,0
22.0063430444476,1,1,0,0,0,0,1,0,2,0,0
26.993316235685,1,0,0,0,2,0,0,0,4,1,0
7.98992921462192,0,0,0,1,2,0,0,0,5,0,0
18.9931781831624,0,1,0,0,0,0,1,0,5,1,1
4.01461121191344,1,0,0,0,1,0,0,0,1,1,0
2.99047762324144,0,0,0,0,0,0,0,0,3,0,0
6.00222501624557,0,0,0,1,2,0,0,0,4,1,1
9.01613814525503,0,0,0,0,2,0,1,0,4,0,0
27.0049248745297,1,1,0,0,0,0,1,0,5,0,1
26.9846889728498,1,0,0,0,2,0,0,1,5,0,0
27.0064548678509,0,1,0,0,0,0,0,0,5,0,0
5.00583667991725,0,0,0,0,0,1,1,0,5,0,1
27.0071335419048,0,1,0,0,0,0,0,1,3,0,1
26.9938836877754,0,1,0,0,0,0,0,0,4,0,1
3.99205092869592,0,1,0,0,0,0,0,1,5,0,0
8.99623591713755,1,0,0,0,0,0,0,0,5,0,1
23.019412863859,0,0,0,0,2,0,0,0,4,0,1
14.0028028598691,1,0,0,0,2,0,0,0,4,0,1
12.9949298914411,1,1,0,0,0,0,0,0,5,0,1
13.9946504681636,1,1,0,0,0,0,0,0,2,0,1
3.98639755558849,1,0,0,0,0,0,1,0,2,0,0
20.9993938374671,1,0,0,0,2,0,0,0,3,0,1
1.99312984339133,1,1,0,0,0,0,1,0,2,0,1
26.9936440620227,0,0,1,0,0,0,1,0,5,0,0
0.997996789084748,1,1,0,0,0,0,1,0,5,0,0
26.9970030445487,0,0,0,0,1,0,0,1,4,1,1
0.995459393892264,0,0,0,0,0,0,0,0,4,1,0
9.9909342240541,0,0,0,0,0,0,0,0,4,0,1
16.9836627303124,0,1,0,0,0,0,0,1,4,0,0
18.0020184620622,0,0,0,0,0,0,0,0,2,0,1
27.0059000361005,0,1,1,0,0,0,1,0,5,0,0
26.9786715936637,1,1,1,0,0,0,0,1,3,0,0
8.00337777115928,0,0,0,0,2,0,0,0,4,0,0
2.97452095728422,1,0,0,0,0,0,1,0,2,0,1
5.01100995896447,0,1,0,0,0,0,0,0,3,0,0
27.0063549904622,0,0,0,0,0,0,0,0,3,1,0
26.9868994832537,1,1,0,0,0,0,1,0,2,0,0
3.99994848039692,0,0,0,0,1,0,0,1,3,0,0
2.99139816053859,1,0,0,0,0,0,0,0,4,0,0
27.0065018284708,1,0,0,0,2,0,0,0,5,0,1
7.00157945595061,0,0,0,0,0,0,1,0,5,0,0
26.9924846747187,0,0,0,0,0,0,0,1,3,0,1
2.00245649588191,0,0,0,0,1,0,0,1,3,0,1
2.0018790063003,1,1,0,0,0,0,0,0,4,0,1
27.0120720459913,1,1,0,0,0,0,0,0,3,0,1
26.9990345135079,1,1,0,0,2,0,0,0,3,0,1
6.00957139916723,0,0,0,0,2,0,0,0,5,0,0
2.00423937585707,0,0,0,0,0,0,1,0,2,0,0
27.0035580635692,0,1,0,0,0,0,0,0,2,0,1
0.99888746425637,0,0,0,0,1,0,0,0,3,0,1
16.0123977001411,1,1,0,0,2,1,0,0,3,0,0
3.00111099874235,1,0,0,0,1,0,0,1,2,1,0
26.9912271317848,1,1,0,0,0,0,0,0,1,0,0
7.00498123108946,1,1,0,0,0,0,0,0,3,0,1
7.00030626284196,1,0,0,0,0,0,1,0,4,0,1
0.99430812577207,1,0,1,0,0,0,1,0,4,0,0
0.999227639391729,0,0,0,0,0,0,0,1,5,0,0
1.98999822409358,1,1,0,0,1,0,0,0,5,0,0
19.9953592560726,0,0,1,0,0,0,0,0,2,0,0
2.00422534120528,1,1,0,1,1,0,0,0,4,1,0
3.00154042526742,0,0,0,0,0,0,0,0,2,0,1
0.998634255127149,0,0,0,0,2,0,1,0,5,0,0
1.02548716595222,1,1,0,0,0,0,1,0,3,0,1
12.0025675122037,1,0,0,0,0,0,0,0,4,0,1
4.01496535840633,0,0,0,0,0,0,1,0,5,0,0
24.9978838991839,1,1,0,0,0,0,0,0,3,0,1
14.9965032061376,0,1,0,0,0,0,1,0,5,0,1
28.0048752597802,0,1,0,0,1,0,0,0,3,0,0
5.98831703222677,0,0,0,0,0,0,0,0,3,0,0
44.0098345752373,0,1,0,0,0,0,0,1,5,0,0
8.00382623609857,0,0,0,0,0,0,0,1,3,0,0
27.006030541654,0,0,0,0,0,0,0,1,5,1,1
7.01141908071261,0,1,0,0,0,0,0,0,0,0,0
0.989396725700388,0,0,0,0,2,0,0,0,3,0,0
26.9998833491329,0,0,0,0,1,0,0,0,2,0,1
27.0089973430482,0,0,0,0,0,0,0,0,5,1,0
0.983140398679692,0,0,0,1,0,0,0,0,3,0,0
27.0061458978118,0,0,0,0,0,0,0,0,5,0,0
24.9926915753458,0,0,0,0,0,0,0,0,5,0,0
12.0045896251324,0,0,0,0,0,0,0,0,4,0,0
1.00014169443348,1,0,0,1,0,0,1,0,3,0,1
13.0115450941681,1,1,0,0,0,0,1,0,2,0,1
1.00601102150031,0,1,0,0,2,0,1,0,2,0,0
0.990981165713361,0,1,0,1,0,0,0,0,5,1,1
27.0024327756428,0,1,0,0,0,0,0,0,2,0,0
0.99131420137554,0,0,0,0,2,0,1,0,5,1,0
3.99454935991048,0,1,0,0,0,1,1,0,2,0,1
10.996368282699,1,1,0,0,0,0,0,1,4,0,0
12.0061660212009,1,0,0,0,0,1,0,1,4,0,0
8.00824184967229,0,1,0,0,0,0,0,0,3,0,0
7.00327225952463,0,1,0,0,2,0,0,0,5,1,1
11.9957809079291,1,0,0,0,0,0,0,0,5,1,1
13.9962789192111,1,0,0,0,0,0,1,0,4,0,0
26.9948454081505,1,1,0,0,0,0,0,0,4,0,0
27.0099108182305,0,1,0,0,0,0,0,0,0,0,1
1.01059794734101,0,1,1,0,0,0,0,0,5,0,0
26.9949481384716,0,0,0,0,2,0,0,0,4,0,0
0.986477324779606,1,1,0,0,0,0,1,0,5,0,0
26.9948369910604,0,0,0,0,0,0,1,0,4,1,0
29.97777543224,0,0,0,0,0,0,0,1,3,0,1
3.98779022987256,0,0,0,0,0,0,0,0,5,0,1
17.9915883306596,0,1,0,0,0,0,0,0,2,0,0
1.00580482567528,0,1,0,0,0,0,1,0,5,0,0
2.0030677091682,0,1,0,0,1,0,0,0,2,0,0
2.99669823457885,0,0,0,0,0,0,0,0,2,0,0
26.9731736165653,0,1,0,0,0,0,0,0,3,1,1
26.9994675732482,1,0,0,0,0,0,0,0,3,0,0
26.996689987769,0,0,0,0,0,0,0,0,3,0,0
0.997510864941958,1,1,0,0,0,0,1,0,2,0,0
1.00342570416385,1,0,0,0,0,0,1,0,3,1,0
3.99629136612534,0,0,0,0,2,0,1,0,4,0,1
18.9995232350471,0,1,0,0,0,0,0,0,4,0,0
13.0057695143959,1,1,1,0,2,0,0,0,2,0,0
0.994251714640893,0,0,0,0,2,0,0,0,3,0,0
27.0237051978554,0,1,1,0,0,0,0,0,5,0,0
0.996720110479502,1,0,0,0,0,0,1,0,3,0,1
0.979725765548102,1,1,1,0,2,0,1,0,4,0,0
3.01206331381225,0,1,0,0,1,0,1,0,4,0,0
16.9986681346929,0,0,1,0,0,0,1,0,3,0,0
26.981478163141,0,1,0,0,1,0,1,0,5,0,0
26.9973761726124,0,1,1,0,1,0,1,0,5,0,0
3.98991754382469,1,0,0,0,0,0,1,0,4,0,0
3.00588243101738,0,0,0,1,0,0,1,0,2,1,1
27.0169843699593,0,0,1,0,0,0,0,1,3,1,0
0.988206436052481,1,0,0,1,0,0,0,1,4,0,0
2.02263923281773,0,0,0,0,1,0,0,1,4,0,0
11.9988556360432,1,0,0,0,2,0,0,0,4,0,0
2.98140432185318,0,0,0,0,0,0,1,0,2,0,1
21.9921921955795,0,1,0,0,0,0,1,0,4,0,0
27.0126257037366,1,0,0,0,0,0,0,1,5,0,0
26.0073156950975,1,1,0,0,0,1,0,1,2,1,0
0.984578198445647,1,0,0,0,0,0,0,1,5,0,0
7.99905145683606,0,0,0,0,1,0,0,1,5,0,0
4.00116647718028,1,1,0,0,0,0,0,1,3,0,0
27.0062950856875,1,1,0,0,0,0,0,1,5,1,0
27.9912230991398,1,1,0,0,0,0,0,1,4,0,0
5.99033495726652,0,0,0,0,0,0,0,1,4,0,0
27.9850470290379,0,1,0,0,0,0,0,1,2,0,0
6.98468991163277,0,0,0,0,0,0,0,1,3,0,1
25.9907685098263,0,1,0,0,0,1,0,1,4,0,1
5.01001875906634,1,1,0,0,0,0,0,0,2,1,0
27.0011872626958,0,1,0,0,0,0,0,0,2,0,0
27.0002099671807,0,0,0,0,2,0,0,0,5,1,1
27.017567701001,1,1,0,0,0,0,0,0,5,0,0
5.99150675876837,1,1,1,0,2,0,0,0,2,1,0
17.0109393012326,1,0,0,0,0,1,0,0,3,0,0
4.00664267790799,0,0,0,0,0,0,0,0,0,0,0
12.9996713080006,1,0,0,0,0,0,0,0,4,0,1
27.0007374709375,0,1,0,1,0,0,0,0,3,0,0
0.998590015943246,0,0,1,0,0,0,0,0,0,0,0
5.00936688494758,1,1,0,0,0,0,0,1,2,0,1
27.0023243641402,1,0,1,0,0,0,0,0,4,1,0
13.0096713262854,0,0,0,0,0,0,0,0,2,0,0
21.9853240818244,0,0,0,0,0,0,0,0,0,1,1
14.9858705337,0,0,0,0,0,0,0,0,4,1,0
9.99796846867281,0,0,0,0,2,0,1,0,4,1,1
10.0082908320505,0,0,0,0,0,0,0,0,5,0,1
1.0035043379215,0,1,0,0,0,0,0,0,5,0,0
23.010447706191,0,0,1,0,0,0,0,0,5,0,0
27.0087962282812,0,0,0,0,2,0,0,0,4,0,0
4.00252184355037,0,0,0,0,0,0,0,0,2,0,0
3.99650591270918,0,0,0,0,0,0,0,0,3,0,0
9.99212551056244,0,1,0,0,0,0,0,0,2,0,1
9.00552765890322,1,1,0,0,0,1,0,0,3,0,1
27.9811309652828,0,1,0,0,2,0,0,0,4,0,1
1.9895887629291,1,0,0,0,0,0,1,0,3,0,1
12.9987067366594,0,1,0,0,0,0,1,0,5,0,1
26.9887649656133,1,0,0,0,0,0,0,0,3,1,1
2.99221759282227,0,0,0,0,0,0,1,0,5,1,1
0.991720688722639,1,0,0,0,1,0,0,0,4,0,1
27.0075752655935,0,0,0,0,0,0,0,0,2,0,0
0.99775877281635,0,0,0,0,0,0,0,0,4,0,0
30.0063253075777,0,1,0,0,2,0,0,0,2,0,0
0.978159202215284,1,1,0,0,0,0,1,0,3,0,0
0.996211044510964,0,1,0,0,0,0,1,0,4,0,0
24.9914550707844,1,0,0,0,0,0,0,0,5,0,1
26.9823724066149,1,1,0,0,0,0,0,0,3,0,1
19.9877235602589,1,0,0,0,0,0,1,0,2,0,0
25.012038978092,0,0,0,0,0,0,1,0,2,0,0
15.0214136692579,1,0,0,0,0,0,1,0,5,0,0
13.9890494150475,1,0,0,0,2,1,1,0,3,0,0
4.02105814752621,1,0,0,0,2,0,1,0,4,0,0
6.99087503904126,0,0,0,0,1,0,1,0,3,0,0
1.99964830038172,1,1,0,0,2,0,1,0,5,0,0
6.00216501730803,0,1,0,0,0,0,0,0,5,0,0
10.0167230377841,1,0,0,0,2,0,1,0,3,0,0
6.99543177701196,1,0,0,0,0,0,0,0,2,0,0
26.9903849292662,0,0,0,0,2,0,1,0,0,1,0
0.991107402535736,0,1,0,0,0,0,1,0,3,0,0
27.0099706371212,0,0,0,0,0,0,1,0,3,0,1
0.996760692399321,0,0,0,1,0,0,1,0,3,1,0
0.985000556290964,1,0,0,0,2,0,1,0,4,0,0
12.0164202339682,1,1,0,0,0,0,1,0,3,0,1
9.98936140103497,0,0,0,0,2,0,1,0,3,0,0
42.9957927454128,1,1,0,0,2,0,1,0,2,0,1
9.98989850173785,1,0,0,1,0,0,1,0,4,1,0
10.0033493349542,0,0,0,0,0,1,1,0,3,0,0
3.99755014308155,0,1,0,0,0,0,1,0,5,0,1
11.9875665606434,0,1,0,1,2,1,1,0,4,0,1
0.988164968295993,0,0,0,0,0,0,1,0,5,0,1
12.003536152357,1,1,0,0,0,0,1,0,5,0,0
9.01043929446766,1,0,0,0,0,1,1,0,2,0,0
1.99304308347347,0,0,0,0,0,0,1,0,5,0,1
14.0003899616882,0,0,0,0,0,1,1,0,2,0,0
27.0016913179116,0,1,0,0,0,0,1,0,0,0,0
3.98989178659936,1,0,0,0,0,0,1,0,3,0,0
16.0105357382312,1,1,0,0,0,0,1,0,4,0,0
27.0050121297823,1,0,0,0,1,1,1,0,3,0,0
17.0106582109368,0,1,0,0,0,0,1,0,3,1,0
3.00819698077712,0,0,0,0,1,0,1,0,5,0,1
0.999182221297246,1,0,0,0,2,0,1,0,3,0,0
27.0140201831597,1,1,0,0,0,0,1,0,5,0,0
1.00368603783648,0,1,0,0,1,0,1,0,5,0,0
2.00648234855503,1,1,0,0,0,0,1,0,3,0,1
26.9887158947914,0,0,0,0,0,0,1,0,4,0,0
27.0092323804578,0,0,0,0,0,0,1,0,4,1,1
8.00107207503905,1,0,0,0,0,0,1,0,3,0,0
15.9995486081992,0,0,0,0,0,0,1,0,4,0,1
4.98731428779902,0,1,0,0,0,1,1,0,2,0,0
26.9990311347952,1,0,0,0,0,0,1,0,5,1,0
7.01330448870851,1,0,0,0,1,0,1,0,2,1,0
13.0079449596538,0,0,0,0,0,0,1,0,3,0,1
0.982794361062571,0,0,0,0,0,0,1,0,2,0,0
8.98749938362177,0,0,0,0,0,0,1,0,4,0,0
2.99282380611628,0,0,0,0,1,0,1,0,3,0,0
2.00716124329659,1,0,1,0,0,0,1,0,2,0,1
8.00399067279032,0,1,1,0,0,0,1,0,5,0,0
2.98575482029475,1,0,0,0,0,0,0,1,5,0,1
26.9829355357923,1,0,1,0,0,0,0,1,3,0,0
12.9800665512719,0,0,0,0,0,0,0,1,3,0,1
1.00556468779607,1,0,1,0,0,0,0,1,5,0,0
12.0183571960038,1,0,0,0,0,0,0,1,0,0,0
13.0071070002718,0,1,0,0,0,0,0,1,0,0,0
7.02056201680469,0,0,0,0,0,0,0,0,3,0,0
3.00083434640932,0,1,1,0,0,0,0,0,5,0,0
8.98830566716021,1,1,1,0,0,0,0,0,4,0,0
10.98025016236,0,0,1,0,0,0,0,0,2,1,0
0.991738486733235,1,0,1,0,0,0,0,0,4,0,0
1.00152046086177,1,0,0,0,2,0,0,0,4,1,0
1.00540450808456,0,1,0,0,0,0,0,0,0,0,0
12.0007028878359,1,1,0,0,1,0,0,0,4,0,0
16.99420377346,1,1,0,0,0,0,0,0,4,0,0
26.9849746688012,1,1,0,0,2,0,0,0,3,0,0
24.0163881476588,1,0,0,0,0,0,0,0,3,0,0
20.0045651377311,0,1,0,0,0,0,0,0,4,0,1
1.01314512005732,1,1,0,0,2,0,0,0,3,0,0
6.01350264533046,0,1,0,0,0,0,0,0,3,0,0
3.98909361015097,1,0,0,0,0,0,0,0,4,0,0
15.0074435430358,0,0,1,0,2,0,0,0,2,0,0
27.0019215139054,0,1,0,0,2,0,0,0,3,0,0
4.99664342944937,0,0,1,0,0,0,0,0,5,1,0
0.990890924764395,0,0,1,0,0,0,0,0,2,0,0
1.0189627743015,0,0,1,0,0,0,0,0,4,0,0
27.0085727993086,0,0,1,0,1,0,0,0,3,0,0
27.0048929859621,0,0,0,0,0,0,0,0,5,0,0
1.01216843016765,1,0,1,0,0,0,0,0,4,0,0
11.0006189458475,1,0,0,1,0,0,1,0,2,0,0
27.0024173376461,1,1,1,0,0,0,0,0,4,0,1
6.02109707518043,0,1,0,0,0,0,1,0,3,0,0
15.9966666759945,1,0,0,0,2,0,1,0,4,1,0
12.9888776686385,1,1,0,0,2,0,1,0,2,0,0
26.9997491623594,1,1,0,0,0,0,1,0,4,0,0
8.99595890784268,1,1,0,0,0,1,0,1,4,0,0
27.004186033261,0,0,0,0,0,0,1,0,3,1,0
1.00046553251453,1,0,0,0,0,0,1,0,3,0,0
5.00640545955472,0,0,0,0,0,0,1,0,2,1,0
0.981494898058617,0,1,1,0,1,0,1,0,3,0,0
11.0012107133077,0,1,0,0,0,1,1,0,4,0,1
26.9999985174034,0,1,1,0,0,0,1,0,2,0,0
13.9873478928126,1,0,0,0,0,0,1,0,3,0,0
9.99059895524432,0,1,1,0,0,0,1,0,5,0,0
1.00738171037069,0,0,0,0,0,1,1,0,3,1,0
5.99112775663466,0,0,0,0,0,0,1,0,5,1,0
2.0001980614549,0,1,1,0,0,0,1,0,2,0,0
3.99576354565163,1,0,0,0,2,0,1,0,4,0,0
6.01186227797925,0,0,0,0,2,0,1,0,5,0,0
7.98940485579515,1,0,0,0,0,0,1,0,5,0,0
11.0031879659113,1,0,0,0,2,0,1,0,2,0,0
26.9993800400825,0,0,0,0,2,0,1,0,3,0,0
1.0016987534058,0,0,0,0,0,0,1,0,2,0,0
1.00198508469494,0,0,0,0,0,0,1,0,2,1,1
4.02930134775585,1,0,0,0,0,1,1,0,3,0,0
0.998488685290091,1,0,1,0,0,0,1,0,3,0,0
3.99919004677444,1,1,1,0,0,0,1,0,3,0,0
16.0130905449095,0,0,0,0,0,1,1,0,2,0,0
6.99483105576758,0,0,0,0,0,0,1,0,2,0,0
23.0019043799456,0,1,0,0,0,0,1,0,5,0,0
27.9938102038243,0,1,0,0,0,0,1,0,5,1,1
9.99671763010496,1,0,0,0,0,0,1,0,3,0,0
8.02374502896277,0,0,0,0,0,0,1,0,3,1,0
1.00170807344191,1,1,0,0,0,0,1,0,0,0,0
2.01421652814341,1,0,0,0,0,0,1,0,4,0,0
2.99390044701275,1,0,0,0,0,0,1,0,4,1,0
13.9988161736821,1,1,0,0,0,1,1,0,4,0,1
4.9971931150467,1,0,0,0,0,1,1,0,2,0,0
0.97738875639389,1,0,0,0,0,0,1,0,2,0,0
31.0163185096505,0,0,0,0,0,0,1,0,2,0,0
3.00242395494114,0,0,0,0,0,0,1,0,5,0,0
0.998884337135845,0,0,0,0,0,0,1,0,5,0,0
13.9992402112012,1,1,0,0,0,0,1,0,3,0,0
2.00746874693209,1,1,0,0,0,0,1,0,2,0,0
1.00870732431052,0,0,1,0,0,0,1,0,3,0,0
4.98570322081579,0,0,0,0,0,0,1,0,5,0,0
5.01425555934846,0,1,0,0,0,0,0,1,5,0,1
8.99545798406484,0,1,0,0,0,1,0,1,5,0,0
0.993153014445318,0,1,0,0,0,0,0,1,3,0,0
2.98997817042148,1,1,0,0,0,0,0,1,5,0,0
37.0025616173453,1,0,0,0,1,0,0,1,3,0,0
27.0006999086416,0,1,0,0,0,0,0,1,5,0,0
3.97634311145228,0,0,0,0,0,0,0,1,5,0,0
0.995408153596123,1,1,0,0,0,0,0,1,4,0,0
9.00880582746886,0,1,0,0,0,0,0,1,4,0,0
1.98941361981246,0,0,0,0,2,0,0,1,5,0,0
27.0025638470826,0,0,0,0,0,0,0,1,4,0,0
16.0134637509835,1,0,0,0,0,1,0,1,3,0,0
26.9821524113932,1,0,0,0,1,0,0,1,2,0,0
4.00788299019989,1,1,0,0,0,1,0,1,5,0,0
51.0051838479677,1,1,0,0,0,0,0,1,3,0,0
0.985582237833363,1,0,0,0,0,0,0,1,4,0,0
10.9754133184575,1,1,0,0,0,0,0,1,5,0,0
25.9936348752152,0,0,0,0,1,1,0,1,5,1,0
1.98805228709013,0,1,0,0,0,0,0,1,5,0,0
26.9962085310957,0,1,0,0,0,0,0,0,0,1,0
5.01356736318484,0,1,1,0,0,0,0,1,4,0,0
30.9889471970012,0,1,0,0,0,0,0,0,3,0,0
10.0056304852909,0,1,0,0,0,0,0,0,2,0,0
2.98905305954311,0,1,0,0,0,0,0,0,5,0,1
28.0020608206828,0,1,0,0,0,0,0,0,4,0,0
2.99820542835056,1,0,0,0,2,0,0,0,3,0,1
26.9906778545169,1,1,0,0,0,0,0,0,5,1,1
18.0061158975952,1,1,0,0,0,0,0,0,5,0,0
1.0030428575869,1,0,0,0,0,0,0,0,4,1,0
7.98635151119533,0,0,0,0,2,0,0,0,5,0,0
16.9903985925403,1,0,0,0,0,0,0,0,3,0,0
7.99551428766643,1,0,0,0,2,0,0,0,3,0,0
1.00029642619626,0,0,0,0,0,0,0,0,5,0,0
1.01192909175971,0,0,0,0,0,0,0,0,5,0,0
27.0130400679356,1,1,0,0,0,0,0,0,5,0,0
15.0005245515144,1,0,0,0,2,0,0,0,2,0,0
23.9882287465831,1,0,0,0,0,0,0,0,2,0,0
0.994374595451263,1,1,0,0,0,0,0,0,3,0,1
12.9974770651435,1,0,0,0,0,0,0,0,4,1,0
29.018779337761,1,0,0,0,0,0,0,0,5,0,0
7.00209059205425,0,0,1,0,2,0,0,0,5,0,0
2.00071662607928,0,0,0,0,2,0,1,0,2,1,0
8.00018976555907,0,0,0,0,0,0,0,0,4,0,1
26.9902409641632,1,0,0,0,0,0,0,0,4,0,1
27.001964246203,0,1,0,0,0,0,1,0,3,0,1
26.9939248856458,1,1,0,0,0,0,1,0,4,0,0
5.0093282312658,1,0,0,0,2,0,1,0,3,0,0
13.0077910264455,0,0,0,0,0,1,1,0,2,0,0
9.99315259047618,0,1,0,0,1,0,0,0,5,0,0
15.9783007441846,1,0,0,0,0,0,1,0,2,0,0
1.00784022409894,0,1,0,0,1,0,0,0,5,0,0
0.99797500975541,1,1,1,0,2,0,1,0,2,0,0
13.9930156959831,1,0,0,0,0,1,1,0,3,0,0
18.9956957014292,1,1,0,0,0,1,0,0,3,0,0
26.9929076850431,0,0,0,0,0,0,1,0,4,0,1
7.99720306434771,0,1,0,0,1,1,1,0,3,0,0
0.993113485473911,1,0,0,0,0,0,1,0,4,0,0
26.9920591008805,0,1,0,0,2,0,1,0,5,1,1
2.00809837498442,0,0,0,0,1,0,1,0,4,1,0
1.01317348859017,1,0,0,0,2,0,1,0,2,0,0
26.9994644521906,1,0,0,0,0,1,1,0,2,0,0
18.0018846706537,0,0,0,0,0,0,1,0,0,0,0
26.9921126266301,0,1,0,1,1,0,1,0,5,0,0
26.9917974034276,1,1,1,0,0,0,1,0,4,0,1
1.9884513119633,1,1,1,0,0,0,1,0,2,0,0
12.9911427766209,0,0,0,0,0,0,1,0,4,0,0
12.9801101241752,0,0,0,0,0,0,1,0,4,0,0
7.97927276348995,0,0,0,0,0,1,1,0,3,0,1
26.9958775849454,1,0,0,0,0,1,1,0,5,0,1
21.9770981928038,0,0,0,0,0,0,1,0,5,0,0
17.9958032480296,1,0,0,0,0,0,1,0,0,0,1
2.00129394325751,0,0,0,0,0,1,1,0,3,0,1
26.9921175514271,0,0,0,0,0,0,1,0,5,0,0
28.9981493450007,0,0,0,0,1,0,1,0,2,0,0
15.9946326841224,0,0,0,0,0,0,1,0,2,0,0
2.99586145393537,1,0,0,0,0,0,1,0,3,1,0
27.0030494057957,0,0,0,0,0,0,1,0,0,0,0
1.00840272624861,0,0,1,0,2,0,1,0,3,0,0
26.9899694727286,0,1,0,0,0,0,1,0,2,0,1
27.0024497594682,0,1,0,0,0,0,1,0,5,0,0
26.9949898945609,1,0,1,0,0,0,1,0,5,0,0
24.011379671708,0,1,0,0,0,0,1,0,3,0,0
27.0005615604615,1,0,0,0,0,1,1,0,2,0,0
27.0029132496854,1,1,0,0,1,0,1,0,2,0,0
0.996998370263022,0,0,0,0,0,0,1,0,4,0,0
16.9924072421399,1,0,0,0,0,0,1,0,2,0,0
13.0005486933395,0,1,0,0,0,0,1,0,4,0,0
12.9917713115808,1,0,0,0,0,1,1,0,5,0,0
8.99097350308849,0,1,0,0,0,0,0,1,5,0,0
26.9770669974306,0,0,0,0,0,0,0,1,0,0,1
26.9933676153576,1,0,1,0,0,0,0,1,5,0,1
27.0047744416824,1,0,1,0,0,0,0,0,3,0,0
8.9879530555992,1,0,0,0,1,0,0,0,3,0,0
1.00422303985214,0,0,0,0,1,0,0,0,5,0,1
12.021136059069,1,0,0,0,0,1,0,0,4,0,0
27.0102516028094,1,1,0,0,0,0,0,0,4,0,0
3.97643484908382,0,0,0,0,1,0,0,0,5,1,0
11.9952805799668,0,0,0,0,0,1,0,0,4,0,0
11.9918384759192,1,1,0,0,0,0,0,0,4,0,0
26.0080335055878,1,1,0,0,0,0,0,0,5,0,0
1.00274744396705,0,1,0,0,1,0,0,0,4,0,0
8.99430244914676,0,1,0,0,0,1,0,0,5,0,0
5.99211760655778,1,0,0,0,2,0,0,0,4,0,0
26.9967300103648,1,1,0,0,2,0,0,0,3,0,0
13.019132281197,1,0,0,0,0,0,0,0,2,0,0
2.01187183514695,1,1,0,0,0,0,0,0,3,0,0
27.008970176289,0,1,0,0,2,0,0,0,5,0,1
23.998816887692,0,0,0,0,0,0,0,0,5,1,1
17.9965393595373,1,0,0,0,0,0,0,0,4,0,1
12.0197613356393,0,0,0,0,2,0,0,0,4,0,0
9.0168455748997,1,0,0,0,0,0,0,0,5,0,0
26.9891829753343,0,0,0,0,1,0,0,0,3,1,0
2.99625280833799,0,0,0,0,0,0,1,0,3,0,0
1.00414514529111,0,0,0,0,2,0,0,0,5,0,0
1.01357343085221,0,1,0,0,0,0,0,0,5,0,0
3.01159771317675,0,0,0,0,2,0,0,0,3,0,0
27.0030900971633,0,0,0,0,0,0,0,0,5,1,0
5.01995158956739,1,1,0,0,0,1,0,0,3,0,1
2.00472086771707,0,1,0,0,0,0,0,0,5,0,1
21.9926331447797,1,0,0,0,2,0,0,0,2,1,1
2.00759202334727,0,0,0,0,0,0,0,0,2,0,1
9.00919109400044,0,1,0,0,0,0,0,0,4,0,1
1.99748799496497,1,0,0,0,0,1,1,0,2,0,1
21.0109162866685,0,1,0,0,0,0,1,0,5,1,1
27.9992582389064,0,1,0,0,1,0,1,0,3,0,1
24.0092678125049,0,1,0,0,0,0,0,0,5,1,1
9.98522954126454,1,1,0,0,0,0,1,0,2,0,1
0.999936412138801,1,0,0,0,0,0,0,0,3,0,0
23.9837946834377,0,0,0,0,0,0,0,0,4,0,0
26.9888278231263,0,0,0,0,0,0,0,0,5,0,0
15.9861764178997,0,1,0,0,2,0,0,0,5,0,0
1.97093640873269,1,1,0,0,1,0,0,0,4,0,0
27.0164866981297,0,0,0,0,1,0,1,0,4,1,1
26.9795646475253,1,1,1,0,2,1,1,0,0,0,1
27.0228929249192,1,1,1,0,1,0,1,0,4,0,1
1.00510615336444,0,0,0,0,0,0,0,0,4,0,0
5.99803845886083,0,1,0,0,1,0,1,0,5,0,0
27.0049108939444,1,0,0,0,0,0,1,0,4,0,0
8.99379207521656,0,1,0,0,0,0,1,0,4,0,1
0.996918506620406,1,0,0,0,0,0,1,0,3,0,1
27.0001570648597,0,0,0,0,0,0,1,0,4,1,1
4.00551187351047,1,0,0,0,0,0,1,0,2,0,0
9.99928928209585,0,1,0,0,2,0,1,0,4,0,0
15.0064593944981,0,0,0,0,0,1,1,0,2,0,0
6.98312809789936,1,0,0,0,0,0,1,0,3,0,0
2.98449257636574,1,1,0,0,0,1,1,0,4,0,0
9.01441957245589,1,1,0,0,0,0,1,0,3,1,0
1.99897912765502,1,1,0,0,2,0,1,0,5,0,1
8.01849432031536,1,0,0,0,2,0,1,0,2,1,0
4.00227552526597,0,1,0,0,2,0,1,0,5,0,0
9.00408526498025,1,1,0,0,0,0,1,0,3,0,1
2.00718037255414,1,1,1,0,0,0,1,0,5,0,0
1.00148659186577,1,1,1,0,0,0,1,0,0,0,0
15.9901915199305,1,0,0,0,0,0,1,0,2,0,0
0.993816277517958,0,1,0,0,0,0,1,0,4,0,1
26.9904035493285,0,1,0,0,2,0,1,0,5,0,1
9.00240175784681,0,1,1,0,1,0,1,0,3,0,0
9.99765598148095,1,0,0,0,0,0,1,0,2,0,0
26.9988182456139,0,0,0,0,0,0,1,0,2,0,0
15.0122120270613,0,1,0,0,0,1,1,0,2,0,1
4.0166765114701,1,0,0,0,0,0,1,0,3,0,0
15.9756768451672,0,0,0,0,0,1,1,0,2,1,1
28.0036318712937,0,1,0,0,0,0,1,0,2,0,0
1.98795409459959,1,1,0,0,2,0,1,0,3,0,1
5.00481708967345,1,1,0,0,0,1,1,0,3,0,1
16.9857064434024,1,0,0,0,0,1,1,0,2,0,0
26.9895684645988,1,0,0,0,0,0,1,0,2,0,0
26.9902129647399,1,1,0,0,0,0,1,0,3,0,0
19.9986856205494,0,1,0,0,0,1,1,0,0,0,0
0.993415554800786,0,1,1,0,0,0,1,0,4,0,1
15.0111617819383,0,1,0,0,0,0,1,0,3,0,0
9.9901418153177,1,1,0,0,0,0,1,0,5,0,0
20.0014544175183,0,0,1,0,0,0,1,0,3,0,1
1.99555846156328,1,1,0,0,0,1,1,0,4,0,1
10.9994946420131,0,1,0,0,0,0,0,1,4,0,0
20.9781885778171,1,1,0,0,0,0,0,1,2,0,1
27.0064994301825,1,1,0,0,0,0,0,1,3,0,0
1.01224259178622,1,0,0,0,2,0,0,1,2,1,1
1.00434600930093,1,1,0,0,1,0,0,1,5,0,0
26.9912665407346,0,1,0,0,0,0,0,1,2,0,0
6.01223616581448,1,1,0,0,0,0,0,1,3,0,0
31.996763948008,0,1,0,0,0,0,0,1,5,0,0
11.0028271361865,1,1,0,0,0,0,0,1,3,0,0
22.9777240116764,1,1,0,0,0,0,0,1,3,0,0
26.9913303421411,0,1,0,0,0,0,0,1,3,0,0
1.00281319261962,0,0,0,0,2,0,0,0,3,0,0
3.97701297614198,0,0,0,0,1,0,0,0,3,0,0
7.01070941455511,1,0,0,0,1,0,0,0,4,0,0
27.0033931748156,0,1,0,0,0,0,0,0,3,0,0
35.9933240231466,0,1,0,0,0,0,0,0,5,0,0
27.0109954144459,1,0,1,0,0,0,0,0,3,0,0
2.99855638724806,0,1,0,1,0,1,0,0,3,0,0
1.9958308379893,1,1,1,0,0,1,0,0,2,0,0
12.990387191122,0,0,0,0,0,0,0,0,4,0,1
2.00305577026388,0,1,0,1,2,0,0,0,2,0,1
6.99979891733779,1,0,0,0,0,0,0,1,2,0,0
8.99886946625149,0,0,1,0,0,0,0,0,2,0,0
26.9933596181697,0,0,0,0,1,0,0,0,5,0,0
1.00166931304198,1,0,0,0,0,0,0,0,4,0,0
12.0113257181699,0,0,0,0,0,0,0,0,4,0,0
24.9735507355149,1,0,0,0,2,0,0,0,5,0,0
2.99913678330426,1,1,0,0,2,0,0,0,2,0,0
12.9925069640167,1,1,0,0,0,0,0,0,3,0,0
23.9952784181029,1,1,0,0,2,0,0,0,5,0,0
26.9850315217693,1,1,0,0,0,0,0,0,5,0,0
7.00597444490204,0,0,0,0,0,1,1,0,2,0,0
26.9976121891329,1,0,0,0,0,0,0,0,3,1,0
4.00986006743321,0,1,0,0,0,0,0,0,2,0,0
23.0016273457955,1,0,0,0,0,0,0,0,0,1,0
26.9912354814754,0,0,0,0,0,0,0,0,2,0,0
26.9921935970425,0,0,0,0,1,1,0,0,3,0,0
8.01005728248767,1,0,0,0,2,1,0,0,3,0,0
11.9835665907847,0,1,0,0,2,0,0,0,4,0,0
8.00727809957916,1,1,0,0,2,0,0,0,3,1,0
33.0023435293912,1,1,1,0,0,0,1,0,5,0,0
6.00335053627647,1,1,0,0,0,0,1,0,2,1,0
0.999853925752054,1,1,0,0,0,0,0,0,5,0,0
20.9908020898646,0,0,0,0,0,0,1,0,2,0,0
27.0022663578366,1,1,1,0,2,0,0,0,5,0,0
12.0236062167026,1,1,0,0,0,0,1,0,5,0,1
27.0022611422818,0,0,0,0,2,0,0,0,2,0,0
14.9946764442884,1,0,0,0,2,1,0,0,3,0,0
14.9965003391888,0,0,0,0,1,0,1,0,0,0,0
25.9909145829559,1,0,0,0,0,0,1,0,2,1,0
6.99805764894696,0,0,0,0,0,0,1,0,4,0,0
5.00734013017304,1,1,0,0,2,1,1,0,2,0,0
26.9705626321319,1,1,0,0,2,0,0,0,3,0,0
22.0106228405921,0,1,0,0,2,0,1,0,2,0,0
1.99665250700422,0,0,0,0,2,0,1,0,2,0,1
0.993067055619835,1,0,1,0,2,0,1,0,4,0,0
3.00556467080499,0,1,0,0,0,0,1,0,4,0,1
1.00494008915804,0,1,1,0,0,0,1,0,3,0,1
18.9895400777964,1,0,1,0,0,0,1,0,4,0,0
6.01005061606978,0,1,0,0,0,1,1,0,2,0,0
2.01072242217183,0,0,0,0,2,0,1,0,3,1,0
13.0080381027477,1,0,0,0,2,1,1,0,2,0,0
5.99784550835893,0,0,0,0,2,0,1,0,5,1,0
27.9986788897654,0,0,0,0,0,0,1,0,3,0,0
16.0049722001972,0,0,0,0,0,1,1,0,2,0,0
26.9985282713977,1,1,0,0,0,0,1,0,4,0,0
0.995533568231514,1,0,0,0,0,0,1,0,3,0,1
11.9988607715293,0,0,1,0,0,0,1,0,3,0,0
14.0096288769316,1,0,0,0,0,0,1,0,3,0,0
2.98211380354185,0,0,0,0,0,0,1,0,0,0,0
5.98279577464581,0,0,0,0,0,0,1,0,5,0,1
17.9991076275877,0,0,0,0,0,0,1,0,3,0,0
2.98864329189299,0,0,0,0,0,0,1,0,4,0,0
13.9829524927592,0,0,0,0,0,0,1,0,3,0,0
13.9828697873603,1,0,0,0,1,0,1,0,2,0,0
2.00142570810552,1,0,0,0,0,0,1,0,2,0,0
26.9975123259938,1,0,0,0,0,0,1,0,5,0,0
2.99672087038622,1,0,0,0,0,0,1,0,3,0,0
22.9892684017024,1,0,0,0,0,0,1,0,4,0,1
13.005800051561,1,1,0,0,0,0,1,0,3,0,1
12.988813555144,1,0,0,0,0,0,1,0,3,0,0
1.99452447139111,1,0,0,0,0,0,1,0,3,0,0
1.01261847488207,0,0,0,0,0,0,1,0,4,0,0
1.00627343562337,1,0,0,0,0,0,1,0,3,0,1
4.99180105609618,1,0,0,0,0,0,1,0,4,1,0
1.00089478015294,1,1,0,0,0,0,1,0,4,0,0
2.01601967153608,0,0,0,0,0,0,1,0,3,1,0
2.9762782210376,0,1,0,0,0,0,1,0,1,0,0
14.0016011878453,0,0,0,0,0,0,1,0,4,0,1
27.0034051479412,1,1,0,0,0,0,1,0,5,0,0
3.00220181659308,0,1,0,0,0,0,1,0,4,1,0
5.97746658556523,1,0,0,0,0,0,1,0,2,0,0
6.98976679269808,1,0,0,0,2,0,1,0,3,0,0
1.00664359741321,1,1,0,0,0,0,1,0,3,0,0
0.983167463949279,0,0,0,0,0,0,1,0,4,1,0
3.01465444434675,0,1,0,0,0,0,1,0,5,0,0
10.9999865786724,1,0,0,0,0,0,1,0,3,0,0
6.99802472512047,1,0,0,0,0,0,1,0,3,0,0
2.00484305271729,0,1,0,1,0,0,1,0,5,0,1
13.9897608402495,1,0,0,0,2,0,1,0,5,0,1
3.99719686603783,1,1,0,0,0,1,0,1,5,0,1
23.9868007225767,1,0,0,0,0,0,0,1,3,0,0
4.01269684483525,0,1,0,0,0,0,0,1,2,0,0
26.9978728537539,1,1,0,0,0,0,0,1,4,1,0
9.00551437478055,1,0,0,0,1,1,0,1,2,1,0
2.00250428466174,1,1,0,0,0,0,0,1,2,0,1
8.02907122022558,0,1,0,0,0,1,0,1,2,0,0
11.9998515205993,0,0,0,0,1,0,0,1,3,0,0
5.00622290494644,0,0,0,0,0,0,0,1,5,1,1
3.01000507772706,0,0,0,0,0,0,0,1,3,0,1
14.0054833658158,1,1,0,0,0,0,0,0,4,0,0
2.99570793335092,0,1,0,0,0,0,0,0,5,0,0
1.99375989793036,1,0,0,0,0,0,0,0,4,0,1
2.99473470770687,1,0,0,0,0,0,0,0,3,0,1
26.9874581260477,1,0,0,0,2,0,0,0,0,0,1
14.0036144538359,0,1,0,0,0,0,0,0,2,0,0
20.9928006879295,0,0,0,0,0,0,0,0,0,0,0
13.9900823626316,1,1,0,0,0,1,0,0,2,0,1
1.00602470039958,1,0,0,0,2,0,0,0,5,0,0
17.0205691830537,1,0,0,0,0,0,0,0,4,0,0
27.0199194083316,0,0,0,0,0,0,0,0,0,0,1
0.990089064607923,0,1,0,0,0,0,0,0,4,0,0
18.9925317712539,1,1,0,0,0,0,0,0,2,0,0
21.999359526941,0,0,0,0,0,0,0,0,2,0,0
0.98927047138758,1,1,1,0,0,0,0,0,5,0,0
0.990957096777401,1,0,0,0,2,0,0,0,3,0,1
15.0038875661523,1,1,0,0,0,1,0,0,2,0,1
9.98661635845776,1,0,0,0,0,0,0,0,0,1,1
27.0074010083084,0,1,0,0,0,0,0,1,5,0,0
27.0114294578817,1,1,0,0,1,0,0,0,3,0,0
1.0173232884167,0,0,1,0,0,0,0,0,0,0,0
12.9961396281019,1,1,0,0,0,0,0,0,3,0,0
0.99418430780335,1,0,0,0,2,0,0,0,3,0,0
26.9903369215386,1,1,0,0,0,0,0,0,3,0,0
10.0144318912484,1,1,0,0,2,0,0,0,2,0,1
15.0088266478075,0,1,0,0,0,0,0,0,4,0,1
2.01782426270996,0,0,0,0,0,0,0,0,4,1,1
14.9997091948798,1,1,0,0,1,0,0,0,4,0,1
29.0104789193028,0,0,1,0,0,0,0,0,5,0,0
4.01580342337578,1,0,0,0,0,0,0,0,3,0,1
10.002208311936,0,1,1,0,2,0,0,0,2,0,1
1.01541729878747,1,1,0,0,0,0,0,0,3,0,1
10.0074518133242,1,1,0,0,0,0,0,0,2,0,1
1.00806031859014,1,0,0,0,0,0,0,0,5,1,0
3.01901820957189,1,1,0,0,2,0,1,0,4,0,1
10.0036494001603,1,0,0,0,0,0,1,0,4,0,1
27.9997903133296,1,0,0,0,0,0,1,0,4,0,1
26.9924239470537,0,1,0,0,0,0,1,0,2,0,1
28.0127783148075,0,1,0,0,0,0,0,0,3,0,1
26.9943915960471,0,0,0,0,0,0,1,0,3,1,1
19.0043858414944,1,0,0,0,2,0,0,0,4,1,1
16.0047546078733,1,0,0,0,2,0,0,0,4,0,1
9.00383241416148,1,0,0,0,2,0,0,0,4,0,1
2.00118292050102,1,0,0,0,1,0,0,0,5,0,1
15.0030819974639,0,0,0,0,0,0,1,0,3,0,0
26.9922638909498,1,1,0,0,0,0,1,0,0,0,1
4.0174152059308,0,0,0,0,0,0,1,0,3,0,0
3.99501102543285,0,0,0,0,2,1,1,0,3,0,0
26.9937679379764,1,1,0,0,0,0,1,0,3,0,0
15.9930820726475,0,0,0,0,0,0,1,0,3,0,0
4.01565457485877,0,0,0,0,0,0,1,0,5,0,0
23.9899965301628,0,0,0,0,0,0,1,0,2,0,0
26.9930854164595,1,0,0,0,0,0,1,0,2,0,0
5.97055184494868,0,0,0,0,0,0,1,0,2,1,0
16.0074834142325,1,0,0,0,2,0,1,0,2,0,0
2.02179127220648,1,1,0,0,2,0,1,0,5,1,0
6.99924714266394,1,1,0,0,0,0,1,0,4,0,0
30.9984381777809,1,1,0,0,0,0,1,0,2,0,0
17.986789057406,0,1,0,0,0,0,1,0,4,0,0
9.00453974505092,0,1,0,0,1,0,1,0,2,0,0
3.9835417859132,0,0,0,0,0,0,1,0,1,0,0
7.00620270338088,0,0,0,0,2,0,1,0,3,0,0
24.016487320418,0,1,0,0,0,0,1,0,3,0,0
4.00615426357721,1,0,0,0,0,0,1,0,3,1,0
13.0042126211272,0,0,0,0,0,0,1,0,3,0,0
29.9873663497968,0,1,0,0,0,0,1,0,4,0,0
26.9853864069722,1,1,1,0,0,0,1,0,2,1,1
21.9943372393053,1,0,0,0,2,0,1,0,3,1,0
2.99725106306725,1,1,0,0,2,0,1,0,3,0,1
0.999615344585081,0,1,0,0,0,0,1,0,2,1,1
23.9945955155333,1,0,0,0,0,1,1,0,2,0,1
1.99633871611421,1,0,0,0,0,0,1,0,5,0,0
16.9960392732846,0,1,0,0,0,0,0,0,2,0,0
12.0114355532109,0,1,0,0,0,0,1,0,2,0,0
0.992862163249422,1,0,0,0,0,0,1,0,5,0,0
5.00147004845487,1,0,0,0,0,1,1,0,2,0,0
0.996973807773396,1,0,0,0,2,0,1,0,2,0,0
1.01559714516921,0,0,1,0,0,0,1,0,5,0,0
7.01149469732776,1,0,0,0,2,0,1,0,4,0,1
13.9978239638612,0,0,0,0,0,0,1,0,4,1,0
0.99355915623669,1,0,1,0,0,0,1,0,4,0,0
7.99497611684651,1,1,0,0,0,0,1,0,4,0,0
1.0014107587522,1,0,0,0,0,0,1,0,2,0,0
0.996608007433726,0,0,0,0,0,0,1,0,2,0,0
26.9987107285949,0,0,0,0,1,0,1,0,3,0,0
26.9981192974054,0,0,0,0,0,1,1,0,5,1,1
4.01729156238614,0,0,0,0,1,0,1,0,4,0,1
1.00342831983709,0,0,0,0,0,0,1,0,3,0,0
11.0090442961017,0,0,1,0,0,0,1,0,4,0,1
0.996818506522776,1,0,0,0,2,0,1,0,5,1,0
15.98133868352,1,1,0,0,0,0,1,0,4,0,0
32.0006728339306,0,0,0,0,0,0,1,0,3,0,0
0.974182380218511,0,0,0,0,0,0,1,0,5,0,0
3.00981222662536,1,0,1,0,0,0,1,0,3,0,1
20.9892627481543,0,0,0,0,0,0,1,0,2,1,1
26.9946346891767,0,1,0,0,1,0,1,0,3,0,0
9.00633888990951,1,0,0,0,0,0,1,0,3,0,0
20.9937427429787,1,0,0,0,0,0,1,0,4,0,0
0.990578032435337,1,1,1,0,0,0,1,0,2,0,1
27.0010159731596,0,0,0,0,0,0,1,0,3,0,0
0.990292659910606,1,1,0,0,0,0,1,0,3,1,1
1.01230852979253,0,0,0,0,0,0,1,0,4,0,0
34.0046487658618,0,0,0,0,1,1,0,1,5,1,0
5.00090704428129,0,0,0,0,0,0,0,1,3,1,0
2.00944749832594,1,0,0,0,0,1,0,1,2,0,0
12.004977813714,1,0,0,0,1,0,0,1,3,0,0
21.0042098589071,0,0,0,0,1,0,0,1,4,1,1
27.0006710978354,0,1,0,0,0,1,0,1,3,0,1
0.99120593353376,1,0,0,0,0,0,0,1,4,0,1
3.99969021954617,0,1,0,0,0,0,0,1,5,0,0
3.98345576912963,0,1,0,0,0,0,0,1,5,0,0
29.9993717862312,0,0,0,0,0,0,0,1,5,0,0
26.9922053033572,1,1,0,0,0,0,0,1,5,0,0
4.98586641399195,0,1,0,0,0,0,0,0,2,0,1
24.9902403489391,0,0,0,0,1,0,0,0,5,1,1
25.9970479610878,1,1,0,0,1,0,0,0,5,0,1
27.0010889050526,1,0,0,0,0,0,0,0,5,0,1
26.9945103973911,0,0,0,0,2,0,0,0,3,1,0
3.99787562474676,0,1,0,0,0,0,0,0,2,1,0
1.98384549282788,0,0,0,0,0,0,0,0,5,0,0
22.0052106633176,0,0,0,0,1,0,0,0,5,0,0
1.00919283959901,0,1,0,0,1,0,0,0,2,0,0
27.0108361861418,0,0,0,0,2,0,0,0,3,1,0
1.0078026937583,0,0,0,0,2,0,0,0,5,0,0
11.9968390424384,1,0,0,0,2,0,0,0,3,0,1
26.9956729562997,0,0,0,0,0,0,0,0,2,0,0
27.0107445242152,1,0,0,0,0,0,0,0,3,1,0
21.9964766358542,0,0,0,0,2,0,0,0,5,1,1
27.0046943199604,0,0,0,0,2,0,0,0,2,1,0
11.0171394560997,1,1,0,0,0,0,1,0,5,0,0
4.99156907622376,1,0,0,0,2,0,0,0,5,1,0
17.9996723010819,1,0,0,0,0,1,1,0,2,0,0
13.9874970568412,0,0,0,0,2,0,0,0,4,0,0
31.0044373004696,0,1,0,0,0,0,1,0,5,0,0
21.002615251556,1,1,0,0,1,0,0,0,3,0,0
26.9987280886794,1,1,0,0,0,0,0,0,1,0,0
19.9917227638775,0,0,0,0,0,0,0,0,0,1,1
1.01037353001466,1,0,0,0,0,0,0,0,3,0,1
1.0009415017816,1,0,0,0,0,0,0,0,4,0,1
21.0066015177863,0,1,0,0,2,0,0,0,1,0,0
27.9845469026675,0,0,0,0,0,0,0,0,1,1,0
13.9891921151429,1,0,0,0,2,0,0,0,1,1,0
10.0137405990407,1,1,0,0,2,0,0,0,4,0,0
27.0150187545797,1,0,1,0,0,0,0,0,4,1,0
1.01607488554608,0,1,1,0,2,0,0,0,5,0,0
1.0166745809553,0,1,1,0,0,0,0,0,5,0,0
9.00515665498176,1,0,0,0,0,0,0,0,2,0,0
1.006013100245,1,0,0,0,2,0,0,0,5,0,0
25.9951055499371,0,0,0,0,0,0,0,0,2,0,0
32.9844139356214,0,0,0,0,1,0,0,0,4,0,0
27.0124008731403,1,1,0,0,0,0,0,0,4,1,0
6.99506664717926,0,0,0,0,0,0,0,0,4,0,0
3.01213615068793,1,0,0,0,0,0,1,0,4,1,0
2.99718519686105,0,0,0,0,2,0,1,0,3,0,0
21.9870179462843,0,1,0,0,1,0,0,0,2,0,0
26.9861351134406,0,0,1,0,0,0,1,0,4,0,0
27.0033853366264,0,0,1,0,0,0,1,0,4,0,0
8.99950093741109,1,1,0,0,0,0,1,0,3,0,0
30.0089441355917,1,1,0,0,0,0,0,0,4,0,0
2.99735829361862,0,0,0,0,0,0,1,0,3,1,0
6.00153888284356,0,1,0,0,0,0,0,0,3,0,0
24.9786087255019,0,0,0,0,2,0,1,0,4,0,0
4.99703379196854,0,1,0,0,0,0,0,0,2,0,0
1.00092722600909,1,0,1,0,0,0,1,0,4,0,0
1.00297934837164,0,1,0,0,1,0,1,0,2,0,0
10.0040925984091,1,0,1,0,0,1,1,0,2,0,0
27.0119112788869,1,0,0,0,0,0,1,0,5,0,0
26.9926586555188,0,1,0,0,0,0,1,0,2,0,0
1.98861638223818,1,1,0,0,0,0,0,0,4,0,0
27.0054954128707,0,1,0,0,0,0,1,0,5,0,1
2.00659053876067,0,1,1,0,0,0,1,0,3,0,0
7.99771259721474,0,1,0,0,0,0,1,0,5,0,0
0.990041039862478,0,0,0,0,0,0,1,0,0,1,1
3.01054989088838,0,1,0,0,0,0,1,0,4,0,0
13.9856181041917,0,0,0,0,0,0,1,0,4,1,0
3.00449193256501,0,0,1,0,0,0,1,0,0,0,0
6.01227181203711,0,0,0,0,0,0,1,0,5,0,1
7.0067503372287,0,0,0,0,0,0,1,0,4,0,0
0.987432160980062,1,0,0,0,0,0,1,0,4,0,0
9.9966825461025,1,1,0,0,0,0,1,0,4,0,0
24.9943491139548,0,0,0,0,0,0,1,0,3,1,0
27.0212034565945,0,0,0,0,2,0,1,0,0,0,0
8.99346339784688,1,0,0,0,0,0,1,0,2,0,0
26.9891220645618,0,0,1,0,0,0,1,0,5,1,0
0.994487277526345,0,0,0,0,0,0,1,0,5,0,0
2.98986926299345,1,0,0,0,0,0,1,0,3,0,0
8.99061561604784,1,1,0,0,0,1,1,0,3,0,1
26.9822011155653,0,0,0,1,0,0,1,0,4,0,0
19.009614770013,1,0,0,0,0,0,1,0,0,0,0
2.00122209241248,1,0,0,0,0,0,1,0,4,0,0
2.99642167033574,0,1,0,0,0,0,1,0,5,0,0
8.99472297807391,0,0,1,0,0,0,1,0,5,0,0
3.00243902409359,0,0,0,0,0,0,1,0,1,0,0
26.9877159650655,0,1,0,0,0,0,1,0,0,0,0
12.0137379560213,0,0,0,0,0,1,1,0,4,0,0
27.003637635289,0,0,0,0,2,0,1,0,2,1,0
16.9982691438668,1,1,0,0,1,0,1,0,2,1,0
4.98367975455515,0,0,0,0,0,0,1,0,3,0,1
1.01061448035573,1,0,0,0,2,0,1,0,3,0,0
14.9835471611262,1,0,0,0,0,0,1,0,4,0,0
15.9967412185485,0,0,0,0,0,0,1,0,5,0,0
7.98784681090245,1,0,0,0,0,0,1,0,3,0,0
14.009150673017,1,1,0,0,0,0,1,0,3,0,0
14.0020213750161,0,1,0,0,0,0,1,0,5,0,0
26.9996385386767,0,1,0,0,0,0,1,0,1,0,0
20.9944805862701,0,1,0,0,0,0,1,0,4,0,0
18.0047898316424,0,1,0,0,1,0,1,0,3,0,0
14.9889359127237,0,1,0,0,0,0,1,0,3,0,0
2.0045782796788,0,1,0,0,0,0,1,0,2,0,0
25.0104388807679,1,0,0,0,0,0,1,0,0,0,0
6.99372244303861,0,0,0,0,0,0,1,0,5,0,0
26.9863116970054,1,0,0,0,0,0,1,0,4,0,0
0.996475032675313,1,1,0,0,0,0,1,0,5,0,0
5.99562233810648,1,0,0,0,2,0,1,0,3,1,1
15.0084310939283,0,0,0,0,0,1,1,0,2,0,0
0.991027401156778,0,1,0,0,1,1,1,0,4,0,0
4.00947739092348,0,0,0,0,0,0,1,0,5,0,0
44.9958557377384,0,1,0,0,1,0,0,1,3,0,0
4.00326795233832,0,0,0,0,0,0,0,1,5,0,0
4.01816828377826,0,0,0,0,1,0,0,1,4,0,0
2.99563118709654,0,1,0,0,0,0,0,1,5,0,0
6.00328140801397,1,0,0,0,0,0,0,1,3,0,0
0.996442508846055,1,0,1,0,0,0,0,0,4,0,0
18.9789378472876,0,1,1,0,1,0,0,1,5,0,0
27.0192640534187,0,1,0,0,0,0,0,0,4,0,0
12.0005489061505,0,1,0,0,0,1,0,0,4,0,0
27.0138110020119,1,1,0,0,0,0,0,0,2,0,0
27.0094973139918,0,1,0,0,0,0,0,0,3,0,0
28.0092690741109,1,0,0,0,0,0,0,0,4,1,0
8.00483991422037,1,1,0,0,0,1,0,0,4,0,1
26.0119709899488,0,0,0,0,0,0,0,1,0,0,0
27.016910547735,0,1,0,0,0,0,0,0,3,0,1
1.99668747206269,0,1,0,0,0,0,0,0,4,0,1
1.99888506499946,1,0,0,0,2,0,0,0,3,1,1
15.0134509378137,1,0,1,0,0,1,0,0,4,0,1
11.9940553116773,0,1,0,0,0,1,0,0,2,0,0
8.98036706031243,1,0,0,0,1,0,0,0,4,0,0
12.9952798410927,0,1,0,0,0,0,0,0,4,0,0
27.0062475844661,1,1,0,0,1,0,0,0,4,0,0
0.995184448928339,1,0,0,0,2,0,0,0,3,0,0
0.981478725813688,0,0,0,0,2,0,0,0,4,0,0
1.00769823822031,0,0,0,0,0,0,0,0,3,0,0
27.0030780428397,0,1,0,0,2,0,0,0,4,1,0
30.0039200737274,1,0,0,0,0,0,0,0,4,0,0
5.99038392749526,1,0,0,0,0,1,0,0,2,0,0
0.983372807234348,0,1,0,0,2,0,0,0,4,0,0
27.0010688689331,0,0,0,0,1,0,0,0,2,0,0
8.99295750329522,1,1,1,0,1,0,0,0,2,0,0
7.01658086344851,0,1,0,0,0,0,0,0,4,0,1
10.9916549705117,0,0,0,0,0,0,0,0,5,1,1
24.991276043334,0,0,0,0,0,0,0,0,4,0,0
1.00554446355307,0,1,0,0,2,0,1,0,3,0,0
15.0021130322835,0,0,0,0,0,1,1,0,3,0,0
31.0022558110103,1,0,0,0,2,0,1,0,0,0,0
27.0125817633912,1,1,0,0,0,0,0,0,3,0,0
28.0090887975964,1,0,0,0,0,0,1,0,4,0,0
8.0055384252938,1,0,0,0,0,0,1,0,3,0,0
1.99045444209058,1,0,1,0,0,0,1,0,5,0,0
16.9924020420899,0,0,0,0,1,0,1,0,2,0,0
12.0087760498196,0,1,0,0,0,1,1,0,4,0,0
2.00058213882659,1,0,0,0,2,0,0,0,2,1,0
12.0090647408027,0,0,0,0,0,0,1,0,3,0,0
3.00448158119743,1,1,0,0,0,0,1,0,2,0,0
24.0194203965896,1,0,0,0,0,0,1,0,5,0,1
6.00617942850836,1,0,0,0,0,0,1,0,4,0,0
7.98225765771322,0,0,0,0,0,0,1,0,3,0,0
20.014684781461,0,0,0,1,0,0,1,0,2,1,0
27.0062639919161,0,0,0,1,0,0,1,0,0,0,1
1.98849555715829,1,0,0,0,0,0,1,0,3,0,0
14.99519539082,1,0,0,0,0,0,1,0,2,1,0
9.00697740087744,0,0,0,0,1,1,1,0,3,0,0
0.996178039707216,1,1,0,0,0,0,1,0,3,0,0
27.0034446504774,1,0,0,0,0,0,1,0,4,0,1
19.0126926029559,0,1,0,0,2,0,1,0,4,0,0
12.0041259533536,0,0,0,0,0,0,1,0,1,0,0
27.9864023987248,1,0,1,0,0,0,1,0,3,0,1
27.02070046067,1,1,0,0,0,0,1,0,3,0,0
5.996575107662,1,1,0,0,0,0,1,0,2,0,0
8.01495030534334,1,0,0,0,0,0,1,0,5,0,0
5.01074304976949,1,1,0,0,0,0,1,0,2,0,0
23.0091855444518,0,1,0,0,0,0,1,0,3,0,0
14.0003960403964,0,0,0,0,0,0,1,0,3,0,0
5.99391042614599,0,1,1,0,1,0,1,0,3,0,0
1.97801269800996,1,0,0,0,0,0,1,0,4,0,0
0.986598289252814,1,1,0,0,0,0,1,0,2,0,1
20.9950072579338,1,0,0,0,0,0,1,0,5,0,0
27.005580191666,0,0,0,0,0,0,1,0,5,0,0
26.0199380982001,0,0,0,0,0,0,1,0,0,0,0
6.00754386410844,0,1,0,0,1,0,1,0,2,0,0
27.0039503471626,0,0,0,0,0,0,1,0,4,0,0
4.98211514471815,1,1,0,0,0,0,1,0,4,0,0
0.981027343715003,1,0,0,0,0,0,1,0,3,0,0
1.01764209387824,0,0,0,0,0,0,1,0,4,0,0
9.99265095650067,0,1,0,0,0,0,0,1,4,0,0
9.99573838564696,0,0,0,0,0,0,0,1,3,0,0
1.00154495597971,1,0,0,0,1,0,0,1,2,0,0
26.9882566167869,0,1,0,0,0,0,0,1,2,0,0
0.999553014856215,1,1,0,0,0,0,0,0,5,0,1
7.00895566054229,0,0,0,0,0,0,0,0,5,0,0
26.9994629446587,0,0,0,0,0,1,0,0,2,0,0
0.992395103183013,0,1,0,0,0,0,0,0,3,0,0
5.00572360714571,1,0,0,0,0,1,0,0,4,1,0
9.01444899819836,0,0,0,0,1,1,0,0,4,0,0
19.0019609500508,1,0,0,0,1,1,0,0,3,0,0
27.0035491895544,0,1,0,0,0,0,0,0,0,0,0
26.9973641114212,1,0,0,0,1,1,0,0,2,0,0
26.0075966348949,0,0,0,0,0,0,0,0,3,0,0
1.98832016594245,1,0,0,0,0,0,0,0,5,0,0
0.99007139380606,0,1,0,0,0,0,0,0,3,0,1
28.0131627863018,0,1,0,0,2,0,0,0,2,0,0
9.01153965309282,1,0,0,0,0,0,0,0,4,0,0
1.00460650635731,1,0,0,0,0,0,0,0,5,0,1
27.0030868848541,0,0,0,0,0,0,0,0,0,0,1
9.99358706512481,1,0,0,0,2,0,0,0,2,0,0
28.0098244687026,0,0,0,0,0,0,0,0,3,0,1
24.001768257194,1,1,0,0,1,1,0,0,4,0,0
14.0093168497078,1,0,0,0,0,0,0,0,2,1,1
27.0017325813169,0,1,0,0,0,0,1,0,4,0,1
5.99086480810164,0,1,0,0,0,0,0,0,2,0,1
5.00294557728836,0,0,0,0,2,0,0,0,3,0,1
0.997401947902283,1,0,0,0,0,0,1,0,5,0,1
3.99286187260173,1,0,0,0,1,0,1,0,2,0,1
27.0015085655779,0,1,0,0,0,0,0,0,2,0,1
1.00439809897066,0,0,0,0,0,0,1,0,2,0,1
7.00345815384246,1,0,1,0,0,0,1,0,2,1,1
1.00611623890111,1,1,0,0,1,0,0,0,3,0,0
27.0033251522498,0,1,1,0,0,0,1,0,2,0,1
6.00197169109774,1,0,0,0,0,1,1,0,2,0,1
3.01885335898201,0,1,0,0,0,0,1,0,3,0,1
27.0000228279704,0,1,0,0,2,0,0,0,5,0,0
4.00007932525479,0,0,0,0,2,0,0,0,5,0,0
20.9858528360879,0,1,0,0,0,0,1,0,3,0,0
26.9849870514193,1,1,0,0,1,1,1,0,4,0,0
27.0210167268567,1,1,0,0,1,0,1,0,5,0,1
11.9862559656876,1,0,0,0,0,1,1,0,3,0,1
26.9930244689294,0,1,0,0,0,0,1,0,2,0,1
1.00474054330204,1,0,1,0,2,0,1,0,3,0,1
4.01596131847276,1,0,0,0,2,0,1,0,3,1,1
0.997762433125814,0,0,0,0,0,0,1,0,5,1,1
0.996371619443518,0,0,0,0,0,0,1,0,4,0,0
6.00204912003825,1,0,0,0,2,0,1,0,2,1,0
7.01140087343842,1,0,0,0,0,0,1,0,3,0,0
27.0028456493959,1,0,0,0,2,0,1,0,4,0,0
0.993775609986953,0,0,0,0,2,0,1,0,3,0,0
1.00054867185137,1,1,0,0,0,0,1,0,3,0,0
1.00263319889569,1,0,0,0,1,0,1,0,5,0,0
26.9882668122939,1,0,0,0,0,0,1,0,2,0,0
6.99628967710872,0,1,0,0,0,0,0,0,5,1,0
27.0221304422753,1,1,1,0,0,0,1,0,3,0,0
1.00897810668442,0,1,0,0,0,0,1,0,2,0,0
7.00703302804378,1,0,0,0,1,0,1,0,3,0,0
18.0034683323547,0,0,0,0,0,1,1,0,2,1,0
7.00841695285386,0,0,0,0,0,0,1,0,3,0,0
27.0070408851521,0,0,0,0,0,0,1,0,5,0,0
27.0064210228023,1,0,1,0,0,0,1,0,3,0,0
3.98903576050025,1,0,0,0,1,1,1,0,3,0,0
1.01296792210264,1,1,1,0,0,0,1,0,2,0,0
15.0007426421316,0,0,1,0,0,0,1,0,4,0,0
5.98707178182709,1,1,0,0,0,0,1,0,3,0,0
10.9752422855675,1,1,0,0,1,0,1,0,3,0,0
1.00135483640779,0,0,0,0,0,0,1,0,4,0,0
10.9908628968363,0,1,0,0,2,0,1,0,2,0,0
15.0146063126954,0,0,0,0,0,1,1,0,3,0,0
7.00189281974713,1,0,0,0,0,0,1,0,4,0,0
12.0036116189447,1,0,0,0,0,1,1,0,4,0,0
6.01719039373009,0,1,0,0,1,0,1,0,5,0,0
18.9950029920075,0,0,0,0,0,0,1,0,4,0,0
7.01983168709931,1,0,0,0,0,0,1,0,3,0,0
6.00662946922757,1,0,0,0,1,0,1,0,3,1,0
8.00238811855359,0,0,0,0,0,0,1,0,4,0,0
1.02130974871675,0,1,1,0,2,0,1,0,5,0,1
26.9945441767862,1,1,0,0,0,0,1,0,5,0,0
6.99771147776039,1,1,0,0,1,1,1,0,2,0,1
8.00328539526406,1,1,0,0,0,0,1,0,2,0,0
26.9851548053973,0,0,0,0,0,1,1,0,2,0,0
1.99191831649478,1,0,1,0,1,0,1,0,4,0,0
1.0156831714488,1,1,0,0,0,0,1,0,0,0,0
2.00039735179549,1,0,0,0,0,1,1,0,2,0,0
9.9982638176058,0,1,0,0,0,0,1,0,2,0,0
26.9966349852065,1,1,0,0,0,0,1,0,5,0,0
0.997597735721638,0,0,0,0,0,0,1,0,2,0,0
7.99550152312307,0,0,0,0,0,0,1,0,4,0,0
7.00548573408088,0,0,0,0,0,1,1,0,3,0,1
1.02211815310625,0,1,0,0,0,0,1,0,5,0,0
26.9890321656281,1,0,1,0,0,0,0,1,4,0,0
41.0148399823442,1,1,0,0,0,0,0,1,4,0,0
41.994616375823,1,0,0,0,0,0,0,1,4,0,0
26.9999104430051,1,1,0,0,0,0,0,1,3,0,0
9.99228263558729,0,0,0,0,0,1,0,1,3,0,1
0.991338204854202,1,0,0,0,0,0,0,1,3,0,1
23.9853081675801,0,0,0,0,1,0,0,1,0,1,1
10.0061083936355,1,0,0,0,0,0,0,1,4,1,1
26.9950105426053,0,0,0,0,1,0,0,1,3,1,1
3.98441255183704,0,1,0,0,0,0,0,1,4,0,1
26.9987540410902,1,1,0,0,0,0,0,1,2,0,1
0.99908220905277,0,1,0,0,1,0,0,1,5,0,1
24.0032320309671,1,0,0,0,0,0,0,0,3,0,0
1.00274719079254,0,0,0,0,1,0,0,0,2,1,0
2.00408160779121,1,1,0,0,0,0,0,0,4,1,1
1.00043951609259,0,1,0,0,0,0,0,0,2,1,1
31.9920143616747,0,1,0,0,0,0,0,0,4,0,1
1.00675913579476,1,1,0,0,0,0,0,0,4,0,1
4.99305418617859,0,1,0,0,1,1,0,0,4,0,1
27.9905407187807,1,0,0,0,1,0,0,0,5,0,1
19.0003475789151,0,1,0,0,0,0,0,0,3,0,1
2.01632626759949,0,1,0,0,1,0,0,0,3,0,1
7.01893545797427,1,0,0,0,0,0,0,0,2,0,1
1.00942586361218,0,1,0,0,0,1,0,0,4,0,1
1.00094071344382,1,0,0,0,0,0,0,0,2,0,1
17.9933493169817,1,0,0,0,0,1,0,0,3,0,1
6.99047149779328,0,0,0,0,2,0,0,0,4,0,0
12.0048181624863,0,1,0,0,0,1,0,0,4,0,0
19.0035912369789,1,0,0,0,0,0,0,0,5,0,0
2.99686181598689,1,0,0,0,0,0,0,0,2,0,0
13.0115992122299,1,1,0,0,0,1,0,0,4,0,0
8.00664880419549,0,1,0,0,0,0,0,0,3,0,0
27.0078181086489,0,1,0,0,1,0,0,0,3,0,0
28.9838046924948,1,1,0,0,2,0,0,0,5,0,0
1.98723056554639,1,1,0,0,2,0,0,0,3,0,0
15.004370799537,1,1,0,0,2,0,0,0,3,0,0
15.9997753887558,1,0,1,0,0,0,0,0,3,0,0
16.9963076826927,1,1,1,0,0,0,0,0,4,0,0
1.99981960191764,0,0,1,0,0,0,0,0,2,0,0
26.9878317778336,0,0,0,0,0,0,0,0,5,0,0
14.9881225099812,0,0,0,0,0,0,1,0,3,0,0
14.9854147627332,1,0,0,0,0,0,0,0,3,0,0
21.9861025576574,0,0,0,0,0,1,0,0,2,1,0
14.0000731201879,1,0,0,0,0,1,1,0,2,0,0
10.005320332849,0,0,0,0,0,0,0,0,2,0,0
11.9904739237597,1,1,0,0,0,1,0,0,4,0,0
20.9824272230758,1,0,0,0,0,1,0,0,2,0,0
26.0047144729272,0,0,0,0,2,0,0,0,2,0,0
27.0063873827067,0,0,0,0,0,0,0,0,2,0,1
27.0070808790573,0,1,0,0,2,0,0,0,5,0,1
6.01684099342452,1,1,0,0,0,0,0,0,2,0,1
11.9906973401478,0,0,0,0,2,1,0,0,2,0,1
27.0050478465626,0,0,0,0,2,0,0,0,3,1,0
26.9886458556425,0,0,0,0,0,0,0,0,2,1,0
23.0146442462111,1,1,0,0,0,0,1,0,3,0,0
9.993216172336,0,0,0,0,0,0,0,0,2,1,0
25.994230081781,1,0,0,0,2,0,0,0,5,0,0
7.01106976240032,1,0,0,0,0,0,0,0,3,1,0
2.99457560292501,1,0,0,0,0,1,0,0,4,0,0
6.9977656238214,1,1,0,0,2,0,0,0,3,0,0
4.00089696080643,0,0,0,0,0,0,1,0,5,0,0
14.9993664303518,0,1,0,0,0,0,1,0,4,0,0
20.9826381081226,0,1,0,0,2,1,0,0,2,0,0
26.9974888338343,0,0,0,0,0,0,0,0,3,0,0
27.0001450348452,1,0,0,0,0,0,0,0,3,0,0
5.99034548081455,1,1,0,0,1,0,0,0,4,0,0
1.02614783288213,1,1,0,0,0,0,0,0,4,0,1
27.9887509563001,1,1,1,0,0,1,1,0,3,0,0
0.995869466811033,0,1,0,0,2,0,0,0,2,0,0
15.001500060673,0,0,1,0,0,0,0,0,2,0,0
1.00389973291563,0,1,1,0,2,0,0,0,5,0,0
2.99607704223462,0,1,1,0,2,0,0,0,5,0,0
1.01601150028339,1,0,1,0,0,0,0,0,4,0,0
22.9856610076363,0,1,0,0,2,0,0,0,5,0,0
1.0059203299975,0,1,0,0,2,0,0,0,5,0,0
1.00635702389217,0,0,1,0,0,0,0,0,2,0,0
26.9992437051146,0,1,0,0,0,0,0,0,5,0,0
11.9949449968008,0,1,0,0,0,0,0,0,2,0,1
1.001365175379,1,0,0,1,0,0,0,0,2,0,0
13.0217079546197,0,0,1,0,0,1,0,0,4,0,0
9.0168242550061,0,0,1,0,0,0,1,0,2,0,0
24.9992944581815,1,0,1,0,0,0,1,0,2,1,0
13.0018785203113,0,1,0,0,0,0,1,0,0,0,0
26.9968961352628,0,0,0,0,0,0,1,0,4,0,0
26.9859184904665,0,0,0,0,1,1,0,1,2,0,0
27.0026459475657,0,0,0,0,0,0,1,0,2,0,0
10.9996172825688,0,0,0,0,0,0,1,0,3,0,0
28.0110679882309,1,1,0,0,0,1,1,0,4,0,0
13.9936864436172,0,1,0,0,0,0,1,0,2,0,1
9.00532070265158,0,0,0,0,1,0,1,0,5,0,0
18.9814959075958,0,0,0,0,0,0,1,0,5,0,0
25.9980124795856,0,0,0,0,0,0,1,0,2,0,0
1.0134574119447,1,0,1,0,0,0,1,0,3,0,0
17.9901101714239,0,0,0,0,0,0,1,0,0,1,1
26.998693702552,1,1,0,0,1,0,1,0,5,1,0
0.983858150509625,0,0,1,0,0,0,1,0,4,0,0
1.99044571575513,1,0,0,0,0,0,1,0,2,0,0
26.9863582244067,0,0,0,0,0,0,1,0,2,0,0
5.99810860322406,0,1,0,0,0,0,1,0,3,0,0
28.9887964813124,0,1,0,0,2,0,1,0,5,0,0
19.9956776845337,0,1,0,0,0,0,1,0,5,0,0
13.0129575968702,1,0,0,0,0,1,1,0,2,0,0
27.0045458158112,0,0,1,0,0,0,1,0,0,0,0
24.9959423975412,1,0,0,0,0,0,1,0,3,0,1
5.00507660150544,1,0,0,0,0,0,1,0,2,0,0
1.00711221372732,0,0,0,0,0,0,1,0,5,0,0
11.0005683726106,0,0,0,0,0,1,1,0,2,0,0
0.985661942255248,1,0,0,0,0,0,1,0,2,0,0
1.02432745005156,1,1,0,0,0,0,1,0,3,0,1
0.99357950858043,1,0,0,0,2,0,1,0,5,1,1
1.00408946884519,0,0,0,0,0,0,1,0,2,0,0
13.9948388937034,1,0,0,0,0,0,1,0,2,0,1
7.99210075717747,1,0,0,1,0,0,1,0,2,0,0
13.004311773245,0,0,0,0,0,0,1,0,3,0,0
13.987928947566,0,0,0,0,2,0,1,0,3,0,0
16.0101096088807,0,0,0,0,0,1,1,0,3,0,0
0.983517775342575,0,0,0,0,2,0,1,0,3,0,1
16.0014932104609,1,0,0,0,0,0,1,0,4,0,0
2.99424611145523,1,0,0,0,0,0,1,0,2,0,0
20.0053921282234,0,0,0,0,0,1,1,0,2,0,0
3.99435560640804,1,1,0,0,0,0,1,0,4,0,1
22.9910071476174,0,0,0,0,0,1,1,0,2,0,0
4.99272506964353,0,0,0,0,0,0,1,0,3,0,1
2.99182699097189,0,0,0,0,0,0,1,0,3,0,0
18.9965374838078,1,0,0,1,0,0,0,0,4,0,1
44.0122512231117,0,0,0,0,0,0,0,1,4,0,0
12.0120432321566,1,1,0,0,0,1,0,1,4,0,0
10.991333728677,0,1,0,0,0,1,0,1,4,0,0
7.99318419919319,1,1,0,0,0,1,0,1,4,0,0
27.0128209560443,0,1,0,0,0,0,0,1,3,0,0
1.01647755192234,0,0,0,0,1,0,0,1,4,0,0
26.9936165978505,1,1,0,0,0,0,0,1,0,0,0
7.98534489653182,1,0,0,0,1,1,0,1,4,1,0
4.99692041271536,1,0,0,0,1,1,0,1,3,0,0
0.986860044402022,0,0,0,0,0,0,0,1,3,1,1
4.00783360106057,0,0,0,0,0,0,0,1,5,1,1
13.0069634782718,1,0,0,0,0,0,0,1,3,0,1
6.00314456033929,1,1,0,0,0,0,0,1,0,0,1
27.0054780213013,1,1,0,0,0,0,0,1,2,0,0
4.00838181645504,1,0,0,0,1,0,0,1,4,0,0
19.0032661405964,1,0,0,0,0,0,0,0,2,0,0
3.0118687575509,1,1,0,0,1,0,0,0,2,0,0
13.9815401815429,1,0,0,0,0,0,0,1,3,0,0
1.9923269219922,0,1,1,0,0,0,0,1,4,0,0
26.9879014718753,0,0,0,0,1,0,0,0,2,1,0
27.0292322362454,0,0,0,0,1,0,0,1,2,1,0
27.0143712287582,0,1,0,0,0,0,0,0,5,0,0
32.0036514915362,1,1,1,0,0,0,0,0,3,0,1
26.9988950188793,0,0,0,0,1,0,0,0,4,0,1
17.0157580237485,1,1,0,0,0,1,0,0,4,0,1
27.0004909010674,0,1,0,0,1,0,0,0,3,1,1
28.9911587819652,1,0,0,0,0,0,0,0,3,1,1
26.9924194338829,1,0,0,0,0,0,0,0,4,1,0
6.01498265547188,0,1,0,0,0,0,0,0,2,0,0
8.99774722049484,1,1,0,0,0,0,0,0,4,0,0
28.0022517601504,0,0,0,1,2,0,0,0,5,1,0
20.994433473141,1,1,1,0,0,0,0,0,5,0,0
7.98819902175503,1,0,0,0,2,0,0,0,5,0,0
6.0107208120858,1,1,0,0,0,0,0,0,2,0,1
5.96710895645581,0,1,0,0,0,0,0,0,0,0,0
14.9847823678048,0,0,0,0,0,0,0,0,3,0,0
26.9875543597526,0,0,0,0,2,0,0,0,5,0,0
14.0050275403676,0,1,0,0,0,1,0,0,4,0,0
27.002995783285,1,0,0,0,0,0,0,0,4,0,0
26.9919832704778,0,1,0,0,1,0,0,0,3,1,1
3.00093084018786,1,0,0,0,0,0,0,0,0,0,1
12.9986388964196,1,1,0,0,0,0,0,0,4,0,1
26.9967738081596,0,1,0,0,0,0,1,0,3,0,1
26.9920934698513,1,0,0,0,2,0,0,0,4,0,1
21.0055435997877,1,0,0,0,2,0,0,0,2,0,1
0.997395919776164,0,1,1,0,0,0,0,0,3,0,1
13.0042678131752,0,1,0,0,1,0,0,0,4,0,1
5.99986601329238,1,0,0,0,0,0,0,0,3,0,0
3.99616689106936,1,0,0,0,0,0,0,0,4,1,0
27.0050738168086,0,1,0,0,0,0,0,0,4,0,0
1.00048218264142,1,0,1,0,2,0,0,0,4,1,1
11.0148812336747,0,0,0,0,2,1,0,0,3,0,1
26.995385658103,0,1,0,0,0,0,1,0,0,1,1
26.9994496357115,1,1,0,0,1,1,0,0,3,0,1
6.99613491306566,1,1,0,0,0,0,0,0,4,0,1
8.99413317033527,0,1,0,0,0,0,0,0,4,0,1
0.999135869921627,1,0,0,0,0,0,1,0,2,0,1
11.0038869279752,0,1,0,0,2,1,0,0,4,0,1
7.99534858189164,1,0,0,0,0,1,0,0,3,0,1
16.996606024865,0,0,0,1,2,0,1,0,4,1,1
27.0059227430758,1,1,0,0,0,0,0,0,4,0,1
1.00086173469425,1,1,1,0,1,0,1,0,2,0,1
17.0047332849732,1,1,0,0,0,1,0,0,3,0,1
0.997128448840079,1,0,0,0,0,1,0,0,4,0,1
3.00516696398353,1,0,0,0,0,0,1,0,4,1,0
9.99387619313678,0,1,0,0,2,0,1,0,3,0,0
16.009837762769,1,0,0,0,0,0,1,0,2,0,0
5.00268179772291,1,1,0,0,0,0,1,0,2,0,1
11.0064235256083,0,0,0,0,2,0,1,0,5,0,1
27.9975093949718,0,1,0,0,1,0,1,0,5,0,0
27.0062650762046,1,0,0,0,2,0,1,0,3,1,0
9.99746938810075,1,0,0,0,0,0,1,0,4,0,0
27.0156626064507,0,0,0,0,0,0,1,0,4,0,0
3.99860026822631,0,0,0,0,2,0,1,0,3,0,0
27.0102688171612,0,1,0,0,0,0,1,0,2,0,0
1.01166341996923,0,0,0,0,0,0,1,0,4,0,0
0.99966844184157,0,0,0,0,0,0,1,0,5,1,0
13.0006942509237,0,0,0,0,0,0,1,0,4,0,0
19.0003327777772,0,0,0,0,0,0,1,0,3,0,0
19.9913976642684,1,0,0,0,0,0,1,0,4,1,0
4.00901567802873,0,0,0,0,0,0,1,0,5,0,1
7.98274881776364,1,0,0,0,0,0,1,0,3,0,1
10.0056405791795,0,1,0,0,0,0,1,0,5,0,0
8.99875427066471,0,1,0,0,0,0,1,0,3,0,0
27.0029936291634,1,0,0,0,0,0,1,0,2,0,0
16.014516426299,1,0,0,0,0,0,1,0,3,0,0
3.00660600420876,1,0,0,0,0,0,1,0,2,1,1
23.0055561749239,1,0,0,0,1,0,1,0,2,0,0
0.990277120716267,1,0,0,0,0,0,1,0,2,0,0
17.9837551674749,1,0,1,0,0,0,1,0,2,1,0
2.98731737755563,0,0,0,0,0,0,1,0,0,0,0
21.9895619482666,1,0,0,0,0,0,1,0,3,0,0
11.0032703050019,0,0,1,0,0,0,1,0,4,0,0
2.01476629786964,0,0,0,0,0,0,1,0,5,0,0
27.0022799631166,1,0,0,1,0,0,1,0,3,0,0
27.9838571539554,0,1,0,0,0,0,1,0,4,0,0
3.00556189451113,1,0,0,0,0,0,1,0,5,0,1
11.0095422772367,0,1,1,0,0,1,1,0,4,0,1
0.982682976786207,0,1,0,0,0,0,1,0,3,0,1
27.0089123992358,0,1,0,0,2,0,1,0,3,0,0
2.99776338105922,0,0,0,0,0,0,1,0,4,0,0
1.98856532526474,0,0,0,0,2,0,1,0,5,1,0
26.9957174821322,0,1,0,0,0,0,1,0,2,0,0
4.98851365825397,0,0,0,0,0,0,1,0,5,0,0
0.988625813642153,1,0,0,0,0,0,1,0,3,0,0
3.96342981090652,1,0,0,0,1,1,1,0,3,0,0
1.01061282622188,1,0,1,0,0,0,1,0,3,0,0
0.997830640382111,0,0,0,0,0,0,1,0,3,0,0
2.01341260240973,1,0,0,0,0,0,1,0,5,0,1
5.99262773161043,1,0,0,0,0,0,1,0,3,0,1
29.0010978650186,0,0,0,0,1,0,1,0,4,0,0
28.9898884956219,1,1,0,0,0,0,1,0,2,0,0
6.00062199201917,1,1,0,0,0,0,1,0,3,0,0
1.01778211439728,1,0,0,0,0,0,1,0,4,0,0
1.00819269336902,1,1,0,0,0,0,1,0,4,0,0
1.98630508191635,0,1,0,0,0,1,1,0,3,0,1
0.993000237283504,1,0,0,0,0,0,1,0,4,0,0
0.998384652012806,0,1,0,0,0,0,1,0,2,1,1
10.0157795560487,1,1,0,0,0,1,0,1,4,0,1
16.0018708788925,0,0,0,0,1,1,0,1,3,0,1
39.0064081315977,0,1,0,0,0,0,0,1,5,0,1
26.0098221327756,1,0,0,0,0,0,0,1,5,0,1
1.98127903841265,1,0,0,0,0,0,0,1,3,0,1
26.9922146899645,1,1,0,0,0,0,0,1,3,0,1
27.014775852493,0,1,1,0,0,0,0,1,5,0,1
12.9948989177173,0,0,0,0,0,1,0,1,2,1,1
25.9831170869495,1,1,0,0,0,1,0,1,4,0,1
28.00380668704,0,0,0,0,0,0,0,0,2,0,1
2.9957874906407,0,0,0,0,0,0,0,0,3,1,1
4.00682717538191,0,0,0,0,0,1,0,0,3,0,1
11.0037742442461,0,0,0,0,0,0,0,0,0,1,0
8.99552294037811,0,0,0,0,0,0,0,0,3,0,0
8.99986216723735,0,0,0,0,0,0,0,0,5,0,0
24.997329131838,1,1,0,0,0,0,0,0,4,0,0
1.98860116539647,0,1,0,0,0,0,0,0,2,0,0
4.99576557130428,0,0,0,0,0,0,0,0,2,0,0
27.9923619984941,0,1,0,0,0,0,0,0,3,0,0
5.99302319005232,1,0,0,0,0,0,0,0,2,0,0
27.01215562674,1,1,0,0,0,0,0,0,3,0,0
26.9992736735435,1,0,0,0,2,0,0,0,4,1,0
11.9982355543256,1,1,0,0,0,0,0,0,2,0,0
26.9930791173528,1,0,0,0,0,0,0,0,2,0,0
26.9826257897753,1,1,0,0,0,0,0,0,2,0,0
1.00576797000646,1,1,0,0,0,0,0,0,2,0,0
27.0140344105611,1,0,0,0,0,0,0,0,5,0,0
9.98979088176287,0,0,0,0,2,0,0,0,5,0,0
29.9874946692707,0,1,0,0,1,0,0,0,5,0,0
11.0036596943454,0,1,0,0,1,0,0,0,2,1,0
1.00523690363292,1,1,0,0,1,0,0,0,4,0,0
15.9946465426062,1,1,0,0,0,0,0,0,3,0,0
2.98894902569642,1,0,1,0,2,0,0,0,4,1,1
24.0107284290351,1,0,0,0,0,0,1,0,5,0,1
26.9860506669375,1,0,0,0,0,0,0,0,2,0,0
49.9973518315832,1,1,0,0,2,0,0,0,5,0,0
27.009744096055,1,0,0,0,0,0,0,0,5,1,0
8.99920093523551,0,0,0,0,2,0,0,0,3,0,0
2.00987667493325,1,0,0,0,0,0,0,0,4,0,0
0.98796011774839,0,1,0,0,0,0,0,0,5,0,0
0.983944859067668,0,0,0,0,0,0,0,0,0,1,0
26.9962742305701,1,0,0,0,0,0,0,0,4,1,0
19.0022093527985,1,0,0,0,1,0,0,0,3,0,0
24.0139829836322,0,0,0,0,0,0,0,0,5,0,0
26.0124360023169,1,0,0,0,2,0,0,0,2,0,0
0.989832740473117,0,1,0,0,1,0,0,0,3,1,0
1.01209050456539,1,1,0,0,0,0,0,0,4,0,0
1.99421825096762,0,0,0,0,0,0,1,0,2,0,0
23.985273071974,0,0,0,0,0,0,0,0,4,0,0
23.0004811077233,1,0,0,0,2,0,1,0,5,1,0
26.99641220018,0,1,0,0,0,0,0,0,3,0,1
12.0028839501577,1,0,0,0,0,0,1,0,3,0,0
12.9920753072341,1,0,0,0,0,0,0,0,2,0,0
29.9967475629475,0,1,0,0,0,0,0,0,5,0,0
18.002298644393,1,0,0,0,2,1,1,0,2,0,0
0.996265951333289,1,0,0,0,2,0,0,0,1,0,0
1.99897534247391,0,0,0,0,0,0,0,0,5,0,0
1.00569569657716,0,1,0,0,0,0,0,0,5,0,0
3.00254636310608,1,1,0,0,0,0,1,0,1,0,0
24.9955227859723,0,0,0,0,0,0,1,0,5,0,0
4.97992389012522,0,1,1,0,2,0,1,0,5,0,0
27.01176345821,1,1,0,0,0,0,1,0,2,0,1
0.983407472906078,0,0,1,0,0,0,1,0,3,0,0
27.0025976238551,0,1,1,0,0,0,1,0,4,0,0
1.00080899569694,1,0,1,0,2,0,0,0,5,0,0
1.01013088082393,0,1,1,0,0,0,1,0,3,0,0
7.99998991144277,1,1,0,0,0,0,1,0,3,1,0
23.9948315942272,0,1,1,0,2,0,1,0,4,0,0
0.990932554932211,0,0,1,0,0,0,1,0,3,0,0
27.0046978582481,0,0,0,0,2,0,0,0,2,0,0
27.0228692571878,0,1,0,0,0,0,0,0,5,0,0
3.00840129555066,1,0,0,0,0,0,1,0,4,0,0
8.0059884524338,1,0,0,0,2,0,1,0,4,0,0
0.997567035380799,0,0,0,0,0,0,1,0,2,0,0
4.00595268807287,1,0,0,0,0,0,1,0,4,0,0
27.0031624555927,1,0,0,0,2,0,1,0,4,0,0
0.990936398518815,0,0,0,0,0,0,1,0,0,0,0
5.00966983247788,0,1,0,0,0,0,0,0,4,0,0
2.00515358084882,1,0,0,0,0,0,1,0,5,0,0
26.9972388714974,1,0,1,0,0,0,1,0,5,0,0
0.994567235943513,1,0,0,0,0,0,1,0,5,0,1
26.0102487523712,1,0,0,0,0,0,1,0,2,0,0
11.015224289302,1,1,0,0,1,0,1,0,4,0,0
2.02598825160667,1,0,0,0,0,0,1,0,3,0,0
8.00574191469873,0,0,1,0,0,0,1,0,4,0,1
8.00529541569979,0,0,0,0,2,0,1,0,4,1,0
20.9996047729673,0,0,0,0,2,1,1,0,1,1,0
3.9907961205644,0,0,1,0,0,0,1,0,5,0,0
7.00078010904234,0,0,0,0,2,0,0,0,2,0,0
0.991765511608506,0,1,0,0,0,1,1,0,5,0,0
15.9903377640416,1,0,0,0,0,0,1,0,4,0,0
26.9869706499425,1,0,1,0,0,0,1,0,4,1,0
4.98064875031956,1,0,0,0,0,0,1,0,5,0,1
1.9986892271555,1,1,0,0,0,0,1,0,3,0,1
0.998197294318312,1,1,1,0,1,0,1,0,3,1,1
4.99967090921386,1,0,1,0,0,0,1,0,4,0,0
3.00333485697217,0,1,1,0,0,0,1,0,2,0,1
20.9988595382675,1,0,0,0,0,1,1,0,2,0,1
27.0161014636782,1,0,0,0,2,0,1,0,2,0,0
20.0122585433693,0,1,0,0,0,0,1,0,3,0,0
26.9826579067404,1,1,0,0,0,0,1,0,3,0,1
5.99346785800488,1,1,0,0,2,0,1,0,3,0,0
1.01335136364951,0,0,0,0,0,0,1,0,3,0,0
0.999466974453588,1,0,1,0,0,0,1,0,4,0,0
1.99824224539919,0,1,0,1,0,0,0,0,0,1,0
26.9982047555132,0,0,0,0,2,0,1,0,1,1,0
12.0182318783534,0,1,0,1,0,0,1,0,2,0,0
7.0038667538655,0,0,0,0,0,0,1,0,4,0,1
1.00849786557824,1,0,0,0,0,0,1,0,3,0,0
24.0041564212088,1,0,0,0,0,1,1,0,2,0,0
1.00958583825728,0,0,1,0,0,0,1,0,4,0,0
7.01461608738289,1,1,0,0,0,0,1,0,4,0,0
9.99864218814555,0,0,0,1,1,0,1,0,2,0,0
1.99243298651324,0,1,0,0,0,0,1,0,4,0,0
0.990791595864546,1,1,0,0,0,0,1,0,3,0,1
27.0009359272463,1,0,0,0,0,0,0,1,5,0,0
27.0003830251428,1,1,0,0,0,0,0,1,0,0,0
27.9865740443622,1,1,0,0,0,0,0,1,2,0,0
13.9874314240425,1,1,0,0,0,0,0,1,5,0,1
14.9956467905703,1,0,0,0,1,0,0,1,2,0,0
3.01162116278535,1,1,0,0,0,0,0,1,5,0,1
0.981764386977245,0,0,0,0,0,0,0,1,4,0,1
2.9882200468033,0,0,0,0,0,0,0,1,5,0,0
1.01106576735844,0,1,0,0,0,0,0,0,2,0,1
9.00666488091199,0,0,0,0,0,1,0,0,2,0,0
7.00336474944297,0,0,0,0,0,0,0,0,5,0,0
10.0066830203442,0,0,0,0,1,0,0,0,4,0,0
8.00757162792375,0,0,0,0,2,0,0,0,5,0,0
4.00225087753142,0,0,0,0,0,0,0,0,2,0,0
12.9933144116591,1,0,0,0,0,0,0,0,4,0,0
7.99574674646794,0,0,0,0,2,0,0,0,3,0,0
26.9990751192817,0,1,0,0,0,0,0,0,5,0,0
26.9844797387166,1,0,0,0,0,0,0,0,2,0,0
26.9794112377995,1,1,0,0,0,0,0,0,1,0,0
16.0017971733396,0,0,0,0,2,0,0,0,2,0,0
26.9881857252128,1,1,0,0,1,0,0,0,3,0,0
1.01535969674908,1,0,0,0,0,0,0,0,4,0,0
5.99880145592648,1,1,0,0,1,0,0,0,5,0,0
27.0017150696175,1,0,0,0,0,0,0,0,2,0,1
1.01988672393288,1,0,0,0,0,0,0,0,4,0,1
0.990164978538235,0,1,0,0,0,0,0,0,5,0,0
1.00825684145082,1,0,0,0,1,1,0,0,2,0,0
1.00450753596692,1,0,0,1,1,0,0,0,4,0,0
26.9967839337827,1,0,0,0,0,0,0,0,3,1,0
1.00117960682885,0,0,0,1,0,0,0,0,4,0,0
7.00958322611903,1,1,0,0,0,0,0,0,3,1,0
6.00167836669068,0,1,1,0,0,0,0,0,2,0,0
26.9989098416311,1,1,0,0,0,0,1,0,2,0,0
12.0015201002065,0,1,0,0,0,0,1,0,0,0,0
1.01851971040042,1,0,0,0,2,0,0,0,4,0,0
26.9818872081489,1,0,1,0,1,0,0,0,3,0,0
0.999733483705429,0,1,0,0,0,0,0,0,4,0,0
31.9991202442487,0,1,0,0,2,0,0,0,5,0,0
3.99969325686734,0,1,0,0,1,1,1,0,2,0,1
2.00167349665816,0,0,0,0,2,0,1,0,3,1,1
19.0032097598462,1,1,0,0,0,1,1,0,4,0,1
6.00658624015627,0,1,1,0,2,0,1,0,0,0,1
14.0068946961288,0,0,0,0,2,1,1,0,5,1,1
27.0071930547508,0,0,0,0,0,0,0,0,5,0,1
2.01373189620276,1,0,1,0,0,0,1,0,3,0,1
12.9998231835922,1,0,0,1,2,1,1,0,4,0,1
13.0035107431744,1,0,0,0,0,0,1,0,4,0,1
4.9938455129522,0,0,0,0,2,0,1,0,3,0,1
27.0173552678957,0,0,0,0,2,0,1,0,3,0,1
9.00370547401856,1,0,0,0,1,0,1,0,5,0,1
21.0120632500937,0,1,0,0,2,0,1,0,3,0,1
0.996106501404442,0,1,0,0,0,0,1,0,2,0,1
6.00178595048173,0,1,0,0,0,0,1,0,5,0,1
1.00657948554982,1,0,0,0,2,0,1,0,4,1,1
13.998000968645,1,0,0,0,2,0,1,0,5,1,1
27.0076074367091,0,0,0,0,0,0,1,0,3,0,0
27.0137383219538,0,0,0,0,0,0,1,0,2,0,0
5.99387429684051,0,0,0,0,0,1,1,0,4,1,0
3.01184876380003,1,0,0,0,0,0,1,0,3,0,0
7.99494318284563,0,1,1,0,0,0,1,0,5,1,1
4.99418021907057,1,0,0,0,0,0,1,0,2,0,0
14.9882705490005,0,0,0,0,2,1,1,0,2,0,1
0.99139712924634,0,0,1,0,0,0,1,0,2,0,0
3.00941137999693,0,0,0,0,2,0,1,0,5,0,0
13.0028393949313,1,0,0,0,2,0,1,0,0,1,1
7.99866393683262,1,1,0,0,2,0,1,0,3,0,0
12.0084012996753,1,0,0,0,0,1,1,0,4,0,0
21.989743661853,0,1,0,0,0,1,1,0,2,0,0
29.0052450018932,1,1,0,0,0,0,1,0,2,0,1
1.01560001756575,1,1,1,0,0,0,1,0,5,0,0
26.9905722991315,0,1,0,0,0,0,1,0,5,0,0
6.00345040216815,1,0,0,0,0,0,1,0,2,0,0
12.9753865885488,0,0,0,0,0,0,1,0,2,0,0
7.99655944912593,0,0,1,0,2,0,1,0,0,0,0
0.999903392278558,1,1,0,1,0,0,1,0,3,0,0
31.0099943714217,0,1,0,0,0,0,1,0,0,0,0
0.996744053096566,0,0,0,0,0,0,1,0,2,0,0
1.9844312493306,1,1,0,0,0,0,1,0,4,0,1
1.00333440155079,1,1,1,0,0,0,1,0,3,0,0
12.9866712916418,0,1,1,0,0,0,1,0,5,0,0
7.97780788792327,0,0,0,0,1,1,1,0,3,0,0
8.99743761836632,1,1,0,0,0,1,1,0,3,0,1
0.994654974348965,1,0,0,0,0,0,1,0,4,0,0
4.00932226232626,0,0,0,0,0,0,1,0,3,0,0
10.0138741659065,0,0,0,0,0,1,1,0,3,0,1
12.9933017426362,0,1,0,0,0,1,1,0,2,0,0
20.9882177918376,0,1,1,0,0,0,1,0,4,0,0
4.00997439436871,1,0,0,0,0,0,1,0,2,0,0
12.0129296516966,1,0,0,0,0,1,1,0,2,0,1
11.0003467895071,1,0,0,0,0,1,1,0,2,1,0
2.01022218064415,0,0,1,0,0,0,1,0,3,0,1
7.00196158816534,0,1,0,0,0,1,1,0,3,0,0
2.00188537183561,0,1,0,0,0,0,1,0,4,0,0
5.98484243915989,1,0,0,0,0,0,0,1,5,0,0
1.00322033643408,1,1,0,0,0,0,0,1,4,0,0
25.0058372398901,0,1,0,0,0,0,0,1,3,0,1
15.0193053651941,1,1,0,0,0,0,0,1,3,0,0
27.0174338210879,1,0,0,0,0,0,0,1,4,0,0
26.9862948367653,1,1,0,0,0,0,0,1,4,0,0
27.0110647245405,0,1,0,0,0,0,0,1,2,0,0
10.9930990462177,0,0,0,0,0,0,0,0,4,1,0
1.00684110549082,0,1,0,0,0,0,0,1,5,0,0
27.0020671257863,0,0,0,0,1,0,0,0,5,1,0
20.0128832645048,1,0,0,0,0,0,0,0,3,0,0
2.0088599913339,0,1,0,0,0,0,0,0,1,0,0
0.995913998356536,1,0,0,0,0,0,0,0,4,0,0
1.01996000835167,1,0,0,0,0,0,0,0,3,0,1
1.00691554465316,0,1,0,0,0,1,0,0,4,0,1
10.9994347517729,0,0,0,0,0,0,0,0,2,1,1
12.9951485715373,1,1,0,0,0,1,0,1,4,0,0
2.00741363010017,1,1,0,0,0,0,0,0,3,0,0
15.0217875242967,1,1,0,0,1,1,0,0,4,0,0
10.0120628018706,1,0,0,0,2,0,0,0,4,0,0
12.9972634899726,1,0,0,0,2,0,0,0,4,0,0
11.0041682504001,0,0,0,0,2,0,0,0,3,1,1
27.0077720457416,1,1,0,0,0,0,0,0,5,0,0
3.99354799434817,1,0,0,0,0,0,0,0,3,0,0
1.00022964441399,1,0,1,0,1,0,0,0,4,0,0
4.00817302584427,0,1,1,0,0,0,0,0,2,0,0
16.9928872000916,1,0,0,0,2,0,0,0,4,0,0
7.01412402323354,0,0,0,0,1,0,0,0,4,0,0
1.99879016750955,1,0,0,0,0,0,0,0,5,0,0
11.0114415033787,0,0,0,0,2,1,0,0,3,0,0
13.0017498214445,0,1,0,0,0,0,1,0,4,0,1
26.9965062526484,1,1,0,0,2,0,0,0,4,0,1
2.00515661936918,0,0,0,0,0,0,0,0,3,0,1
20.9837777067043,0,1,0,0,0,0,0,0,4,0,1
19.0021294952227,0,0,0,0,2,0,1,0,0,0,1
26.9999940610693,1,0,1,0,0,0,0,0,3,0,0
2.99763072017087,0,0,0,0,2,0,1,0,5,0,1
26.9936581057592,0,1,0,0,2,0,0,0,3,0,0
7.00678700904277,1,0,0,0,0,0,1,0,3,0,0
27.009223678404,0,0,0,0,0,0,1,0,4,1,0
2.0046360936725,0,0,0,0,0,0,0,0,5,0,0
13.010990534359,1,0,0,0,2,0,1,0,2,1,0
23.9990590037091,1,1,0,0,2,0,1,0,4,0,0
18.9927831445635,0,0,0,0,0,0,1,0,4,0,0
1.00066223783169,0,1,0,0,1,0,1,0,3,0,0
27.0010769844831,0,0,1,0,0,0,1,0,2,0,0
26.0187804739686,1,1,0,0,1,0,1,0,4,0,1
10.9997840978578,1,0,0,0,0,0,1,0,3,0,0
27.0061742814237,1,1,0,0,0,0,1,0,3,0,0
12.0005838361457,1,1,1,0,2,1,1,0,3,0,0
13.9993699288083,0,1,0,0,0,0,1,0,2,0,0
9.0083917766926,0,1,0,0,0,0,1,0,3,1,0
4.98985477961384,1,0,0,0,0,0,1,0,2,0,0
25.985580715215,1,1,0,0,0,0,1,0,4,0,0
5.00764727068915,1,0,0,0,2,0,1,0,3,0,1
0.999345933764682,0,1,0,0,2,0,1,0,4,0,0
1.00611369115805,0,0,0,0,0,0,1,0,5,0,0
12.9932843151517,0,0,0,0,0,0,1,0,5,0,0
27.0122746713322,0,0,1,0,0,0,1,0,4,0,0
22.9956336774997,1,0,0,0,2,0,1,0,4,1,0
4.00211742568071,0,1,0,0,0,0,1,0,3,0,0
13.999272843077,0,1,0,0,0,0,1,0,5,0,0
3.00174576852288,1,0,0,0,0,1,1,0,2,0,1
20.0011177851639,0,0,1,0,0,0,1,0,5,0,0
0.998739152929476,0,0,0,1,0,0,1,0,4,0,1
9.01177637769525,0,1,0,0,1,0,1,0,5,0,0
26.9903547507457,1,0,0,0,0,0,1,0,4,1,0
0.9951761562184,1,0,1,0,0,0,1,0,3,0,0
4.00709525354944,1,0,0,0,0,0,1,0,3,0,0
10.0034496647305,0,1,0,0,0,0,1,0,4,0,0
1.00640330468789,0,0,0,0,2,0,1,0,5,0,0
27.0047065993224,1,0,0,0,0,0,1,0,4,0,0
15.0060024588498,0,1,0,0,1,0,1,0,4,0,0
1.98168339069875,0,1,0,0,0,0,1,0,2,0,0
1.00433873349692,0,0,0,0,0,0,1,0,3,0,1
27.0032934698055,1,0,0,0,0,0,1,0,2,0,0
2.00650879828786,1,0,0,0,0,0,1,0,3,0,0
12.9918731311685,1,0,0,0,0,0,1,0,3,0,0
23.0088062039588,0,0,0,0,2,0,1,0,2,0,0
26.003152642547,0,0,0,0,0,1,1,0,0,0,0
1.00730281253964,1,1,0,0,0,0,1,0,4,0,1
1.00217088153436,0,1,0,0,0,0,1,0,5,0,1
7.01107405321672,1,1,0,0,0,0,1,0,5,0,0
27.0126825595143,0,0,0,0,0,0,1,0,5,0,0
6.03020304019609,1,0,0,0,0,0,1,0,5,0,0
1.01790345379916,0,1,0,0,0,0,1,0,4,0,0
0.994142895948113,0,0,0,0,0,0,1,0,5,1,0
27.0045170698389,1,0,0,0,0,0,1,0,3,0,1
17.9932906397408,1,0,0,0,0,0,1,0,2,0,0
8.0061718478483,0,1,0,0,0,0,1,0,4,0,1
26.9992343917899,1,1,0,0,0,0,0,1,2,0,0
13.9935644261805,0,0,0,0,0,0,0,1,3,1,0
5.0038404677777,0,0,0,0,0,0,0,1,4,0,0
0.997760053877969,0,0,0,0,0,0,0,1,4,1,0
26.9862987108622,1,1,0,0,0,0,0,1,2,0,0
23.998651880183,0,1,0,0,0,0,0,1,4,0,0
26.9948295682315,1,1,1,0,0,0,0,1,4,0,0
27.0028827569318,1,0,1,0,0,0,0,1,0,1,0
27.0085417639765,0,1,0,0,0,0,0,1,0,0,0
28.0240152001703,0,0,0,0,2,0,0,1,2,1,1
26.9981082095529,0,1,0,0,0,0,0,0,3,0,0
10.9822168946178,1,1,0,0,0,0,0,0,2,0,0
7.99895219608808,0,0,0,0,0,0,0,1,5,0,1
26.9820323666732,1,1,0,0,0,0,0,0,4,0,0
27.012151832909,0,0,0,0,0,0,0,0,0,0,1
20.9975120031104,1,0,0,0,0,0,0,0,2,1,0
0.984246836499,0,1,0,0,0,0,0,0,2,0,0
22.0015237475813,0,0,0,0,2,0,0,0,5,0,0
27.0159686902565,0,1,0,0,0,0,0,0,4,0,0
2.00873702033982,1,1,0,0,0,0,0,0,1,0,0
2.00690871494028,0,0,0,0,2,0,0,0,0,0,0
26.988831622096,1,1,0,0,0,0,0,0,1,0,0
26.9942551427613,0,1,0,0,0,0,0,0,5,0,0
25.9905644820481,1,1,0,0,2,0,0,0,1,1,0
4.98762455070629,1,1,0,0,0,0,0,0,1,0,0
2.01152702894962,1,1,0,0,0,0,0,0,1,0,0
1.99803810633313,1,0,0,0,0,1,0,0,3,0,0
26.9863724000388,1,0,0,0,0,0,0,0,2,0,1
26.0149444064454,0,0,0,0,1,0,0,0,4,1,0
17.0089345728187,1,1,0,0,0,0,0,0,2,0,1
26.9944901837623,1,0,0,0,2,0,0,0,4,0,0
6.98678906122632,1,0,0,0,2,0,0,0,3,0,0
13.9990650913863,0,1,0,0,0,0,0,0,5,0,0
9.99510095971811,1,0,0,0,0,0,0,0,2,0,0
26.993893266346,0,1,0,0,0,0,0,0,3,0,1
26.9987008684143,0,0,0,0,2,0,0,0,2,0,0
2.00956667757883,1,1,0,0,0,0,0,0,5,0,0
9.9898735545113,1,0,0,0,2,0,0,0,0,1,0
4.99108638315301,1,0,0,0,0,0,0,0,5,0,0
11.9866456948776,0,1,0,0,1,1,0,0,4,0,0
26.9628330277111,1,1,0,0,0,0,0,0,3,1,0
27.0226150143624,1,1,0,0,0,0,0,0,5,0,0
2.99931996298242,1,0,0,0,0,0,0,0,2,0,0
16.9930014744011,0,1,0,0,1,1,0,0,1,0,0
4.00135894408962,1,0,0,0,1,0,1,0,3,0,0
27.0090440634636,0,0,0,0,0,0,0,0,3,0,0
6.00243351957417,0,0,0,0,2,0,0,0,1,0,0
15.9997469380438,1,0,0,0,2,0,0,0,2,0,0
10.9971197300235,1,0,0,0,1,1,0,0,4,0,0
20.9940268582503,0,1,0,0,0,1,0,0,4,0,0
27.9982292798401,0,0,0,0,2,0,0,0,2,0,0
15.0004090605893,0,1,0,0,0,0,0,0,4,0,0
4.98775512306984,0,0,0,0,2,0,0,0,3,0,0
0.998339110505659,0,0,0,0,0,0,0,0,5,0,0
26.9801290573823,0,1,0,0,2,0,0,0,4,0,0
8.00551407452066,1,0,0,0,0,0,0,0,5,1,0
0.989829726472402,0,0,0,0,0,0,0,0,0,0,1
13.0046180748478,0,0,0,0,2,1,0,0,2,0,1
5.99757213797269,0,1,0,0,0,0,0,0,4,1,0
27.0236909984538,1,0,0,0,2,0,0,0,0,0,0
1.01007197020843,1,1,1,0,0,0,0,0,4,0,0
5.99852317085749,0,1,1,0,0,0,0,0,5,0,0
2.01701563593219,1,1,0,0,1,0,0,0,4,0,1
1.0032859403648,1,0,0,0,2,0,0,0,4,0,0
17.9983225025384,1,0,0,0,0,0,0,0,4,0,0
5.98872236855033,1,1,0,0,0,0,0,0,2,0,0
1.00245358160551,1,1,1,0,1,0,0,0,4,0,0
1.00198788041316,0,1,0,0,1,0,0,0,4,0,0
19.0003609101569,0,0,0,0,2,0,0,0,0,0,0
1.0014933098016,1,0,0,0,0,0,0,0,0,1,0
27.9958060934182,0,1,0,0,0,0,0,0,2,0,0
6.01905699745875,0,0,0,0,2,0,1,0,5,1,0
1.0001377929145,0,1,0,0,1,0,1,0,5,0,0
13.9991067946795,0,0,0,0,2,0,0,0,5,0,0
0.997054493003145,0,0,0,0,0,0,0,0,4,1,0
5.99661960913254,1,0,0,0,0,0,0,0,4,0,0
26.9961658074983,1,0,1,0,2,0,0,0,5,0,0
26.9895881959211,1,0,1,0,0,0,0,0,2,0,0
15.9956240000287,0,0,0,0,2,0,0,0,2,0,0
14.9989661978637,1,0,0,0,2,1,1,0,2,0,0
26.9990448247459,1,0,0,0,2,0,0,0,4,1,0
24.9824580513484,0,1,0,0,1,0,1,0,4,0,0
26.9985164749168,0,0,0,0,0,0,0,0,5,0,0
0.997558528151379,0,1,0,0,2,0,0,0,3,0,0
15.9890998875313,0,0,0,0,2,1,0,0,2,0,0
9.0119985975166,0,0,0,0,2,0,1,0,4,0,0
3.00484646578449,1,0,0,0,1,0,1,0,3,1,0
25.9842031473995,0,1,0,0,2,0,0,0,2,0,0
27.0013446066235,1,0,0,0,0,0,0,0,5,0,0
1.9859332793021,0,0,0,0,0,0,1,0,4,0,0
10.006711512393,0,0,0,0,0,0,1,0,0,1,0
4.01526648556464,0,0,0,0,2,0,1,0,5,0,0
15.9983855879425,0,0,0,0,2,1,1,0,2,0,0
1.99528468248821,1,1,0,0,0,0,1,0,2,0,0
7.99408497187659,0,0,0,0,0,0,1,0,4,0,0
25.0074181848192,0,1,0,0,0,0,1,0,5,1,0
3.01331996320049,0,0,0,0,0,0,1,0,2,0,0
11.0098870958244,0,0,0,0,0,0,1,0,2,0,0
10.9952052249971,1,0,0,0,0,0,1,0,4,1,0
14.9977430444417,1,0,0,0,0,0,1,0,5,0,0
5.00239765299281,0,0,0,0,0,0,1,0,5,0,1
26.9993608026074,0,1,0,0,0,0,1,0,3,0,1
1.99592850265105,1,0,0,0,0,0,1,0,3,1,1
1.00533887948103,1,0,1,0,0,0,1,0,2,1,1
21.9893447381052,1,1,0,0,0,0,1,0,5,0,0
9.01078067132612,0,1,0,0,0,0,1,0,5,0,0
17.0170417300296,0,1,1,0,0,0,1,0,3,0,0
16.9914326395142,0,0,0,0,0,0,1,0,2,0,0
1.98883775218605,0,1,1,0,0,0,1,0,5,0,0
20.0076145239533,0,0,0,0,2,0,1,0,4,0,0
18.0189506073617,1,0,0,0,0,1,1,0,2,0,1
11.0166744803055,1,0,0,0,0,0,1,0,2,0,0
1.00674144770226,1,1,1,0,1,0,1,0,4,0,0
2.00162580334436,1,0,1,0,0,0,1,0,4,0,0
10.9831325722294,1,0,0,0,0,0,1,0,3,0,1
9.99723616624937,0,1,0,0,0,0,1,0,4,0,1
18.9860383696708,1,0,0,0,0,0,1,0,2,0,0
16.9968876364056,0,0,0,0,0,0,1,0,0,0,0
26.9894605826766,0,1,0,0,0,1,1,0,0,0,0
1.00108348257107,1,1,0,0,0,0,1,0,4,0,0
1.02156381514279,1,1,1,0,1,0,1,0,4,0,0
0.996712795459117,1,1,0,0,0,0,1,0,4,0,0
1.01780955670463,1,1,0,0,0,0,1,0,2,0,0
15.0164321742353,1,1,0,0,0,0,1,0,1,0,0
27.9965037375673,1,0,0,0,0,0,1,0,4,1,0
2.00684191191517,0,0,0,0,0,0,1,0,2,0,0
10.0095606640698,0,1,0,0,0,1,1,0,0,0,0
27.0072777629059,1,1,0,0,0,0,1,0,4,0,0
9.00710615289566,1,1,0,0,0,1,1,0,4,0,1
2.02319996516277,1,0,0,0,0,0,1,0,4,0,1
51.9826496939071,0,1,0,0,0,0,0,1,5,0,0
37.9996464970095,0,0,0,0,1,0,0,1,4,0,0
11.9831062993367,1,0,0,0,1,0,0,1,3,0,0
24.9918308350092,1,0,0,0,0,0,0,1,3,0,0
26.9915239151533,1,0,0,0,1,0,0,1,5,0,0
16.9937257977322,0,0,0,0,1,0,0,1,4,0,0
8.00140181782523,1,1,1,0,0,0,0,1,3,0,0
23.9982248533943,1,0,0,0,0,1,0,0,2,0,0
27.007876140574,0,1,0,0,0,0,0,0,5,0,0
3.01889430407398,0,0,0,0,1,0,0,1,3,1,0
18.9960544870973,1,0,0,0,0,1,0,0,2,0,1
7.00229350760641,1,1,0,0,0,0,0,0,5,0,1
3.00789024680645,0,1,0,0,0,0,0,0,4,0,1
2.99425056418012,0,0,0,0,1,0,0,0,4,0,1
22.984901082282,0,0,0,0,2,0,0,0,5,0,0
27.0005203250393,1,0,0,0,0,0,0,0,5,0,1
29.9874223375069,0,0,0,0,2,0,0,0,5,0,0
1.00175392312091,1,0,0,0,0,0,0,0,4,0,0
16.9994217603098,0,0,0,0,0,1,0,0,2,0,0
11.0091860608674,0,1,0,0,0,0,0,0,3,0,0
6.99117139446963,1,0,0,0,0,1,0,0,3,0,0
26.9869288782016,1,0,0,0,0,0,0,0,3,0,0
13.9954256621484,1,0,0,0,2,1,0,0,3,0,0
27.0002813762735,1,0,0,0,0,0,1,0,2,0,0
14.0268187886912,1,0,0,0,1,0,1,0,3,1,1
11.0039243606788,1,1,0,0,0,1,0,0,4,0,0
27.0037010432777,0,0,1,0,0,0,0,0,3,0,0
17.991835933053,1,0,0,0,0,0,0,0,5,0,1
16.9975092347928,1,1,1,0,0,0,0,0,4,0,0
2.00899918222144,1,1,0,0,0,0,0,0,2,0,0
0.999691969116542,1,1,0,0,0,0,0,0,4,0,0
16.0161016361096,1,0,0,0,2,0,1,0,3,1,0
5.00679383607427,1,1,0,0,0,0,1,0,4,0,0
11.9920987754567,0,1,0,0,2,0,0,0,4,0,0
27.0097762030767,0,0,1,0,0,1,0,0,0,1,0
21.9981683016741,0,1,0,0,2,1,1,0,2,0,0
27.0161896081484,1,1,0,0,0,0,0,0,4,0,0
13.0088260233247,0,1,0,0,0,0,0,0,3,0,0
0.981365665153639,1,0,0,0,0,0,1,0,4,0,0
27.0049816185449,1,0,0,0,0,0,1,0,2,0,0
12.0207417624873,1,1,0,0,0,0,1,0,2,0,0
1.00004986768677,0,0,0,0,2,0,1,0,3,0,0
23.9951320505983,1,0,0,0,2,0,0,0,3,0,0
34.0141701833422,0,0,1,0,0,0,1,0,5,1,0
26.9951627128333,0,0,0,0,0,0,1,0,2,0,0
13.0156880384597,0,0,0,0,0,0,1,0,0,1,0
26.9964339485406,0,1,0,0,2,0,0,0,5,0,0
1.02359265447097,1,0,0,0,0,1,0,0,5,1,1
5.00614367374758,0,0,0,0,0,0,0,0,0,0,1
0.99651872024278,0,0,0,0,0,0,1,0,4,0,1
2.01176462422729,0,0,0,0,0,0,1,0,5,1,1
3.99109964734487,0,1,0,0,1,1,1,0,2,0,1
26.9978442119539,0,0,0,0,0,0,1,0,3,0,0
27.0210766692736,1,1,0,0,0,0,1,0,1,1,0
27.0010991231716,1,0,0,0,2,0,1,0,0,1,0
26.9920525342447,1,0,0,0,0,0,1,0,2,0,1
1.00322742949785,0,1,0,0,0,0,1,0,2,0,0
27.0037319738582,1,0,0,0,0,0,1,0,3,0,0
2.01631727686875,1,0,0,0,0,0,1,0,2,0,0
11.0068854495932,1,1,0,0,2,1,1,0,4,0,1
29.0136799601304,0,1,0,0,0,0,1,0,3,0,1
23.0009845875284,1,0,0,0,0,1,1,0,3,0,0
13.0090234198618,1,0,0,0,0,1,1,0,2,0,0
9.01007115721977,1,0,1,0,0,0,1,0,5,0,0
8.00539205882722,1,0,0,0,0,0,1,0,0,0,0
3.99583526843485,0,0,0,0,2,0,1,0,4,1,0
10.012098784901,1,1,0,0,1,0,1,0,5,0,0
7.99944079324632,0,1,0,0,0,0,1,0,5,0,0
9.99934628490804,0,1,0,0,0,0,1,0,2,0,0
1.00435927717118,1,1,0,0,0,0,1,0,3,0,1
7.98616045864129,1,1,0,0,0,0,1,0,4,0,0
0.981743371197456,0,0,0,0,0,0,1,0,0,0,0
17.0072884147883,1,0,0,0,0,0,1,0,4,0,0
1.01043244450077,0,1,0,0,2,0,1,0,5,0,1
26.9985822830355,0,1,0,0,0,1,1,0,5,0,1
22.0181201680968,0,0,0,0,0,0,1,0,2,0,1
25.9984954961743,1,0,0,0,0,0,1,0,5,0,0
13.997684145996,1,1,0,0,0,0,1,0,2,0,0
1.01089312187268,0,1,0,0,0,0,1,0,3,0,0
5.01320635554129,0,1,0,0,0,0,1,0,3,0,1
2.99648057749219,0,1,0,0,0,0,1,0,3,0,0
27.0016482565153,0,0,0,0,0,0,1,0,5,0,1
1.01382183956314,1,1,0,0,0,0,1,0,3,0,0
5.99301264271655,0,1,0,0,0,0,0,1,5,0,1
1.0011096857876,0,1,0,0,1,0,1,0,4,0,1
27.9944815855924,1,1,0,0,0,0,1,0,5,0,0
26.9988282993873,0,1,0,0,0,0,1,0,2,0,0
4.99748494715886,1,1,0,0,0,0,1,0,0,0,0
16.9910855189267,0,0,0,0,0,0,1,0,3,0,0
19.9997217977123,0,1,0,0,0,0,1,0,1,0,0
27.0128731069199,0,1,0,0,0,0,0,1,2,0,1
1.9950036884208,0,1,0,0,0,0,0,1,2,1,1
26.9973345333373,0,1,0,0,0,0,0,1,4,0,0
0.988671903350399,0,0,0,0,0,0,0,1,3,0,0
3.00051951533411,1,0,0,0,2,0,0,1,2,0,0
6.00553906570437,1,1,0,0,0,0,0,1,4,0,0
0.991123082652553,0,1,0,0,0,1,0,1,0,0,0
26.9910863223032,1,1,0,0,0,0,0,1,2,1,0
25.98126070056,1,0,0,0,0,0,0,1,5,0,0
3.9897208771594,0,1,0,0,0,0,0,0,3,0,1
26.9956504793865,1,1,0,0,0,0,0,1,0,1,1
3.00742869490072,0,1,0,0,0,0,0,1,4,0,1
24.0068250273015,0,1,0,0,0,0,0,0,3,0,0
26.9985924462531,1,0,0,0,0,0,0,0,5,1,0
1.98858615304615,1,0,0,0,0,1,0,0,5,0,0
23.000590021342,1,1,0,0,0,1,0,0,3,0,0
0.995859085145551,0,0,0,0,2,0,0,0,5,0,0
27.0031150752009,0,1,0,0,2,0,0,0,4,0,0
3.00094958369634,0,0,0,0,0,0,0,0,5,0,0
0.998600775530975,1,1,0,0,0,0,0,0,4,0,1
4.01531334921072,0,0,0,0,0,1,0,0,3,0,1
12.9960517147583,1,1,0,0,0,0,0,0,3,1,1
12.0141079207963,0,0,0,0,0,0,0,0,4,0,1
0.990416344203807,1,1,0,0,1,0,0,0,3,0,1
16.0108145548075,1,1,0,0,0,0,0,0,5,1,1
12.9967155902987,0,0,0,0,1,0,0,0,4,1,1
27.0029714463151,0,0,0,0,0,0,0,0,2,1,1
26.9925353998666,0,1,1,0,0,0,0,0,5,0,0
12.0068957977028,0,1,0,0,0,0,0,0,0,0,1
10.9995787925848,1,0,0,0,2,0,0,0,5,1,1
0.999330396861335,0,0,0,0,0,0,0,0,5,0,1
10.9950501329012,1,0,0,0,2,0,0,0,5,0,0
10.0076609414531,0,1,0,0,0,0,0,0,3,0,0
11.0101944472202,0,0,0,0,2,0,0,0,5,1,0
27.0082212674448,1,0,0,0,0,0,0,0,4,0,0
26.9968957152198,0,1,0,0,2,0,0,0,4,0,0
1.01723196409549,1,1,1,0,0,0,0,0,4,0,1
23.0064026953626,0,0,1,0,0,0,0,0,4,0,1
5.99327068020986,0,1,0,0,1,0,0,0,3,0,1
6.99524579967502,0,0,0,0,0,1,1,0,3,0,1
1.99659485891073,1,0,0,0,0,0,1,0,3,0,1
10.9947686126202,0,1,0,0,0,1,0,0,4,0,1
2.99493947413183,1,0,0,0,0,0,0,0,3,1,1
0.98922724459989,1,1,0,0,1,0,0,0,3,0,1
26.9962257378872,1,1,1,0,1,0,0,0,4,0,1
4.99848220234415,0,0,0,0,0,0,1,0,5,0,1
1.01430329158619,1,0,0,0,0,0,0,0,2,0,1
1.00515755026034,1,1,0,0,1,0,0,0,5,0,1
25.9973887624983,1,1,0,0,2,0,0,0,5,0,1
15.015585264534,1,0,1,0,0,0,1,0,5,1,1
27.0030677171499,0,0,0,0,0,0,1,0,3,0,0
4.01246649019067,0,0,0,0,0,1,1,0,0,0,0
0.989206853504247,1,0,0,0,2,0,0,0,2,0,0
1.99251449846129,1,1,0,0,0,0,1,0,3,0,1
26.9870193971234,1,1,0,0,0,0,1,0,3,0,1
8.00086443937626,0,1,0,0,0,1,1,0,2,0,1
10.9895100016338,0,0,0,0,0,0,0,0,0,0,1
1.99984412416495,0,0,0,0,2,1,0,0,2,0,1
13.0083056489941,1,1,0,0,2,0,1,0,0,1,1
1.01800506466335,1,1,1,0,2,0,1,0,2,1,1
1.00531080107991,0,0,0,0,1,0,0,0,3,0,0
14.0141757743753,0,0,0,1,2,0,1,0,2,0,0
0.999900572320326,0,0,1,0,0,0,1,0,3,0,0
0.990053224113123,1,1,1,0,0,0,1,0,4,0,0
26.9931696335461,1,1,1,0,0,0,1,0,5,0,0
10.0038303962724,0,0,0,1,0,0,1,0,3,1,0
0.994887417240245,1,1,1,0,0,0,1,0,5,0,0
10.9832366945396,1,1,1,0,2,0,1,0,4,0,0
9.99866843334176,0,0,0,0,0,1,1,0,3,0,0
26.9980438878219,0,1,1,0,0,0,1,0,2,0,0
1.98656377710735,1,1,0,0,1,0,1,0,2,0,0
6.00342215277822,1,0,1,0,0,0,1,0,2,0,0
27.0056131678216,0,1,0,0,0,0,1,0,5,0,1
1.99867925550009,0,0,0,0,0,0,1,0,2,0,0
0.980932270082775,0,1,0,0,0,0,1,0,5,1,1
4.014350805286,0,1,0,0,0,0,1,0,5,0,0
27.0145247099283,1,0,1,0,0,0,1,0,5,1,1
11.9960633012554,0,1,0,0,0,0,1,0,4,1,1
27.0162024632205,1,1,0,0,0,0,1,0,2,0,0
27.0130041328313,1,0,0,0,0,0,1,0,2,0,1
5.00693142216243,0,1,0,0,0,0,1,0,5,0,1
7.99613130724614,1,0,0,0,0,0,1,0,4,0,0
18.0082440708071,1,0,0,0,2,0,1,0,2,0,0
18.003823285557,0,0,0,0,0,1,1,0,2,0,0
1.00193335995923,1,0,0,0,0,0,1,0,4,0,1
1.98860286572616,1,1,0,0,0,0,1,0,4,0,1
4.01158372269355,0,0,0,0,0,0,1,0,4,0,1
26.9989911712771,0,0,0,0,0,0,1,0,5,0,0
0.996987101544503,0,1,0,0,1,0,1,0,3,0,0
3.00526262078771,1,1,0,0,0,0,1,0,2,0,0
12.0023728100679,1,0,0,0,1,0,1,0,2,0,0
26.998003132053,1,1,1,0,1,0,1,0,5,0,0
26.9982909645838,1,1,1,0,0,0,1,0,4,0,0
15.0070627125979,1,0,0,0,0,0,1,0,0,0,0
27.0031913212145,0,0,1,0,0,0,1,0,4,0,0
20.9985658226771,1,1,1,0,0,0,1,0,2,0,0
30.9904348675315,0,0,0,0,0,0,1,0,0,0,0
9.00363791639151,1,0,0,0,0,0,1,0,3,0,0
12.9930625519476,1,1,0,0,0,0,1,0,4,0,0
2.00750984491197,0,0,0,0,0,0,1,0,3,1,0
10.9943732293461,1,1,0,0,1,0,1,0,2,0,1
1.99610720572093,0,0,0,0,0,0,1,0,2,0,1
1.99294684569834,1,0,0,0,0,0,1,0,5,0,0
1.00528975358366,0,1,0,0,0,0,1,0,4,1,1
25.0030102362305,0,0,0,0,0,0,1,0,5,1,1
15.0187754382664,1,1,0,0,0,0,1,0,4,0,0
0.986272533689101,0,0,0,0,0,0,1,0,4,0,1
2.9989485100564,1,0,0,0,0,0,1,0,4,0,0
27.985036865671,0,0,0,0,0,0,1,0,3,1,0
17.0178077749461,0,0,0,0,2,0,1,0,2,0,0
24.9953967115844,0,0,0,0,1,0,1,0,2,0,0
27.0066960507991,0,1,0,0,0,0,1,0,4,1,0
6.9773807809207,0,0,0,0,0,1,1,0,2,0,0
2.99115619359575,1,0,0,0,0,0,1,0,3,0,0
1.99606311709296,1,0,0,0,0,0,1,0,3,0,0
12.9998494775082,0,0,0,0,0,0,1,0,3,0,0
0.993520715392021,0,1,1,0,2,0,1,0,5,0,0
26.9910077661222,0,1,0,0,0,0,1,0,3,0,0
0.991396183371664,0,0,1,0,0,0,0,1,5,0,0
26.9851268387602,1,0,1,0,0,0,0,1,4,0,1
11.9940066577671,0,1,0,0,0,0,0,1,4,0,0
27.0094258616004,1,1,0,0,0,0,0,1,4,0,0
0.98825231463021,0,1,0,0,0,0,0,1,4,0,0
27.0138432418567,0,0,0,0,0,0,0,1,4,0,0
3.01377098416507,0,0,0,0,1,0,0,1,4,0,0
16.0063415666095,0,0,0,0,0,0,0,1,2,0,0
22.0068833964767,1,1,0,0,0,1,0,1,3,0,0
0.999619591677057,1,1,0,0,0,0,0,1,2,0,0
26.9861927336316,1,1,0,0,0,0,0,0,3,1,1
1.00941653650694,1,0,0,0,0,0,0,1,0,1,1
8.01414550465489,0,0,0,0,0,0,0,0,3,0,0
12.9981430529794,1,1,1,0,0,0,0,0,5,0,0
25.0078605028177,0,0,1,0,0,0,0,0,4,0,0
24.0141204021051,0,0,0,0,1,0,0,0,5,0,0
12.007251141398,0,0,0,0,2,0,0,0,5,1,0
12.0092437314062,1,1,0,0,2,0,0,0,3,0,0
14.0088924505749,0,1,0,0,0,1,0,0,3,0,0
26.0008215632193,1,0,0,0,0,0,0,0,5,0,1
20.0076058048113,0,0,0,0,0,0,0,0,4,0,0
8.98205641238732,1,0,0,0,2,0,0,0,3,0,1
27.0045946042035,0,0,0,0,1,0,0,0,5,1,0
20.9939560035724,1,1,0,0,0,0,0,0,2,0,0
2.99469935496099,1,1,0,0,0,0,0,0,2,0,0
8.99664419899411,0,1,0,0,2,1,0,0,5,0,0
7.00438571916935,0,0,0,0,1,0,0,0,5,0,0
1.01003663525969,1,0,0,0,0,0,0,0,3,0,0
19.0048518880295,0,0,0,0,2,0,0,0,3,0,0
27.0010174739186,0,1,0,0,2,0,0,0,4,0,0
27.0021309990475,1,1,1,0,0,0,0,0,2,0,0
5.99729196536486,1,0,0,0,2,0,0,0,4,1,0
8.9938639502658,1,0,1,0,0,0,0,0,2,0,0
27.0040061016857,0,1,1,0,0,0,0,0,4,1,0
1.03210782716919,0,1,1,0,2,0,0,0,5,0,0
26.9814283379129,1,0,1,0,0,0,0,0,3,0,0
0.995243929449647,0,0,0,0,0,0,0,0,5,0,0
27.0198863230125,0,0,1,0,0,0,0,0,3,0,0
0.99091275750303,0,1,1,0,0,0,0,0,4,0,0
27.0010027294201,1,1,1,0,1,0,0,0,2,0,0
26.998373425419,1,0,1,0,0,0,0,0,2,0,0
25.9992047925225,1,0,0,0,0,0,0,0,2,0,0
10.9960280588206,0,0,0,0,0,0,0,0,4,0,0
11.9971148372459,1,1,0,0,2,1,0,0,4,0,0
11.9976706490687,1,0,0,0,0,0,0,0,2,0,0
6.99209187098941,1,1,0,0,1,0,0,0,3,0,0
12.0069732709894,0,0,0,0,0,0,1,0,4,0,0
14.9889073509908,1,1,0,0,0,0,0,0,3,0,0
9.00386304263135,0,0,0,0,0,0,1,0,3,0,0
2.01621864174338,0,1,0,0,2,0,0,0,5,0,0
4.00412466954223,0,0,0,0,2,0,1,0,1,0,0
19.9918300375959,0,1,0,0,1,0,1,0,0,0,0
26.9994609115175,0,1,0,0,1,0,1,0,5,0,0
1.99894646707334,1,0,0,0,0,0,1,0,4,0,0
26.9938851950907,0,0,0,0,2,0,1,0,2,0,0
7.99194884381818,1,1,0,1,0,0,1,0,5,0,0
27.9870689923634,0,0,0,0,0,0,1,0,3,0,0
0.994814047250863,1,0,0,0,0,0,1,0,2,0,0
27.0095045891099,1,0,0,0,2,0,1,0,3,0,0
2.00885950913797,1,0,0,0,0,0,1,0,3,0,0
8.99252151634666,0,1,0,0,2,0,1,0,3,0,0
17.005603426201,1,1,0,0,0,0,1,0,2,0,0
1.01600012135068,1,0,0,0,2,0,1,0,3,0,0
16.999754517506,1,1,0,0,2,0,1,0,4,0,0
6.99336800492844,1,0,0,0,0,0,1,0,3,0,0
10.9923089055254,0,0,0,0,2,0,1,0,0,1,0
6.00046458332365,0,1,0,0,0,0,1,0,3,0,0
26.9956216424634,1,1,0,0,0,0,1,0,2,0,0
1.00731058529811,0,0,1,0,0,0,1,0,2,0,0
27.0094280766506,0,0,0,0,1,0,1,0,5,1,0
9.00318519651359,1,0,0,0,2,0,1,0,2,0,0
8.98707486667381,0,0,0,0,2,0,1,0,4,0,0
36.0039550093722,0,1,0,0,0,0,1,0,4,0,0
20.0147992187287,0,0,0,0,0,0,1,0,0,0,0
21.0038547548937,0,0,0,0,0,0,1,0,5,0,1
26.9873578490168,1,0,1,0,0,0,1,0,3,0,0
3.00337949961787,0,1,0,0,1,0,1,0,5,0,0
13.9962039906287,1,0,0,0,2,1,1,0,2,1,0
17.0002223364228,1,0,0,0,0,0,1,0,3,1,1
28.0011863701411,0,1,0,0,0,0,1,0,0,0,0
16.9915890497227,0,0,0,0,2,0,1,0,3,0,0
20.0004308361117,1,1,0,0,0,0,1,0,4,0,1
0.997147773113589,1,1,0,0,1,0,1,0,5,0,0
6.00742710697481,1,0,1,0,0,0,1,0,3,0,0
0.996415392719266,0,1,0,0,0,0,1,0,5,0,0
0.984595712959607,0,1,0,0,0,0,1,0,3,0,0
1.00905462858971,0,1,1,0,0,0,1,0,4,0,0
18.0075324099017,0,0,1,0,0,0,1,0,5,0,0
1.00876864154259,1,0,0,0,2,0,1,0,3,0,1
18.0021000088467,1,1,0,0,0,0,1,0,5,0,0
27.0091883532489,1,1,0,0,0,0,1,0,3,0,0
16.003097685815,0,0,0,0,0,0,1,0,2,0,0
19.994709505898,1,1,0,0,2,1,1,0,1,0,0
27.0091493326935,1,0,0,0,0,0,1,0,3,1,0
16.0113698673122,1,0,0,0,0,1,1,0,2,0,0
18.0212117628402,0,0,0,0,0,1,1,0,2,0,1
0.994974844067691,1,1,0,0,1,0,1,0,5,0,0
1.00190477280797,1,0,1,0,0,0,1,0,5,1,1
27.9964165577098,0,1,0,0,0,0,1,0,5,0,0
2.00572875286826,0,0,0,0,0,0,1,0,5,1,0
2.0014183258705,1,0,1,0,0,0,1,0,0,1,0
6.99946855505738,0,0,0,0,2,0,1,0,3,0,0
9.00280237070307,1,0,1,0,0,0,1,0,4,0,0
16.9984792402246,1,0,0,0,0,1,1,0,2,0,0
27.0067038277252,0,1,0,0,0,0,1,0,4,0,0
26.9984299318487,0,0,0,0,0,0,1,0,2,1,0
1.01455386552375,1,0,0,0,0,0,1,0,2,0,0
26.9883957204496,0,0,0,0,0,0,1,0,3,0,0
1.01650721774318,1,1,0,0,0,0,1,0,3,0,0
4.9993013259645,1,0,0,0,0,0,1,0,2,1,0
26.9863365225761,0,0,0,0,0,0,1,0,3,0,0
27.005900486103,1,0,0,0,0,0,1,0,5,0,0
16.9952939748398,0,0,0,0,1,0,0,1,3,0,0
2.99771365830543,1,0,0,0,0,0,1,0,3,0,0
26.997446655598,1,0,0,0,0,0,1,0,3,1,0
12.0016230955365,1,1,0,0,0,1,0,1,4,0,0
5.00301726372899,1,0,0,0,1,0,0,1,2,0,0
2.98880150362573,1,0,0,0,1,0,0,1,3,0,0
2.99810078712831,0,0,0,0,0,0,0,1,3,0,0
15.9963400754224,1,1,0,0,0,0,0,1,2,1,1
1.01369012871606,0,0,0,0,0,0,0,1,5,1,1
27.002834822139,0,1,0,0,0,0,0,1,3,0,0
0.996004402692483,0,0,0,0,0,1,0,1,5,0,0
18.9865796794506,1,0,0,0,0,1,0,1,2,0,0
20.0040673674101,0,0,0,0,1,1,0,1,2,0,0
26.9869052006452,1,0,0,0,1,0,0,1,3,1,1
2.97458631321003,0,1,0,0,0,0,0,0,2,0,0
15.9949012565961,1,1,0,0,0,0,0,0,4,0,0
27.0271556684275,0,1,0,0,0,0,0,0,3,0,1
26.9920639070828,1,0,1,0,0,0,0,0,2,0,0
7.00894919155468,0,1,0,0,0,0,0,0,4,1,1
17.0047526571848,1,1,1,0,0,0,0,0,0,0,0
28.9958744437621,0,0,1,0,0,0,0,0,5,1,0
16.9990207486268,0,0,1,0,0,0,0,0,2,0,0
3.99268216451785,0,0,0,0,2,0,0,0,3,0,1
11.0209236439542,1,1,0,0,0,0,0,0,2,0,0
9.99781657461414,0,0,0,0,2,0,0,0,2,0,0
4.99579394099867,1,1,0,0,0,0,0,0,3,0,0
0.994131784008652,1,0,0,0,2,1,0,0,5,0,0
11.0081384712078,1,0,0,0,0,0,0,0,5,0,0
1.9999845584572,0,0,0,0,2,0,1,0,4,0,0
26.9881216570238,0,0,0,0,1,0,0,0,3,0,0
2.00917716874515,1,0,0,0,1,0,1,0,5,0,0
10.9916285833503,0,0,0,0,0,1,0,0,3,1,0
19.9969319790524,0,0,0,0,0,0,0,0,3,0,0
9.00478486636541,1,0,0,0,2,0,1,0,4,0,0
25.9967563401401,0,1,0,0,0,0,1,0,0,0,0
1.01379126494413,0,0,0,0,2,0,1,0,0,0,0
5.0139242335046,0,1,0,0,1,0,0,0,4,0,0
16.9911360958051,1,0,0,0,2,0,1,0,4,1,0
21.9915895055819,0,0,0,0,2,0,1,0,0,0,0
24.9847656722211,1,1,0,0,0,0,1,0,3,0,0
26.0062561064048,1,1,0,0,0,1,1,0,2,0,0
29.0063568226722,0,0,0,0,2,0,1,0,4,0,0
10.0055298761855,1,1,0,0,0,1,1,0,4,0,0
27.0152124815888,0,1,0,0,2,0,1,0,4,0,0
7.99644266247902,0,0,0,0,0,0,1,0,3,0,0
26.9949753503845,0,1,0,0,0,0,1,0,5,0,0
3.00609070161608,0,1,0,0,0,0,1,0,3,0,0
0.987352321775179,1,0,0,0,0,0,1,0,3,0,0
26.9868671460855,0,1,0,0,0,1,1,0,4,0,0
10.0164684330399,0,1,0,0,1,0,1,0,3,0,0
0.98819852100387,0,0,0,0,0,0,1,0,0,0,0
27.0077546090983,0,0,0,1,0,0,1,0,2,1,0
5.98951069957378,0,0,0,0,0,0,1,0,5,0,0
26.9986373071846,0,1,0,0,2,0,1,0,5,0,0
0.989647129703349,1,1,0,0,0,0,1,0,4,0,0
26.9735703825324,1,0,0,0,0,0,1,0,0,0,0
5.0192983780933,0,1,0,1,0,0,1,0,5,0,0
3.0093459201919,1,0,0,0,2,0,1,0,3,0,0
12.9948638404781,0,0,0,0,2,0,1,0,0,1,0
24.0127771628631,0,0,0,0,1,0,1,0,5,1,0
15.9922327177164,0,0,0,0,0,1,1,0,2,0,0
1.99767178360235,1,0,0,0,2,0,1,0,1,0,0
26.997757504664,0,0,1,0,0,0,1,0,5,0,0
0.995135652408994,1,1,0,0,1,0,1,0,3,0,0
7.01915701691293,1,0,0,0,1,0,1,0,3,0,0
2.01110669417552,0,1,0,0,1,0,1,0,3,0,0
12.9790526951298,1,1,0,0,0,0,1,0,3,1,0
15.005363556099,1,0,0,0,0,0,1,0,4,1,0
1.01444072594936,1,1,0,0,0,0,1,0,4,0,0
2.01354489681436,1,0,0,0,2,0,1,0,3,0,0
3.99997588662334,0,0,0,0,2,0,1,0,3,0,0
23.0023462429985,0,1,0,0,0,0,1,0,5,1,0
0.994502945467468,0,0,0,0,0,0,1,0,4,0,0
5.9854204057486,1,0,0,0,0,0,1,0,2,1,0
0.981867301417127,1,0,0,0,0,0,1,0,4,1,0
1.0031362649965,0,0,0,1,0,0,1,0,3,0,0
26.9880798818316,0,0,0,0,0,0,1,0,3,1,0
0.996447930349268,1,0,1,0,0,0,1,0,5,0,0
2.00404514042466,0,0,0,0,2,0,1,0,5,0,0
15.0041824150558,1,0,0,0,0,1,1,0,2,0,0
26.9983996632419,1,0,0,0,2,0,1,0,4,1,0
2.99180495696111,0,1,0,0,0,0,1,0,2,0,0
13.0068628393266,1,0,0,0,0,1,1,0,2,0,0
7.00961679309582,0,0,0,0,0,0,1,0,5,0,0
2.99511103032853,0,0,0,0,0,0,1,0,5,1,0
15.0000128766376,0,0,0,0,0,0,1,0,2,0,0
1.00405042978612,0,0,0,0,2,0,1,0,5,1,0
12.987237447794,0,1,0,0,0,0,1,0,4,0,0
10.0010504891327,0,0,0,0,0,1,1,0,3,0,0
24.0091353386653,1,1,0,0,0,0,1,0,1,0,0
1.98532625843564,1,0,0,0,0,0,1,0,2,0,0
1.00780619700495,1,0,0,0,0,0,1,0,4,0,0
20.006367782626,0,0,0,0,0,0,1,0,0,1,1
27.0018649061172,0,0,0,0,1,0,1,0,5,1,0
19.9818433100747,0,0,0,0,0,0,1,0,5,0,0
14.0007727826663,1,0,0,0,0,1,1,0,3,0,0
26.9917556152104,1,0,0,0,0,0,1,0,2,0,0
3.98463409697137,1,0,0,0,0,0,1,0,3,1,0
4.00880602622506,0,0,0,0,0,0,1,0,4,0,0
20.9948802478074,0,1,0,0,0,1,1,0,2,0,1
5.98767787591555,1,0,0,0,0,0,1,0,2,0,1
13.9875855728621,0,1,0,0,0,0,1,0,4,0,0
9.00232984922317,1,0,0,0,0,0,1,0,5,0,0
26.9882489277865,1,1,0,0,0,0,1,0,3,0,0
45.0113470163396,0,1,0,0,0,0,0,1,3,0,0
45.0120411392992,0,0,0,0,1,0,0,1,4,1,0
21.9931557009633,1,1,0,0,0,0,0,1,0,0,1
5.99249906089561,1,0,0,0,0,0,0,1,3,0,0
16.9957717172486,0,0,0,0,0,0,0,1,5,1,1
52.0043819195106,0,1,0,0,0,0,0,1,3,0,1
26.0016950187752,0,0,0,0,0,0,0,1,5,1,1
7.00525201886304,0,0,0,0,0,0,0,1,2,0,1
1.98489362979432,0,0,0,0,1,1,0,1,2,1,0
26.9884042618487,1,1,0,0,0,0,0,1,4,0,0
26.9943478764935,0,0,0,0,1,0,0,0,0,0,0
26.98910733072,1,0,0,0,0,0,0,1,3,0,0
27.9970281814122,0,1,0,0,0,0,0,1,5,0,0
22.0002965289828,0,0,0,0,1,0,0,0,3,0,0
2.01488353178503,1,0,0,0,0,0,0,0,2,1,0
3.99966842348387,1,0,0,0,1,0,0,0,4,1,0
27.0102521309189,1,0,0,0,2,0,0,0,4,1,0
27.0139316166678,0,0,0,0,2,0,0,0,4,0,1
17.9978108121723,1,0,0,0,2,1,0,0,2,1,0
9.01299354598346,0,1,0,0,0,1,0,0,5,0,0
3.98045482530024,1,0,0,0,0,0,0,0,5,0,0
30.0040334217353,1,0,0,0,0,0,0,0,3,0,0
23.0142903911191,0,0,0,0,0,0,0,0,0,0,0
33.0052542078374,0,1,0,0,0,0,0,0,4,0,0
13.0002032807785,0,0,0,0,0,0,0,0,5,0,0
26.9862051144132,0,0,1,0,2,0,0,0,0,1,1
12.0015757410433,0,1,0,0,0,1,0,0,4,0,1
27.0102559298535,0,0,0,0,0,0,0,0,2,0,1
27.000779141597,1,1,1,0,0,0,0,0,2,0,1
2.99202800370228,0,1,0,0,0,0,0,0,5,0,1
26.9929908002267,1,1,0,0,0,0,0,0,0,1,1
13.9942770551418,0,1,0,0,0,0,1,0,2,0,0
10.9863306838123,1,1,0,0,0,0,0,1,4,0,0
19.0025422803046,0,1,0,0,0,0,0,0,3,0,0
28.0125683887457,1,0,0,0,0,0,0,0,3,0,0
12.9936787178508,0,0,0,0,2,0,0,0,0,0,1
12.0138499757101,0,1,0,0,0,1,0,0,4,0,0
26.9973257888574,1,1,0,0,0,0,0,0,3,0,0
29.9843488330813,1,1,0,0,0,0,0,0,3,0,0
1.99313517551644,1,0,1,0,0,0,0,0,2,1,0
11.9982514999427,1,1,0,0,2,0,0,0,0,0,1
4.02075173964482,1,1,1,0,0,0,1,0,2,0,0
20.003993084259,0,0,0,0,2,0,1,0,2,0,1
1.00661069731784,1,1,0,0,0,0,1,0,0,0,0
27.0088781751822,1,0,1,0,0,0,1,0,4,0,0
1.00760876884551,0,0,1,0,0,0,1,0,4,0,0
26.9826140684867,0,1,0,0,0,0,1,0,2,0,0
27.0031107751477,0,0,0,0,0,0,1,0,5,0,0
5.99983610996284,1,1,0,0,0,0,1,0,4,0,1
27.0093480235351,1,1,0,0,1,0,1,0,3,1,1
1.00662840785053,0,0,0,0,0,0,1,0,2,0,0
19.9970011002486,0,0,0,0,0,1,1,0,2,0,0
1.00863278279686,0,1,0,0,0,0,1,0,2,0,0
16.9914544992926,0,0,0,0,0,0,1,0,3,0,0
3.98914320960819,0,0,0,0,0,0,1,0,5,0,1
27.0010900598347,1,1,0,0,0,0,1,0,0,0,0
26.9956479280373,1,1,0,0,2,0,1,0,2,1,0
12.9969000553385,1,0,0,0,0,0,1,0,4,0,0
1.01200294726479,0,0,1,0,0,0,1,0,5,0,0
4.01067249980841,1,0,0,0,0,0,1,0,5,0,0
26.9787167492634,0,1,0,0,2,0,1,0,5,0,0
8.99179918592075,0,1,1,0,0,0,1,0,2,0,0
17.0032197776586,0,1,0,1,2,0,1,0,2,0,0
27.0143509104642,1,0,0,0,0,0,1,0,4,0,0
3.00701062306914,1,0,0,0,0,0,1,0,4,0,0
12.0201642811135,1,0,0,0,0,0,1,0,3,0,1
0.998253055229881,0,0,0,0,2,0,1,0,2,0,0
7.99937162429859,1,1,0,0,0,0,1,0,5,0,0
0.999708268074314,1,0,1,0,0,0,1,0,3,0,1
26.9872182184428,0,1,0,1,2,0,1,0,2,0,1
17.9865102726184,1,0,0,0,0,0,1,0,2,0,0
1.00049621672091,1,1,0,1,0,0,1,0,4,0,1
5.99952738984999,0,1,0,0,0,0,1,0,0,0,1
1.00647597775043,1,0,0,0,0,0,1,0,4,0,1
26.9988650920414,1,0,0,0,0,0,1,0,3,0,1
13.9893656726486,1,1,0,0,0,1,1,0,3,0,0
14.0021636249408,0,0,1,0,1,0,1,0,5,0,0
8.00414690142278,0,1,0,0,0,1,1,0,4,0,1
10.0077949401158,0,0,0,0,0,0,1,0,4,0,0
1.00309092481269,0,1,0,0,0,0,1,0,3,1,1
1.01376505253865,0,0,0,0,0,0,1,0,4,0,0
3.00708352164052,0,1,0,0,0,0,1,0,5,0,1
29.0080546757317,0,0,0,0,1,0,0,0,3,0,1
5.00735091621935,1,0,0,0,0,1,1,0,3,0,1
0.99687486157337,1,1,0,0,0,0,1,0,2,0,0
10.0061025952136,1,0,0,0,1,1,1,0,3,0,1
1.01065278648244,0,0,1,0,0,0,1,0,2,0,0
27.9941222487507,0,0,0,0,2,1,1,0,3,1,1
27.0059998889657,1,0,0,0,0,0,1,0,4,0,1
2.98662185155713,1,1,1,0,2,0,1,0,5,0,0
2.98958218849888,1,0,0,0,0,1,1,0,2,0,1
6.01308512584449,0,1,0,0,1,0,1,0,2,0,1
0.992779466032664,1,1,0,0,0,0,1,0,3,0,1
2.00351900164667,1,0,0,0,0,0,0,0,2,0,0
4.98979299708349,1,1,0,0,0,0,1,0,4,0,0
4.98808944491082,1,1,0,0,0,0,1,0,2,0,1
1.01166692686799,0,1,0,0,0,0,1,0,5,0,0
0.998640081397663,1,0,0,1,2,0,0,0,4,0,1
19.0267098341691,0,0,0,0,0,0,1,0,2,0,0
22.9876977915877,1,1,0,0,0,0,1,0,4,0,0
10.0025050256212,1,1,0,0,0,1,1,0,3,0,1
21.0251120885696,0,1,0,0,0,0,1,0,2,0,0
1.00162453761234,1,0,1,0,0,0,1,0,2,0,0
26.9886476457939,0,0,0,0,0,0,0,1,0,1,0
17.9955953917889,0,1,0,0,0,1,0,1,4,0,0
23.0032941865591,0,0,0,0,0,0,0,1,0,0,0
34.9887303156054,1,0,0,0,0,0,0,1,4,0,1
16.0116640058715,0,0,0,0,0,0,0,1,5,0,1
27.0029804864169,0,0,0,0,0,0,0,1,4,0,1
7.0051602001972,0,0,1,0,0,0,0,1,3,0,0
13.9904496821631,0,0,0,0,1,0,0,1,2,0,0
14.0010991392434,1,0,0,0,2,1,0,1,2,0,1
6.01182199418152,1,0,0,0,1,0,0,0,4,0,0
15.9967546586046,0,0,0,0,0,0,0,0,3,0,0
17.9873692434391,1,0,0,0,2,1,0,0,2,0,0
5.99501460645614,0,1,1,0,0,1,0,0,3,0,1
2.00140022620382,1,0,0,0,2,0,0,0,4,0,0
23.0144792516407,1,0,0,0,1,0,0,0,3,1,0
27.0074277210338,0,0,1,0,0,0,0,0,5,0,0
4.0287616899324,0,0,0,0,0,0,0,0,5,0,0
27.0013522284462,1,1,0,0,2,1,0,0,3,0,1
26.9994095419884,0,1,1,0,0,0,0,0,4,0,0
1.00457865900528,0,0,0,0,0,0,0,0,4,0,1
0.993422245680001,1,0,0,0,2,0,0,0,3,0,1
10.9930569696171,0,0,0,0,0,0,0,0,4,0,1
1.99050620180102,1,0,0,0,2,0,0,0,3,0,1
11.9922823723467,1,0,0,0,0,0,0,0,4,0,1
10.0035702002535,1,1,0,0,1,1,0,0,4,0,0
1.99855670178364,1,1,0,0,0,0,0,1,4,0,0
27.0105798604756,1,1,0,0,0,0,1,0,3,0,0
8.0031387350578,1,1,0,0,0,1,0,0,4,0,0
26.003587932192,1,0,0,0,0,1,0,0,2,0,0
1.96816649338721,0,1,0,0,0,0,0,0,5,0,0
8.0052102505729,1,0,0,0,2,0,0,0,5,0,0
19.9984228709107,0,1,0,0,2,0,1,0,3,0,1
12.9935901760289,1,0,0,0,0,0,1,0,4,1,1
2.98950551355905,0,0,0,0,0,0,1,0,3,0,1
5.99812434271066,0,0,1,0,0,1,0,0,3,0,1
1.00557975038837,0,0,0,0,0,0,1,0,4,0,1
0.990520357373344,1,1,0,0,0,0,1,0,2,0,1
27.9931917900206,1,0,0,0,1,0,1,0,2,0,1
4.01121489470306,0,0,0,0,0,0,0,0,5,0,1
26.9935081808856,0,0,1,0,0,0,1,0,2,0,1
26.9866825574483,1,1,1,0,1,0,1,0,3,0,1
9.01176591235356,0,1,0,0,2,0,1,0,5,0,1
6.0010168343873,0,0,1,0,0,0,1,0,3,0,0
21.0081187617235,0,1,0,0,2,0,1,0,2,0,0
1.00286859659948,0,1,0,0,0,0,1,0,3,0,1
7.99477726085815,1,0,0,0,1,0,1,0,4,0,0
13.9956429299154,0,0,0,0,0,1,1,0,2,0,1
17.0145415128292,0,0,0,0,0,1,1,0,2,1,0
0.992656340046351,0,0,0,0,0,0,1,0,4,0,0
1.02404885272856,1,0,0,0,1,0,1,0,3,0,0
2.99755561998562,0,0,0,0,0,0,1,0,3,0,0
2.00308072103382,1,0,0,0,0,0,1,0,3,0,1
0.995013887230021,1,0,0,0,0,0,1,0,2,0,1
1.0140287421174,0,0,1,0,1,0,1,0,0,0,0
0.994841404380476,0,1,0,0,0,0,1,0,2,0,1
6.99537035603284,1,0,0,0,2,1,1,0,3,0,0
9.01327615021097,1,0,0,0,0,1,1,0,2,0,0
8.00341217777922,1,1,0,0,0,0,1,0,3,0,0
12.0001012033354,1,0,0,0,0,1,1,0,3,0,0
26.0009569312175,0,0,0,0,0,0,1,0,3,0,0
1.00067925846983,0,1,1,0,0,0,1,0,3,0,0
17.0217005332138,0,0,1,0,0,0,0,0,4,0,0
7.01396941026395,0,0,0,0,0,0,1,0,4,0,0
26.9919316921321,1,0,0,0,0,0,1,0,3,0,0
27.014450226941,1,0,1,0,0,0,1,0,2,0,0
5.01745632528075,0,0,0,0,0,0,1,0,5,0,0
7.00374776752109,0,1,0,0,2,0,1,0,4,0,0
24.0070966506137,1,0,0,0,0,0,1,0,4,0,0
26.9956721248578,0,1,0,0,2,0,1,0,2,0,0
1.00126743035429,0,0,1,0,0,0,1,0,5,0,0
11.0170272824358,1,1,0,0,2,1,1,0,3,0,1
11.0059572027197,0,0,0,0,0,0,1,0,2,1,0
42.001405893076,1,0,0,0,1,1,1,0,2,0,0
6.01502622997337,0,0,0,0,2,0,1,0,2,0,0
26.9932685277763,0,0,0,0,0,0,1,0,3,0,0
2.00896939709121,1,1,0,0,0,0,1,0,5,0,0
2.00043602308452,0,1,0,0,0,0,1,0,3,0,0
11.9913954478205,1,0,0,0,0,1,1,0,2,0,0
27.0001052167355,0,1,1,0,0,0,1,0,5,1,1
3.00272538762541,1,0,0,0,0,0,1,0,3,0,0
2.99734608807978,0,1,0,1,0,0,0,0,5,0,0
24.000310519764,0,1,1,0,0,0,1,0,5,0,1
27.0011426799967,0,1,0,0,0,0,1,0,3,0,1
9.01884569760054,1,0,0,0,0,1,1,0,2,0,0
3.9987675997809,1,1,0,0,0,0,1,0,3,0,0
30.9892484172184,1,1,0,0,0,0,1,0,3,0,0
5.99310858600742,1,0,0,0,0,0,0,1,4,0,1
12.0053477965852,1,1,0,0,2,0,1,0,5,0,0
8.00598171001887,0,0,0,0,0,0,0,1,5,0,1
37.0127274687026,0,0,0,0,1,0,0,1,4,1,0
27.005443029255,0,0,0,0,0,0,0,1,5,0,0
7.99938889735634,0,1,0,0,0,1,0,1,0,0,1
1.00179699028795,1,1,0,0,0,0,0,1,3,0,0
26.9991414083005,0,1,0,0,0,0,0,1,2,0,0
27.0216127941991,1,0,0,0,0,0,0,1,5,0,0
16.0062423216782,1,0,0,0,0,0,0,1,4,1,1
0.995317156103238,1,1,0,0,0,1,0,1,4,0,1
7.00490011050594,0,1,0,0,0,1,0,1,2,0,1
6.99875072778159,1,0,0,0,2,0,0,1,4,0,1
1.99064017612094,1,0,0,0,1,0,0,0,2,0,1
13.9831642777689,1,0,0,0,1,0,0,1,3,0,0
11.9942227767178,0,1,0,0,0,0,0,1,5,0,0
10.0073927817922,0,0,0,0,0,0,0,1,3,0,0
26.001991285205,0,1,0,0,0,1,0,0,2,0,0
25.9873467232272,0,1,1,0,0,0,0,0,3,1,0
7.02574303522266,1,1,0,1,0,0,0,1,2,0,0
9.9881762154996,1,0,0,0,0,0,0,0,4,0,1
26.9984223402921,0,0,0,0,0,0,0,0,4,0,1
26.991875206424,0,0,0,0,0,0,0,0,3,0,1
4.99744070087152,1,0,0,0,0,0,0,0,4,1,1
26.9862904496367,0,1,0,0,0,0,0,0,5,0,1
1.00809168331857,0,1,0,0,0,0,0,0,2,0,0
3.99149526328851,0,1,0,0,0,0,0,0,5,0,0
5.00642950711152,0,0,0,0,0,0,0,0,0,0,0
8.01286492755685,1,0,0,0,2,1,0,0,4,0,0
15.9954489262118,0,1,0,0,0,0,0,0,4,0,0
2.00811994438065,1,0,1,0,0,0,0,0,3,1,0
1.01346828514888,0,1,1,0,1,1,0,0,4,0,0
6.00495108429857,1,1,1,0,0,0,0,0,5,0,0
1.00066610275965,1,0,1,0,0,0,0,0,4,0,0
0.994837250281447,1,0,0,0,0,0,0,0,5,0,0
2.00294173318638,1,0,0,0,0,0,0,0,3,0,0
11.0060652973172,0,0,0,0,2,0,0,0,0,0,0
27.0089899549325,1,0,1,0,0,0,0,0,3,0,0
5.99152395470353,0,0,0,0,2,0,1,0,3,0,1
15.9985880660967,1,0,0,0,0,1,0,0,4,0,1
1.99247020386887,0,1,0,0,2,0,0,0,2,0,0
26.0131846290676,1,0,0,0,0,0,0,0,2,0,1
27.0109069779212,1,0,0,0,0,0,0,0,2,0,1
2.01262728674612,0,1,0,0,2,0,0,0,5,0,0
12.0010983231497,1,0,0,0,1,0,0,0,0,0,1
2.9957093011637,1,0,0,0,1,0,0,0,3,0,1
16.0094837293737,0,0,0,0,0,1,0,0,4,0,1
10.9991943221349,1,0,0,0,0,0,1,0,3,0,1
20.9905768557357,0,0,0,0,0,0,1,0,2,0,0
3.01905513851481,1,0,0,0,2,0,1,0,5,1,0
6.99221216790371,0,1,0,0,0,0,0,0,2,0,0
27.0051366112829,0,1,0,0,0,0,0,0,5,0,0
14.0021761607864,0,0,0,0,0,0,0,0,5,1,0
18.9944638307242,0,1,0,0,2,0,0,0,3,0,0
13.0031598745164,1,1,0,0,0,0,0,0,2,0,0
11.9903296347732,0,0,0,0,2,1,0,0,2,0,0
1.00940467871071,1,1,0,0,0,0,0,0,3,0,1
8.99489312428951,1,0,0,0,1,0,0,0,3,0,1
1.00999255069027,0,1,0,0,0,0,1,0,5,0,1
16.0040435178209,1,1,0,0,1,0,0,0,4,0,1
9.00241928201148,0,1,0,0,0,0,0,0,4,0,1
0.998571708482124,1,1,0,0,0,0,0,0,3,0,1
12.9995462711625,0,0,0,0,0,0,0,0,2,0,1
5.99811779297893,0,1,0,0,0,0,0,0,5,1,1
17.9916067309998,1,1,0,0,0,1,1,0,2,0,1
2.01279647684406,0,0,0,0,0,0,0,0,3,1,1
46.003247584623,0,1,0,0,1,0,1,0,3,0,0
9.00101999041908,0,0,0,0,2,0,0,0,3,0,0
17.9927202792995,0,0,0,0,2,0,0,0,5,0,0
2.99247104816355,0,0,0,0,2,0,0,0,3,0,0
20.0115752943506,0,0,0,0,2,0,0,0,5,0,0
26.9954107952691,0,0,0,0,2,0,0,0,3,0,0
3.98378028566222,1,0,0,0,2,1,0,0,2,1,0
24.989631196251,0,0,0,0,0,0,0,0,5,1,0
7.00187885219724,1,0,0,0,2,0,0,0,4,0,0
28.0034424978064,0,1,1,0,1,0,0,0,0,0,0
26.9905676590293,0,0,0,0,0,0,0,0,2,0,0
15.0007048789625,0,1,0,0,2,0,0,0,5,0,0
13.9889875462399,0,0,0,0,2,1,0,0,3,0,0
2.00667778807104,1,0,0,0,0,0,0,0,2,1,0
0.989036682730981,1,1,0,0,0,0,0,0,4,0,0
0.982999349144336,0,0,0,0,2,0,0,0,5,0,0
14.0161074479331,1,1,0,0,1,0,0,0,3,0,0
2.02154349611483,0,1,0,0,1,0,0,0,5,0,0
25.9926330636927,0,0,0,0,0,0,0,0,5,1,0
13.9987167708068,0,0,0,0,1,0,1,0,5,0,0
3.00567021687473,1,1,0,0,0,0,1,0,2,0,0
0.996482831510275,0,1,1,0,0,0,0,0,5,0,0
25.9985984730363,0,1,0,0,0,0,0,0,3,0,0
17.9905493232562,0,0,0,0,2,0,0,0,3,0,0
26.9915370999306,1,0,0,0,1,0,1,0,3,0,0
4.01299864500787,1,0,0,0,2,1,0,0,3,0,0
26.9943973659961,1,1,0,0,2,0,0,0,0,0,0
27.0010938363498,0,1,0,0,2,0,0,0,4,0,0
26.9955107276292,0,1,0,0,0,0,1,0,3,1,0
2.0017720981448,1,0,0,0,0,0,1,0,5,0,0
45.0053202975731,0,0,0,0,2,0,1,0,5,0,0
0.979864098044107,1,0,0,0,0,0,1,0,4,1,0
2.00428133345449,1,0,0,0,2,0,1,0,2,0,0
2.00973425094685,0,0,0,0,1,0,1,0,5,0,0
15.0051402066367,0,0,0,0,0,0,1,0,4,0,0
0.998948347505013,1,0,0,0,0,0,1,0,5,0,0
27.998967232182,0,1,0,0,0,0,1,0,3,1,0
6.0002148536997,0,1,0,0,0,0,1,0,4,0,0
0.986227840418914,1,0,0,0,0,0,1,0,3,0,0
19.9917743213453,1,0,0,0,0,1,1,0,3,0,0
7.01476925848478,0,1,0,0,0,0,1,0,4,0,0
28.9997402303225,0,0,0,0,2,1,1,0,3,0,0
14.9978363596935,1,0,0,0,0,0,1,0,3,1,0
9.99210182193154,0,1,0,0,1,0,0,0,2,0,1
18.001282221707,1,0,0,0,2,0,1,0,4,0,0
28.0085045136446,0,0,0,0,0,0,1,0,5,1,0
11.010513779832,0,1,0,0,0,1,1,0,4,0,0
4.99445898253824,0,1,0,0,0,0,1,0,2,0,0
5.00312864991248,1,1,0,0,0,1,1,0,2,0,0
7.99693177103925,0,0,0,0,0,0,1,0,0,0,0
2.99971272948237,0,0,0,0,0,0,1,0,2,0,0
20.0019749212758,0,1,0,0,2,0,1,0,0,0,0
1.00142862397403,1,1,0,0,0,0,1,0,2,0,1
2.98115764189058,1,0,0,0,0,0,1,0,4,0,1
20.9986875448993,1,0,0,0,0,0,1,0,3,0,0
4.00837131652528,0,0,0,0,1,0,1,0,5,0,0
24.9990864344631,1,0,0,0,0,0,1,0,5,0,0
27.0183815634831,0,0,0,0,1,1,1,0,2,1,0
0.999338902059305,1,0,1,0,0,0,1,0,0,1,0
6.99581209852281,0,0,0,0,0,0,1,0,3,1,0
3.98866580166538,1,0,0,0,0,0,1,0,3,0,0
1.00261007082485,1,0,0,0,2,0,0,0,4,0,0
26.9833735291113,0,1,0,0,0,0,1,0,4,0,0
27.0017863959326,0,0,0,0,2,0,1,0,0,0,0
2.00751713587872,0,1,0,0,1,0,1,0,5,0,0
1.00035551774382,1,0,1,0,2,0,1,0,4,0,0
1.0004775170944,0,1,0,0,0,0,1,0,3,0,0
0.993268555438532,0,0,0,0,0,0,1,0,4,0,0
5.99940542769701,0,0,0,0,0,1,1,0,4,0,0
0.997249025475197,0,0,1,0,0,0,1,0,3,0,0
6.00165737648839,0,0,0,0,0,0,1,0,5,0,0
2.01610283578667,0,0,0,0,0,0,1,0,2,1,0
3.00475382684655,1,1,0,0,2,0,1,0,2,0,1
22.0059587137508,1,1,0,0,0,0,1,0,3,0,0
3.97984034272654,1,0,0,0,0,0,1,0,4,0,0
4.0210163391632,1,0,0,0,0,0,1,0,0,0,1
12.0059595328014,1,0,0,0,0,1,1,0,3,0,0
0.991053061556542,0,0,0,0,0,0,1,0,3,1,1
7.99796940991509,1,1,0,0,0,0,1,0,3,1,0
2.0060637227509,1,0,0,0,0,0,1,0,4,1,0
4.99684638044842,1,0,0,0,0,0,1,0,5,1,0
5.99076670476147,1,0,0,0,0,0,1,0,3,0,0
19.9986201554517,1,1,0,0,1,1,1,0,2,0,0
4.99617797711643,0,1,0,0,0,0,1,0,0,0,0
1.01528461082696,0,1,0,0,0,0,1,0,5,0,0
6.00783353464184,0,1,0,0,0,0,1,0,2,0,1
26.990964251264,0,0,1,0,0,0,1,0,4,0,0
22.9886772888094,1,0,0,0,0,0,1,0,4,0,0
14.9922644956886,1,0,0,0,0,0,1,0,4,0,0
48.9961354959606,0,0,0,0,1,0,0,1,5,0,0
9.00149810601746,0,1,0,0,0,1,0,1,5,0,0
18.9877577246059,0,1,0,0,0,0,0,1,2,1,0
27.0078368720167,1,0,0,0,0,0,0,1,4,0,1
20.9749989288152,0,0,1,0,0,0,0,1,2,1,0
7.99870927309918,0,0,0,0,0,0,0,1,5,0,1
13.9907698835054,1,1,0,0,0,0,0,1,4,0,0
26.9981817686091,1,1,1,0,0,0,0,1,2,0,0
26.9765953927478,0,1,0,0,0,0,0,0,4,0,1
11.9910731618849,0,0,0,0,0,1,0,1,5,0,1
4.97351948388439,1,0,0,0,0,0,0,0,5,0,1
18.0000619839359,0,0,0,0,0,1,0,0,3,1,1
17.9918377895113,1,0,0,0,2,0,0,0,2,1,1
1.01963091044498,1,1,0,0,1,0,0,0,2,0,1
2.00162961682748,0,0,0,0,0,0,0,0,5,0,0
32.0012272627754,0,1,0,0,0,0,0,0,3,1,0
26.9885427702379,0,0,0,0,1,0,0,0,3,0,0
27.0201617899399,0,1,0,0,0,0,0,0,3,0,0
9.00399422284008,0,1,0,0,1,0,0,0,5,0,0
20.0059700430972,0,0,0,0,2,0,0,0,5,0,0
27.0010764290674,0,0,0,0,1,0,0,0,0,0,0
1.9900106597078,1,0,0,0,1,1,0,0,4,0,0
26.0150878433936,1,1,0,0,2,1,0,0,3,0,0
27.9923683527198,0,1,0,0,2,0,0,0,2,0,0
25.0061094125364,1,0,0,0,0,0,0,0,4,0,0
5.0061497416009,0,1,0,0,2,0,0,0,3,0,0
7.98414592520255,1,0,0,0,0,0,0,0,5,0,0
26.9891250996041,1,1,0,0,0,0,0,0,2,0,0
17.0042861685424,1,0,0,0,2,1,0,0,2,0,0
15.0156458812567,0,1,0,0,0,0,0,0,5,0,1
1.98381334077262,1,0,0,0,0,0,1,0,5,0,0
0.983562426248505,0,1,0,0,2,0,0,0,2,1,0
18.9979972672082,1,1,0,0,2,0,0,0,3,0,0
3.97457449581993,1,0,0,0,0,0,1,0,3,0,0
26.0002670541348,1,0,0,0,1,0,0,0,3,0,0
2.9964462068122,1,1,0,0,0,0,0,0,4,0,0
27.0012142824406,1,1,0,0,1,0,0,0,0,1,0
0.991275002042188,0,0,0,0,0,0,0,0,5,0,0
26.992869239454,0,1,0,0,1,0,0,0,5,0,0
27.0067224262245,0,1,0,0,0,0,0,0,0,0,0
27.0108121507893,0,1,0,0,0,0,0,0,4,0,0
1.00498811381003,0,1,0,0,0,0,0,0,3,0,0
25.0174428270478,0,0,0,0,0,0,1,0,3,0,0
26.9919491136045,1,0,0,0,0,0,0,0,4,0,0
26.9920392283628,1,1,0,0,2,0,0,0,3,0,0
1.00420174479403,0,1,0,0,0,0,1,0,3,0,0
0.991314277320653,0,0,1,0,0,0,0,0,4,0,0
1.01517873225488,1,1,0,0,2,0,1,0,5,0,0
27.9918751634339,1,0,0,0,0,0,1,0,2,0,0
8.99952392160768,1,0,0,0,0,0,0,0,2,0,0
4.00076734025573,1,0,0,0,2,0,1,0,2,0,0
1.98189904275908,0,0,0,0,0,0,0,0,5,1,0
1.00352822246977,1,0,0,0,2,0,0,0,4,0,0
15.0049357796018,0,0,0,0,0,0,0,0,3,0,0
12.0015826448531,0,1,1,0,2,1,1,0,4,0,0
2.97852578532656,0,0,1,0,0,0,1,0,3,1,0
0.998277056726554,1,0,1,0,0,0,1,0,2,0,0
9.01139583837676,1,0,0,0,0,0,1,0,3,0,0
11.0051405413785,1,0,0,0,0,0,0,0,2,0,0
0.997109245872861,1,1,0,0,0,0,0,0,5,0,0
7.9996209814491,1,1,0,0,0,0,0,0,3,0,0
6.00167401305245,0,0,0,0,0,0,0,0,2,0,0
1.00551994827596,0,0,0,0,0,0,1,0,3,0,0
21.9919061152736,1,0,0,0,2,0,0,0,2,0,0
26.0161361228053,0,1,0,0,0,0,1,0,3,0,0
17.010572146362,0,0,0,0,0,0,1,0,5,0,0
26.9948277917693,0,0,0,0,0,0,1,0,2,0,0
4.99921772778671,1,0,0,0,0,1,1,0,5,0,0
0.990064040578939,1,1,0,0,0,0,1,0,5,0,0
4.00741514675532,1,0,0,0,0,0,1,0,3,0,0
23.0085212167666,0,0,0,0,1,0,1,0,4,0,0
4.00868153857629,0,1,0,0,0,0,1,0,5,0,1
22.0122497265806,0,0,0,0,2,0,1,0,2,0,0
6.00712669476844,1,0,0,0,0,0,1,0,5,1,0
5.99396657339896,1,1,0,0,0,0,1,0,5,1,1
0.985907223916598,1,1,0,0,0,0,1,0,3,0,0
2.99220912777112,1,0,0,0,0,0,1,0,5,0,0
26.9758278700148,0,1,0,0,2,0,1,0,4,0,0
4.00494050535937,1,0,0,0,1,1,1,0,3,1,1
1.99900004383637,0,0,0,0,2,0,1,0,3,0,0
26.9830281306866,0,0,0,0,0,0,1,0,3,0,1
17.0007493037945,0,1,0,0,0,1,1,0,3,0,1
18.9963596332809,0,0,0,0,0,0,1,0,2,0,0
6.01152354348104,1,0,1,0,0,0,1,0,3,0,0
1.00756735118414,0,0,0,0,0,0,1,0,5,0,1
27.016533759855,0,0,0,0,2,0,1,0,0,0,0
8.00135571666194,0,0,1,0,0,0,1,0,3,0,0
23.9955162791526,0,1,0,0,0,0,1,0,3,0,0
1.00940122712875,1,0,0,0,0,0,1,0,4,0,0
0.992603050537599,1,0,0,0,0,0,1,0,3,0,0
4.995601176702,1,0,0,0,1,0,1,0,5,0,0
2.9929221221174,1,0,0,0,1,0,1,0,3,0,0
12.0071690818604,0,0,0,0,0,0,1,0,5,0,0
0.985718582077086,0,0,1,0,0,0,1,0,4,0,1
15.0046006869398,0,1,0,0,0,1,1,0,4,0,1
7.98923930695791,1,1,0,0,0,0,1,0,4,0,0
1.0002104675525,1,0,0,0,0,0,1,0,2,0,0
15.0097611452158,1,0,0,0,0,0,1,0,5,0,0
0.999858329146179,0,0,0,0,0,0,1,0,4,0,1
15.9765853612553,0,1,0,0,0,1,1,0,2,0,1
3.01253737547153,1,1,0,0,0,0,1,0,3,0,1
6.01347188326455,1,1,0,0,0,0,1,0,3,0,0
27.0024253058017,0,1,0,0,0,0,1,0,3,0,0
0.998245796940167,1,1,0,0,0,0,1,0,3,0,0
24.0051660422189,0,1,0,0,0,0,1,0,5,0,0
45.9819951580586,0,1,0,0,0,0,0,1,3,0,1
52.00776951488,0,1,0,0,0,0,0,1,3,1,1
34.9892179901891,1,0,0,0,0,0,0,1,5,0,0
6.00250382930939,0,1,0,0,1,0,0,1,2,0,0
26.9975088888326,0,0,0,0,0,0,0,1,5,0,1
27.0041761756797,1,1,0,0,0,0,0,1,4,0,0
1.00567743507655,0,1,0,0,0,0,0,1,5,0,0
26.9926261246723,1,1,0,0,0,0,0,1,3,1,0
4.00512573816063,1,0,0,0,0,0,0,0,3,0,0
35.999270656021,1,0,1,0,0,0,0,1,4,1,0
29.0025888289693,0,0,0,0,1,0,0,0,3,0,0
12.0001234450437,0,1,0,0,0,0,0,0,2,0,1
0.993409763462823,1,1,0,0,0,0,0,0,2,0,1
11.999747925376,1,1,0,0,0,1,0,0,4,0,1
18.0122910095984,1,1,0,0,0,0,0,0,3,0,1
7.99502644159276,0,0,1,0,0,1,0,0,2,0,1
1.98758596861765,0,1,0,0,0,0,0,0,2,0,1
21.0073991243588,1,1,0,0,0,0,0,0,5,0,1
1.00105696533336,1,1,0,0,0,0,0,0,2,1,1
2.9856137724254,1,0,0,0,0,0,0,0,2,0,1
27.0041236789558,1,0,1,0,2,0,0,0,2,1,1
27.0003546069432,1,0,0,0,2,0,0,0,5,0,1
0.98939310964349,1,0,0,0,0,0,0,0,3,0,1
29.0080747241545,0,1,0,0,0,0,0,0,5,1,1
1.00937505831215,0,0,0,0,2,0,0,0,5,0,1
5.01173643725197,0,1,0,0,0,0,0,0,2,0,1
1.01076839675671,0,1,0,0,0,0,0,0,5,0,1
5.00174126770108,0,1,0,0,0,0,0,0,5,0,0
26.9988816413407,0,1,0,0,2,0,0,0,0,0,0
26.9882751736986,1,0,0,0,1,0,0,0,5,0,1
0.99767053704589,0,0,1,0,0,0,1,0,4,0,0
1.00957324139535,0,1,1,0,1,0,1,0,5,0,0
10.9976639900126,0,0,0,0,0,0,0,0,4,0,0
26.9979894761767,0,1,0,0,0,0,1,0,3,0,1
7.01641280117401,0,0,1,0,0,0,0,0,4,0,0
27.0025782630456,1,1,0,0,2,0,0,0,3,0,0
22.9972716712635,1,1,0,0,2,1,1,0,5,0,0
26.9939711608244,1,0,0,0,1,0,0,0,2,1,0
1.00153681903426,0,1,0,0,2,0,1,0,2,0,1
0.988651474491795,1,0,0,0,2,0,1,0,4,0,1
16.006110990128,1,1,0,0,2,1,0,0,3,0,1
26.9997798598949,1,1,0,0,1,0,1,0,2,0,1
14.9994234012739,0,0,0,0,0,0,1,0,4,0,1
28.0015862766924,0,1,0,0,1,0,1,0,4,0,1
1.00020968808804,0,0,0,0,2,0,1,0,0,0,1
20.9995978112484,0,1,0,0,0,0,1,0,3,0,1
7.98819870074651,1,0,0,0,0,0,1,0,3,0,1
3.99391721618529,1,0,0,0,0,1,1,0,2,1,1
6.00492993004128,0,0,0,0,1,0,1,0,2,0,1
26.989967636829,1,1,0,0,0,0,1,0,5,0,0
30.0194309322108,0,0,0,0,0,0,1,0,2,1,0
6.99773480125361,1,0,0,0,0,0,1,0,3,0,0
27.0069883557417,0,0,0,0,0,0,1,0,2,0,0
0.978568531820729,0,1,0,0,0,0,1,0,3,1,0
11.9954300376263,1,1,0,0,0,1,1,0,4,0,0
8.99277707340813,0,0,0,0,0,0,1,0,2,0,0
1.00702108441967,1,1,1,0,2,0,1,0,4,0,0
4.99460342997329,1,0,0,0,0,0,1,0,1,0,0
1.00545085340703,0,1,0,0,0,0,1,0,5,0,1
0.989410035001456,0,1,1,0,0,0,1,0,3,0,0
26.9891534449015,0,0,1,0,0,0,1,0,5,1,0
23.0159845318611,1,0,1,0,0,0,1,0,2,0,1
16.9873254264716,0,0,0,0,0,0,1,0,3,0,0
30.9979933826471,0,1,0,0,0,0,1,0,4,0,1
0.989782363644171,0,0,0,1,0,0,1,0,2,1,1
2.99953306726585,0,1,0,0,0,0,1,0,2,0,0
14.0080729486251,1,1,0,0,0,0,1,0,4,0,0
11.0027480262998,0,0,0,0,0,0,1,0,4,0,0
26.9911931771804,0,1,0,0,1,0,1,0,3,0,0
22.0103362283022,1,0,0,0,0,0,1,0,2,0,0
3.00136825680114,0,1,0,0,1,0,1,0,5,1,0
14.9944615284185,1,0,0,0,0,0,1,0,2,0,0
9.98438520148274,1,1,0,0,0,0,1,0,4,0,0
0.983787916381056,1,0,0,0,2,0,1,0,3,0,0
27.0104416871843,1,0,0,0,0,0,1,0,2,0,0
20.997775954639,1,1,0,0,1,1,1,0,2,1,0
9.00597608785361,1,1,0,0,0,0,1,0,4,0,1
0.996241233789075,1,0,0,0,0,0,1,0,5,0,1
0.985267258808645,0,1,0,0,0,0,1,0,3,0,1
26.9966647365855,0,0,0,0,0,0,1,0,0,0,0
1.01396600289257,0,0,0,0,0,0,1,0,3,0,0
3.99951746529901,0,1,0,0,0,0,1,0,4,0,0
12.0130914196766,1,0,0,0,0,0,1,0,5,0,1
26.9929276580039,0,1,0,0,1,0,1,0,0,0,0
3.00944252394577,0,1,0,0,0,0,1,0,2,0,1
24.0032151785608,0,0,0,0,0,0,1,0,2,0,0
0.986024505849297,0,1,0,0,0,0,1,0,4,0,0
17.9931161531633,0,0,0,0,0,0,1,0,2,0,1
1.00145595339042,0,1,0,0,0,0,1,0,5,0,0
13.9950779950277,1,1,0,0,0,0,1,0,2,0,0
2.02503484869642,1,1,0,0,0,0,1,0,3,0,0
27.0052004286384,0,1,0,0,1,0,1,0,3,0,0
0.989127828017325,0,0,0,0,0,0,1,0,5,1,0
0.992863237698756,0,1,0,0,0,0,1,0,2,0,0
7.00845540425959,0,1,0,0,0,0,1,0,5,0,0
25.9835056327386,1,1,0,0,0,0,1,0,2,0,0
38.0010453737584,1,0,0,0,0,0,0,1,4,0,0
26.9953907803447,1,1,1,0,0,0,0,1,5,0,0
27.0053856576691,0,1,1,0,0,0,0,1,5,0,0
0.996358023238822,1,1,0,0,2,0,0,0,2,0,0
0.994558544314329,0,1,0,0,0,0,0,0,2,0,0
0.991925275115159,0,0,0,0,0,0,0,0,2,1,0
9.01062382316424,0,0,1,0,1,0,0,0,5,0,0
12.0028574511018,0,1,0,0,0,1,0,0,4,0,0
27.0065864626923,1,0,1,0,0,0,0,0,2,0,0
27.0048479221927,1,0,0,0,0,0,0,0,2,0,0
16.9839588376013,1,1,0,0,0,0,0,0,3,0,0
0.990588937566675,0,0,0,0,0,0,0,0,3,0,0
20.9916819972009,0,0,0,0,0,0,0,0,4,0,0
4.98925473162632,0,0,0,0,0,0,0,0,4,0,0
26.9936460528623,0,0,0,0,0,0,0,0,0,0,0
26.9965257110204,0,1,1,0,0,0,0,0,3,0,0
6.00141999230016,1,1,0,0,2,0,0,0,5,0,0
2.984371564163,1,0,1,0,0,0,0,0,5,0,0
4.99586927218608,0,1,0,1,0,0,0,0,5,0,0
0.99733773727956,0,0,1,0,0,0,0,0,4,0,0
8.01368604075256,1,1,0,0,0,0,0,0,4,0,1
11.0141844875176,0,0,0,0,0,0,0,0,4,0,1
6.99172034874722,1,0,0,0,0,1,0,0,4,0,1
9.00568154822453,0,0,0,0,0,0,0,0,3,0,0
4.99226269515146,1,0,0,0,0,0,1,0,4,0,0
27.0111165967521,0,0,0,0,2,0,0,0,3,0,0
14.0106494053549,0,1,0,0,1,1,0,0,3,0,0
11.9924842056779,0,1,0,0,0,1,0,0,3,0,0
23.9836718229838,1,1,0,0,0,0,0,0,0,0,0
3.97909871203461,0,1,0,0,0,0,0,0,5,0,0
46.0033417342789,1,1,0,0,0,1,0,0,2,0,0
3.0151953894895,0,1,0,0,2,0,0,0,3,0,1
3.00236004391833,0,1,0,0,0,0,0,0,5,0,0
4.00277639623471,1,1,0,0,1,0,1,0,0,0,0
18.0113592743013,1,0,0,0,0,0,1,0,2,0,0
0.991831713590368,1,0,0,0,1,0,0,0,2,0,0
26.0143978519384,1,0,0,0,0,0,1,0,3,1,1
5.99483770388368,0,0,0,0,2,0,1,0,2,0,0
1.99450946918131,0,0,0,0,2,0,1,0,2,1,0
40.9905839105266,0,0,0,0,0,0,1,0,3,0,0
27.0172307250641,0,0,0,0,0,0,1,0,4,0,0
4.02010058168707,1,1,0,0,0,0,1,0,2,0,0
21.0075610785645,0,1,0,0,2,0,1,0,5,0,0
26.0127099514186,1,0,1,0,0,0,1,0,3,0,0
26.9972740826573,1,1,1,0,0,0,1,0,4,0,0
1.0107713512868,0,0,0,0,2,0,1,0,5,0,0
27.9998273786445,0,0,1,0,0,0,1,0,3,0,0
12.0091517697563,1,0,0,0,0,0,1,0,3,0,0
17.9945587384492,1,0,0,0,0,1,1,0,2,0,0
7.99611668393023,1,1,0,0,0,0,0,0,4,0,0
8.00053260120828,1,0,0,0,0,0,1,0,3,0,0
27.0018118957132,1,0,0,0,0,0,1,0,5,0,0
1.99871302269499,0,0,0,0,0,0,1,0,3,0,0
1.98971913504937,1,0,0,0,0,0,1,0,3,0,0
27.0119501228676,0,0,0,0,0,0,1,0,5,0,0
8.00419922951512,1,0,0,0,0,0,1,0,3,0,0
0.998864083401822,0,0,0,0,0,0,1,0,4,1,0
26.993447277385,1,1,0,0,0,0,1,0,3,0,0
3.00442999873084,1,1,1,0,0,0,1,0,2,0,0
1.00140968355271,0,0,0,0,0,0,1,0,2,0,0
18.998789371056,1,0,0,0,0,0,1,0,2,0,0
0.987186495304746,1,0,0,1,0,0,1,0,4,0,0
26.9884663521043,0,1,0,0,2,0,1,0,4,0,0
1.97947744895751,1,1,0,0,0,0,1,0,3,0,1
7.00123922215742,1,1,0,0,0,0,1,0,2,0,0
3.99605047172781,1,0,0,1,2,0,1,0,5,1,0
27.0021816017475,1,1,0,0,1,0,1,0,5,0,1
1.98134511592908,1,1,1,0,1,0,1,0,5,0,0
17.0072199803137,0,0,1,0,0,0,1,0,3,0,0
27.0029271333193,0,0,0,0,0,0,1,0,3,0,0
11.9979719060496,1,0,0,0,0,1,1,0,2,1,1
4.98275826178659,0,0,0,0,0,0,1,0,2,1,0
21.0147042481952,0,1,1,0,0,0,1,0,4,0,0
24.0018425322372,0,0,0,0,0,0,1,0,5,1,0
26.9910327098901,0,0,0,0,1,0,1,0,0,0,0
11.9987095433583,1,1,0,0,0,0,1,0,3,0,1
3.9914777781963,1,0,0,0,0,0,1,0,2,1,1
24.0084856364776,0,1,1,0,1,0,1,0,3,0,0
18.9927501467986,0,0,0,0,0,1,1,0,3,0,0
25.9942910397789,0,0,0,0,2,0,1,0,4,0,0
14.997678796111,0,0,0,0,2,0,1,0,3,0,0
27.0138578579217,1,0,0,0,0,0,1,0,4,1,0
0.999034808145151,0,0,0,0,0,0,1,0,4,0,0
25.0092576728692,1,0,0,0,0,0,1,0,3,0,0
9.01080330936541,1,0,0,0,0,0,1,0,3,0,0
15.9936677596257,0,1,0,0,0,0,1,0,5,0,0
0.999098593425157,1,1,0,0,2,0,1,0,4,0,1
15.9920807851143,1,0,0,0,1,0,1,0,3,0,0
4.00144410332356,1,0,0,0,2,0,1,0,3,0,1
16.0068315346553,0,0,0,0,0,1,1,0,2,0,0
1.9970675854143,0,1,0,0,1,0,1,0,3,0,0
1.01268188763471,0,1,0,0,0,0,1,0,2,0,0
22.9967798736178,1,0,0,0,0,1,1,0,2,0,0
8.99405131013732,0,0,0,0,0,0,1,0,3,0,1
12.0056906323437,0,1,0,0,0,0,1,0,2,1,1
10.9998713531127,0,0,0,0,0,0,1,0,3,0,0
3.00874663421736,1,0,0,0,0,0,1,0,2,0,0
15.0087528006326,0,1,0,0,0,1,1,0,3,0,0
19.9851290293912,1,0,0,0,0,0,1,0,3,0,0
1.00327548212213,0,0,0,0,0,0,1,0,5,0,1
47.0062336565712,1,1,0,0,0,0,1,0,4,0,0
11.9870931257336,0,1,0,0,0,0,1,0,5,0,0
12.0031709044111,1,0,0,0,0,0,1,0,1,0,0
13.0080405675233,1,0,0,0,0,0,1,0,3,0,0
16.0087117654238,0,0,0,0,0,0,1,0,3,0,0
4.01445608646599,1,0,0,0,0,0,1,0,2,0,1
8.97777206697602,0,0,0,0,0,1,0,1,5,0,0
41.0194930142822,0,0,0,0,1,0,0,1,5,1,0
27.0123608899299,1,1,1,0,0,0,0,1,2,0,0
10.994090660768,0,1,0,0,0,0,0,1,4,0,0
6.00600841773173,0,0,0,0,0,0,0,1,5,0,0
14.9980983351634,0,1,0,0,0,1,0,1,4,0,0
0.992345659539273,0,0,0,0,0,0,0,1,4,0,1
27.0084710923431,1,1,0,0,0,0,0,1,4,0,1
1.01241708559889,1,0,1,0,0,0,0,0,4,0,1
14.0090079639896,0,1,0,0,0,0,0,1,0,1,1
8.98751275244829,1,1,1,0,0,0,0,0,3,0,1
7.00026417562846,0,1,0,0,0,0,0,0,4,1,1
26.9907276302004,0,0,0,0,0,0,0,0,5,1,1
26.9865377248494,0,1,0,0,0,0,0,0,2,0,0
4.00989978677789,0,1,0,0,0,0,0,0,5,0,0
13.9900480959396,0,1,0,0,0,0,0,0,3,0,0
27.0030666689202,1,0,1,0,2,0,0,0,2,0,0
27.0025774778402,0,0,0,0,0,0,0,0,0,0,0
0.994620499006167,1,0,0,0,0,0,0,0,4,0,1
1.00674897902103,0,1,0,0,2,0,0,0,3,0,0
26.982435475337,1,0,0,0,2,0,0,0,4,1,0
2.00741127614979,1,0,0,0,0,0,0,0,4,0,0
5.99609916881374,1,0,0,0,0,0,0,0,4,1,0
1.99032547797679,1,1,0,0,0,0,0,0,2,0,0
26.9791591883869,0,0,0,0,1,0,0,0,5,0,0
27.0066690199801,1,0,0,0,0,0,1,0,5,1,0
5.01964581799833,1,0,0,0,1,0,0,0,4,0,0
26.9878813626775,1,0,0,0,2,0,0,0,2,0,0
27.0007333083045,1,1,0,0,1,0,0,0,3,0,0
29.9929300878635,0,1,0,0,1,0,0,0,0,0,0
4.99843475725425,0,0,0,0,0,0,0,0,4,0,0
10.0020607230624,1,1,0,0,0,0,1,0,5,0,1
22.0000142310121,0,0,0,0,0,0,1,0,2,0,1
10.0132318247452,1,1,0,0,0,1,0,0,4,0,1
11.013185800725,0,1,0,0,0,0,0,0,0,0,1
28.9983681323773,0,0,1,0,0,0,0,0,4,0,1
11.0017294990427,0,1,0,0,0,1,1,0,4,0,1
1.00404530984952,0,0,0,0,1,0,1,0,3,0,1
15.9902283367223,0,1,0,0,2,0,0,0,4,1,1
1.01374959308353,1,0,0,0,0,0,0,0,3,0,1
4.99756915245641,1,1,0,0,0,0,0,0,4,0,0
12.9974255460584,0,1,0,0,2,1,0,0,4,1,0
5.99821316890349,0,0,0,0,0,0,1,0,5,0,0
10.9851263647631,1,0,0,0,2,1,0,0,2,1,0
8.00958940189522,0,1,1,0,1,1,0,0,3,0,1
27.0022705867119,0,1,0,0,0,0,1,0,5,1,1
3.00713525872936,1,0,0,0,0,0,0,0,5,0,1
5.00819225152948,1,0,0,0,1,0,0,0,3,0,1
9.00384589102098,0,0,0,0,1,0,1,0,2,0,1
11.9923634551015,1,1,0,0,0,0,1,0,2,1,1
20.9859252833132,1,1,0,0,0,0,1,0,4,1,1
2.99329919387601,1,0,0,0,0,0,1,0,2,1,1
8.99197468807734,0,0,0,0,0,0,1,0,4,0,1
14.0088330727076,1,0,0,0,0,1,1,0,2,0,1
20.9947576380013,1,0,0,0,0,0,1,0,3,0,1
26.9818821187433,1,0,0,0,0,0,1,0,5,0,0
19.9973573012908,1,0,0,0,0,0,1,0,2,0,1
10.0032445387738,1,0,0,0,0,0,1,0,3,0,1
1.01113185495645,1,1,0,0,2,0,1,0,4,0,1
1.00446686800181,0,1,0,0,0,0,1,0,3,0,1
5.99551468663377,0,1,0,0,0,0,1,0,5,0,1
4.01148976420283,0,0,0,0,0,0,1,0,0,0,1
1.00920210744462,0,0,0,0,0,0,1,0,2,0,1
26.986934702297,1,0,0,1,0,0,1,0,2,0,1
1.00291233095319,1,0,0,0,0,0,1,0,4,0,0
15.9834457255214,0,0,0,0,0,0,1,0,5,0,1
26.9809711874682,1,1,0,0,2,0,1,0,2,0,0
24.0096909939569,1,1,1,0,0,0,1,0,2,0,0
26.9955417325121,0,1,0,0,1,0,1,0,2,1,1
2.01829797112441,0,0,0,0,2,0,1,0,0,0,0
2.00270145041845,1,0,0,0,0,0,1,0,4,0,0
21.0108681339682,0,1,1,0,1,0,1,0,5,0,0
3.99523676331783,1,1,0,0,0,0,1,0,3,0,0
6.00397277649916,1,1,0,0,0,0,1,0,4,0,0
21.0106034087033,0,1,0,0,0,0,1,0,4,0,1
9.99765598647467,1,0,0,0,0,0,1,0,3,0,1
4.00415571509095,1,1,0,0,0,0,1,0,4,0,0
2.00759064984228,0,0,0,0,0,0,1,0,0,0,1
20.0049969474126,0,0,0,0,0,1,1,0,2,0,0
1.99606475528956,0,0,0,0,0,0,1,0,3,0,0
22.9746458362707,1,1,1,0,0,0,1,0,3,0,0
1.00401034632268,1,1,1,0,0,0,1,0,4,1,1
1.99740318873081,0,0,0,0,0,0,1,0,0,0,0
10.0043832654835,0,0,1,0,0,0,1,0,3,0,0
3.01688796250847,0,1,0,0,0,0,1,0,5,0,0
7.0034917346791,0,1,1,0,1,0,1,0,5,0,1
27.0079506899695,1,1,0,0,0,0,1,0,3,1,0
4.99827994059327,0,0,0,1,0,0,0,0,3,0,0
0.985301173347052,1,1,0,0,1,0,1,0,3,0,0
0.992467390456879,0,0,0,0,0,0,1,0,3,0,0
25.9987239634258,0,1,0,0,0,0,1,0,3,0,0
12.0011145274293,1,1,0,0,2,1,1,0,3,0,1
26.9798749967831,0,0,0,0,0,0,1,0,5,0,0
7.00523707276849,1,1,0,0,0,0,1,0,3,0,0
6.99523537852065,1,1,0,0,0,0,1,0,4,0,0
26.9819667523002,1,0,0,0,0,0,1,0,4,1,0
16.9829662715073,1,1,0,0,0,0,1,0,4,0,0
0.987114615372684,0,1,0,0,0,0,1,0,5,0,1
1.00304823515977,1,0,0,0,0,0,1,0,5,0,0
13.9998012487968,0,1,0,0,0,0,1,0,4,0,0
1.02648310976285,0,0,0,0,0,0,1,0,5,0,0
6.980952403645,0,0,0,0,0,0,1,0,5,0,1
7.9925562427448,0,0,0,0,0,1,1,0,4,0,0
1.98132042369891,0,0,0,0,0,0,1,0,4,0,1
18.0158341984891,1,0,0,0,0,0,1,0,3,0,1
3.00889336247339,1,0,0,0,0,0,1,0,3,0,0
1.99902842327017,1,0,0,0,0,0,1,0,2,0,1
5.00158594728459,1,0,0,0,0,0,1,0,5,0,0
24.0077115063144,0,0,0,0,0,1,1,0,3,0,0
12.9874734966061,0,0,0,0,0,0,0,1,2,0,0
27.001731719829,1,0,1,0,0,0,0,1,4,0,0
5.00189019525257,1,1,0,0,0,0,0,1,3,0,1
26.9977048284382,1,0,0,0,0,0,0,1,3,0,1
26.9992901797741,0,1,0,0,0,0,0,1,4,0,0
12.013946731759,0,1,0,0,0,1,0,1,4,0,0
29.9870748186017,1,1,0,0,0,0,0,1,4,0,1
26.9982411804771,0,0,0,0,0,0,0,1,3,0,1
0.995729680200141,1,0,0,0,1,0,0,1,5,1,1
9.99435235608218,1,0,0,0,1,0,0,1,3,0,1
9.97869120440515,0,1,0,0,0,1,0,1,4,0,1
28.9865223242778,0,1,0,0,0,0,0,1,3,1,1
7.98706812771125,1,1,0,0,1,1,0,1,4,0,1
3.99321131110665,0,1,0,0,1,0,0,1,5,1,1
1.00810870214797,1,0,0,0,0,0,0,1,4,0,0
2.99061656551098,1,1,0,0,0,0,0,1,5,0,0
4.00637489805108,0,1,0,0,0,0,0,1,1,0,0
4.00439300061071,1,0,0,0,1,1,0,0,3,0,0
1.01695332188913,1,0,0,0,1,0,0,0,2,1,0
12.0046521599611,0,1,0,0,0,0,0,0,2,0,0
13.0216868177787,0,1,0,0,0,0,0,0,4,1,0
0.985814524607814,1,0,0,0,0,0,0,0,0,0,0
26.9903497209509,1,0,1,0,0,0,0,0,4,0,0
26.9917718256359,1,1,0,0,0,0,0,0,2,1,1
12.9933304870353,1,0,0,0,0,0,0,0,2,1,0
24.9976442540468,0,0,0,0,2,0,0,0,3,1,0
4.00583264962653,0,1,0,0,1,0,0,0,4,0,0
19.9758966538026,1,0,0,0,1,0,0,0,3,0,0
26.9906932973251,1,0,0,0,0,0,0,0,2,0,0
27.0144663238276,0,1,0,0,0,0,0,0,4,0,0
6.00739295510075,0,1,0,0,0,0,1,0,1,0,0
3.00553974010874,1,0,0,0,2,0,0,0,3,0,0
1.00546959587571,1,0,1,0,0,0,0,0,3,0,0
3.01493589577898,1,0,0,1,2,0,0,0,4,1,0
9.01564099728964,0,0,0,0,0,0,0,0,5,0,0
15.9984345847186,1,1,1,0,0,0,0,0,2,0,0
19.0001321667228,0,0,0,0,0,0,0,0,5,0,0
0.997382567666012,1,0,1,0,0,0,0,0,2,0,1
24.9961469589425,0,0,0,0,2,0,0,0,3,0,0
7.00097111674846,1,0,1,0,0,0,0,0,2,1,0
6.97326312950725,1,0,1,0,0,0,0,0,4,0,0
21.0180379856492,0,1,0,0,0,1,0,0,1,0,0
14.9860634987725,1,0,1,0,0,1,0,0,2,0,0
6.01211269896201,1,0,0,0,0,0,1,0,3,0,1
1.00034181204023,0,0,1,0,0,0,1,0,3,0,0
3.99482567290699,1,0,1,0,0,0,1,0,2,0,0
27.9962324299645,1,0,1,0,0,0,1,0,5,0,0
10.9973724581397,1,1,0,0,1,0,1,0,2,0,0
7.02395454864059,1,0,0,0,0,0,1,0,3,0,1
9.02092625203157,0,1,0,0,0,0,0,0,0,0,0
0.997987236829218,1,1,0,0,0,0,1,0,3,0,0
21.9986411559053,0,1,0,0,0,0,1,0,2,0,0
0.99354143634449,1,0,0,0,0,0,1,0,2,1,1
16.9922704568853,0,0,0,0,2,1,1,0,2,0,0
1.98499240003075,0,1,0,0,2,0,1,0,5,0,1
4.00116791736899,1,0,0,0,0,0,1,0,4,1,0
1.99691408117144,1,0,0,0,2,0,1,0,2,0,0
0.994655849938583,0,1,0,0,0,0,0,0,5,0,0
1.00804199776123,1,0,0,0,0,0,1,0,3,0,0
0.997942538300755,1,0,0,1,0,0,1,0,2,0,1
6.99642416866884,0,0,0,0,1,0,1,0,3,0,1
18.9826500437458,1,0,0,0,2,1,1,0,2,0,0
0.990699241123033,1,1,0,0,0,0,0,1,5,0,0
8.00437980995671,1,1,0,0,0,0,1,0,5,0,0
1.01219414495216,1,0,0,0,0,0,1,0,5,0,1
11.9999080129965,1,1,0,0,0,0,1,0,2,0,1
20.9984706788078,0,1,0,0,0,0,1,0,4,0,0
27.016538290573,1,1,1,0,2,0,1,0,4,0,0
0.992564306396246,0,0,0,0,0,0,1,0,4,0,0
10.007924779183,0,1,0,0,0,0,1,0,3,0,0
1.01562341581356,0,1,0,0,0,0,1,0,1,0,0
6.99803166693062,1,1,1,0,2,1,1,0,4,0,0
20.9878547158363,0,1,1,0,2,0,1,0,5,0,0
2.99373016208195,1,1,1,0,0,0,1,0,2,0,0
4.00036945195576,0,0,0,0,0,0,1,0,3,0,0
0.995494917243055,0,0,0,0,0,0,1,0,4,0,0
2.00030646401045,1,0,0,0,2,0,1,0,5,0,0
15.0018658772394,0,1,0,0,0,0,1,0,5,0,1
10.994598771059,0,1,0,0,0,0,1,0,4,1,1
4.0080633660225,1,0,0,0,0,0,1,0,5,0,0
12.0010605755454,0,1,0,0,0,0,1,0,3,0,0
3.99627763289315,0,0,0,0,0,0,1,0,5,0,0
12.0010308285279,1,0,0,0,0,1,1,0,2,0,0
19.0167050341542,1,0,1,0,0,0,1,0,3,0,0
18.0097531579338,0,1,0,0,0,0,1,0,0,0,0
8.9803818175381,1,1,0,0,0,0,1,0,2,0,0
26.9898508915216,0,1,0,0,0,0,0,1,5,0,0
23.9976743427192,1,1,0,0,0,0,0,1,3,0,0
12.003265444909,1,1,0,0,0,1,0,1,4,0,0
13.0031325952657,1,1,0,0,0,1,0,1,4,0,0
26.0162492504068,0,0,0,0,0,0,0,1,5,1,0
7.0001321154805,0,0,0,0,0,0,0,0,4,0,0
26.996775918113,1,0,0,1,2,0,0,0,4,0,0
1.00003771219732,1,1,0,0,0,0,0,1,3,0,0
2.00665192606863,1,1,0,0,0,0,0,0,0,1,1
1.99912960031077,0,0,1,0,0,0,0,0,3,0,0
37.0109554522692,0,1,0,0,0,0,0,0,4,0,0
12.9946120874703,1,0,0,0,0,0,0,0,4,0,0
2.99592020252392,0,0,0,0,1,0,0,0,2,0,0
22.0140085911897,0,1,0,0,0,0,0,0,4,0,0
1.01399951692557,0,1,1,0,0,0,0,1,4,0,0
28.0055618356721,1,1,0,0,0,0,0,0,3,0,0
21.0124090588121,1,0,0,0,0,0,0,0,4,0,0
11.0044881111251,0,0,0,0,0,0,0,0,3,0,1
3.01544339269593,1,1,0,0,0,0,1,0,2,0,0
4.0018103768803,1,0,0,0,0,0,0,0,4,0,1
26.9906409485651,0,1,0,0,0,0,0,0,5,1,0
26.9984393949375,0,0,0,0,0,0,0,0,5,0,0
26.9893094558744,0,0,0,0,1,0,0,0,4,0,0
4.99431717510169,0,1,0,0,0,0,1,0,3,0,0
22.9936048544542,0,1,0,0,2,0,0,0,4,0,0
22.9952037565122,0,0,0,0,0,1,1,0,2,0,0
6.99606826530564,1,0,0,0,2,0,1,0,2,0,0
27.0066992419931,0,1,0,0,1,0,0,0,5,1,0
4.99997437371328,0,0,0,0,2,0,1,0,4,0,0
26.9966244271455,0,1,0,0,2,0,0,0,0,0,0
9.01175942562685,1,0,1,0,0,0,1,0,3,0,0
0.985883213831732,1,1,0,0,0,0,1,0,4,0,0
7.98683666149958,0,0,0,0,2,0,1,0,3,0,0
16.9831281207787,0,0,0,0,0,1,1,0,2,0,0
1.00348270141466,0,0,0,0,0,0,1,0,0,0,1
11.9989980736764,0,0,0,0,0,1,1,0,2,0,0
4.98798101798289,1,0,0,0,0,0,1,0,5,0,0
5.00811001250901,1,1,0,0,0,0,1,0,1,0,0
21.0013634410649,0,0,0,0,0,1,1,0,2,0,0
8.99677056004403,1,0,1,0,0,0,1,0,2,0,0
5.01518531734266,0,1,0,0,0,0,1,0,2,1,1
16.0004876890912,1,0,0,0,0,0,1,0,2,0,1
25.9814230468284,0,1,0,0,0,0,1,0,5,0,0
26.988442632399,1,1,0,0,1,0,1,0,3,0,0
5.99750633867583,0,0,0,0,0,0,1,0,4,0,0
9.99184947789978,0,1,0,0,0,0,1,0,5,0,0
26.011273617948,1,1,0,0,0,0,1,0,4,0,0
1.00400848742214,1,1,0,0,1,1,1,0,5,0,0
26.9928497433789,1,0,0,0,0,0,1,0,4,0,0
15.0118603159131,1,1,0,0,0,0,1,0,4,0,1
1.01340402973669,0,1,1,0,2,0,1,0,0,0,0
12.0037054731321,0,1,1,0,0,0,1,0,2,0,0
0.987050745643942,1,0,0,1,0,0,1,0,4,0,1
22.0247880890122,0,1,1,0,1,0,1,0,4,1,0
4.98791766100267,0,0,0,0,0,0,1,0,5,0,0
8.9889396204473,0,1,1,0,1,0,1,0,5,0,0
3.99915523268684,0,0,0,0,0,0,1,0,5,0,0
5.01756252629264,1,0,0,0,0,0,1,0,3,0,0
27.9891080294576,0,0,0,0,0,0,1,0,2,0,0
1.00313398249734,1,0,0,0,0,0,1,0,5,0,0
6.00660086952351,0,1,0,0,0,0,1,0,3,0,0
5.00156447966404,0,0,0,0,0,0,1,0,5,0,1
27.000904486283,0,1,0,0,0,0,1,0,5,0,0
27.9898993191822,0,1,0,0,0,0,1,0,5,0,0
8.99789967096108,0,0,0,0,0,0,1,0,2,0,0
26.9847287364541,0,0,0,0,2,0,1,0,2,0,0
2.00200963607898,0,1,0,0,1,0,1,0,1,0,0
13.9970387585978,1,1,0,0,0,0,1,0,4,0,0
26.9984328693631,1,0,0,0,0,0,1,0,5,0,0
18.9879016383469,1,0,0,0,0,0,1,0,5,0,0
9.98350864822608,1,1,0,0,0,0,1,0,5,0,0
9.98434998618255,0,1,0,0,0,0,1,0,3,0,1
0.999762308858085,1,0,0,0,0,0,1,0,3,0,1
27.9939450044256,0,1,0,0,0,0,1,0,4,0,0
24.9892646923173,1,0,0,0,1,1,0,1,2,0,0
26.9941829831845,1,1,0,0,0,1,0,1,5,0,0
24.0079711216748,1,0,0,0,1,0,0,1,2,0,0
44.9979366894984,0,0,0,0,0,0,0,1,5,0,1
3.00046866007637,0,0,0,0,2,0,0,0,3,0,0
26.9998154487637,0,0,0,0,0,0,0,0,3,0,1
0.997859455837154,1,0,0,0,1,0,0,0,3,0,0
8.01174459761365,0,0,0,0,0,0,0,0,5,0,0
26.9940151686239,0,0,0,0,0,0,0,0,2,0,0
22.013649136268,0,1,0,0,2,0,0,0,4,0,0
3.00142609433603,0,1,0,0,0,0,0,0,3,0,0
4.02806796548498,1,0,0,0,1,0,0,0,3,0,0
5.99725607327083,1,1,0,0,0,0,0,0,2,0,0
1.98504107482474,1,0,0,0,0,0,0,0,3,1,1
3.98998463866612,1,0,0,0,2,0,1,0,3,0,0
27.0064626366055,1,0,0,0,2,0,1,0,3,1,0
0.993059382433152,1,0,1,0,0,0,0,0,4,0,1
19.00035941128,1,0,0,0,2,0,1,0,5,0,1
27.0073056895782,1,0,0,0,2,0,0,0,3,1,0
28.0021404829318,1,0,0,0,0,0,0,0,5,0,0
22.0047202034826,1,1,0,0,2,0,0,0,2,0,0
9.99253309836199,0,0,0,0,2,0,0,0,3,0,0
14.0011733056325,1,0,0,0,2,1,0,0,3,0,0
5.98663006096482,1,1,0,0,0,0,0,0,3,0,0
8.99964542480652,0,0,0,0,2,0,0,0,3,0,0
25.993091573243,1,0,0,0,1,0,0,0,3,0,0
0.994016386057403,0,1,0,0,0,0,0,0,2,0,0
28.0118336716903,0,1,0,0,0,0,1,0,3,0,0
27.0001382542348,1,1,0,0,0,1,0,0,4,0,0
1.00953916130124,1,1,0,0,0,0,0,0,3,0,0
27.0066664407044,1,0,0,0,2,0,1,0,2,0,0
9.99658716906698,0,0,0,0,2,0,0,0,3,0,0
11.0048538520445,0,1,0,0,0,0,0,0,5,0,0
26.979451408103,1,0,0,0,0,0,0,0,3,0,0
1.01906364818236,0,0,0,0,0,0,0,0,4,1,0
1.00429310503874,1,0,0,0,0,0,1,0,3,0,0
5.98960797071941,0,0,0,0,0,0,0,0,2,1,0
26.9966264870708,1,0,0,0,0,0,1,0,5,0,0
1.0066696723951,1,0,0,0,0,0,0,0,0,0,0
0.992822014732399,0,1,1,0,1,0,1,0,4,0,0
10.0035512781456,0,1,0,0,2,0,0,0,4,0,0
12.0118540888831,1,0,0,1,2,0,1,0,4,0,0
26.9926053100828,1,0,1,0,2,0,1,0,3,0,0
27.0037686410287,0,1,1,0,1,0,1,0,4,0,0
27.0033728622307,0,1,0,0,2,0,0,0,2,0,0
0.996197555838903,1,1,0,0,0,0,0,0,2,0,0
14.0076590986542,1,1,0,0,0,0,1,0,2,0,0
7.99819821030453,1,0,0,0,0,0,1,0,2,0,0
7.0121145616519,1,0,0,0,0,0,1,0,5,1,1
26.006638158106,0,0,0,0,1,0,1,0,1,0,0
14.9931617500243,0,1,0,0,0,0,1,0,3,1,1
0.999538803177278,1,0,0,0,0,0,1,0,0,0,1
27.0221169260609,0,1,0,0,2,1,1,0,4,0,0
2.0132647906939,1,0,0,0,2,0,1,0,4,0,0
6.99829554617228,1,0,0,0,0,0,1,0,4,0,0
18.0151805595981,1,1,0,0,0,1,1,0,2,0,0
20.0001261491154,1,1,0,0,0,0,1,0,3,0,0
2.02305052229953,0,0,0,0,0,0,1,0,4,0,0
7.99094567156111,1,1,0,0,1,0,1,0,2,0,0
3.99735542933138,1,0,0,0,0,0,0,0,3,0,0
26.9939920249315,0,0,0,0,0,0,1,0,3,0,0
10.9976253252477,1,0,0,0,0,0,1,0,4,0,0
1.0072828700575,0,0,1,0,0,0,1,0,5,0,0
2.005899872012,1,0,0,0,0,0,1,0,5,0,0
9.99877457075111,1,0,0,0,0,1,1,0,3,0,0
1.99050891557993,0,0,0,0,0,0,1,0,4,0,0
26.9980481390844,0,0,0,0,0,0,1,0,3,1,1
27.0187478063693,1,0,1,0,0,0,1,0,5,0,0
9.995714132699,1,1,0,0,0,0,1,0,4,1,0
0.998613353261043,1,1,0,0,1,0,1,0,2,0,1
1.00211833952456,0,1,0,0,0,0,1,0,0,0,1
2.99859074030874,1,1,0,0,0,0,1,0,4,0,1
26.9732495323388,1,1,0,0,0,0,1,0,3,0,0
0.999390140673273,1,0,0,0,1,0,1,0,5,0,0
26.9965637785136,0,1,0,0,0,0,1,0,4,0,0
11.9994785161552,0,0,0,0,0,0,1,0,3,0,0
25.0000429732765,1,0,0,0,0,0,1,0,2,0,0
8.98653476520501,0,0,0,0,1,1,1,0,3,0,0
24.0197362824884,0,0,0,0,0,0,1,0,2,1,0
0.997137426896007,0,1,0,0,2,0,0,0,2,0,0
1.01162798802336,1,0,0,0,2,1,1,0,5,0,0
0.987311200343317,1,1,0,0,0,0,1,0,3,0,1
0.996853642295155,1,0,0,0,0,0,1,0,3,0,1
2.00931940285674,1,0,0,0,0,0,1,0,5,0,1
0.991180722858469,1,1,0,0,0,0,1,0,4,0,0
26.9970446051582,0,1,0,0,0,0,1,0,3,0,1
22.984440654155,0,0,0,0,0,0,1,0,0,1,1
27.0005734385564,1,0,0,0,0,0,1,0,3,0,1
26.9872894482656,0,1,0,0,1,0,1,0,5,1,0
17.021760895487,1,1,0,0,0,1,1,0,2,0,0
2.00603586925285,0,0,0,0,0,0,1,0,0,0,0
1.99326148613893,0,0,0,0,0,0,1,0,0,0,0
10.0062709006882,0,0,0,0,0,0,1,0,2,0,0
2.995598240659,0,1,0,0,0,0,1,0,3,0,0
3.99796703179789,1,0,0,0,2,0,1,0,3,1,0
1.01109948807673,1,1,0,0,0,0,1,0,4,0,0
20.9886263175424,1,1,0,0,0,0,1,0,3,0,0
26.9940382175938,1,1,1,0,1,0,1,0,4,0,0
27.000981159107,0,0,0,0,0,0,1,0,4,0,1
1.99167008704,1,0,0,0,0,0,1,0,5,0,1
1.98636855610828,0,0,0,0,0,0,1,0,0,0,1
1.00085648967639,1,0,0,0,0,0,1,0,2,0,1
12.9930109891838,0,0,0,0,0,0,1,0,4,0,0
27.0014849112808,0,0,0,0,0,0,1,0,5,0,0
1.02078987134731,1,1,0,0,0,0,1,0,3,0,0
0.984787571778042,1,0,0,0,0,0,1,0,4,0,0
10.005409561355,0,0,0,0,0,0,0,1,3,0,0
51.9988927273667,1,0,0,0,1,0,0,1,4,0,0
14.9928852621661,1,1,0,0,0,0,0,1,3,0,0
26.0131919981743,0,0,0,0,0,0,0,1,0,0,0
23.9988822116789,0,0,0,0,0,0,0,1,5,0,0
11.0044452523396,1,0,0,0,1,0,0,1,2,0,0
27.9819902082095,0,0,0,0,2,0,0,1,0,0,0
20.0031425684207,0,0,0,0,0,0,0,0,2,0,0
27.0015030309044,0,1,1,0,0,0,0,0,0,0,0
26.9886667957384,0,1,1,0,0,0,0,1,0,0,0
0.996879123907938,1,0,0,0,0,0,0,0,3,0,0
1.99725344216638,0,0,0,0,1,0,0,0,0,0,0
1.00229848378523,0,1,0,0,0,0,0,0,4,0,1
14.9930752549445,0,1,0,0,0,0,0,0,0,0,0
18.9831110862755,0,1,0,0,0,1,0,0,2,0,0
26.9905345498513,0,1,0,0,1,0,0,0,3,0,0
27.0144969360007,0,1,0,0,0,0,0,1,5,1,1
0.980826350313388,0,0,0,0,0,0,0,0,2,0,1
1.01283118694624,1,1,0,0,0,0,0,0,4,0,1
3.01713136089854,1,0,0,0,0,1,1,0,3,0,1
3.99847666842859,0,1,0,0,0,0,1,0,4,0,1
22.0213128364397,0,1,0,0,0,0,1,0,5,0,1
9.99461485240908,0,1,0,0,0,0,0,1,4,0,1
3.98693094278392,0,0,0,0,0,0,0,0,3,0,1
27.0064980820349,1,1,1,0,1,0,0,0,4,0,0
8.00378951349696,1,1,1,0,0,0,0,0,4,0,0
3.00725472311222,0,0,0,0,0,0,1,0,4,0,0
23.0025892555614,1,1,0,0,2,0,0,0,4,0,0
4.01905871795047,0,0,0,0,0,0,1,0,5,0,0
0.994250075633097,1,1,1,0,2,0,1,0,2,0,0
28.9990478372189,0,0,0,0,0,0,1,0,4,0,0
0.985216279193115,0,0,0,0,0,0,1,0,2,0,0
18.9868654820566,0,0,0,0,0,0,1,0,4,0,0
12.0073061140111,0,0,0,0,0,0,0,0,4,0,0
3.99343746256302,1,1,0,0,0,0,0,0,3,0,0
12.0038775907406,0,0,0,0,2,0,1,0,5,0,0
27.0035320273221,0,0,0,0,2,0,0,0,5,0,0
7.00957708780874,0,0,0,0,0,0,0,0,3,1,0
26.9990814749269,1,0,0,0,0,0,1,0,5,0,0
0.993965633730359,1,0,1,0,0,0,0,0,2,0,0
26.9950247185543,0,0,0,0,0,0,0,1,2,0,0
17.0015960077693,1,0,0,0,0,1,0,0,4,0,0
0.990884715157116,1,0,0,0,0,1,1,0,2,0,0
0.993780622459878,0,0,0,0,1,0,1,0,5,0,0
14.0024104004717,1,0,0,0,2,1,1,0,2,0,0
27.9967136965248,1,1,0,0,2,0,0,0,2,0,0
1.99933323942495,1,0,1,0,0,0,1,0,4,0,0
14.0085494964491,0,1,1,0,1,1,1,0,4,0,0
1.00539190574227,1,0,1,0,1,0,1,0,2,0,0
1.01706029674046,0,0,1,0,0,0,1,0,5,0,0
1.01268339662186,0,0,1,0,0,0,1,0,5,0,0
26.0024566871492,1,1,0,1,0,0,1,0,5,0,0
23.9909192935931,0,0,1,0,0,0,1,0,2,0,0
18.0055773234729,0,0,1,0,0,0,1,0,2,0,0
8.9996602494027,1,0,0,0,2,0,1,0,4,1,1
17.9968684766975,1,0,0,0,0,0,1,0,2,0,0
23.0049778585184,0,0,0,0,0,0,1,0,5,0,0
1.0018978403174,1,0,1,0,0,0,1,0,3,0,0
5.99687394523385,1,0,0,0,0,0,1,0,4,0,1
29.9926631104759,0,1,0,0,0,0,1,0,2,0,0
30.0021507395857,0,0,1,0,0,0,1,0,4,0,0
28.0129018054133,1,0,0,0,0,1,1,0,2,0,0
0.998862004904113,1,0,1,0,0,0,1,0,2,0,0
27.0114006424008,1,0,0,0,0,0,1,0,3,0,0
0.999229608284516,1,0,0,0,0,0,1,0,3,0,0
0.986314087477846,1,0,0,0,0,0,1,0,4,1,0
26.9899174729065,1,0,0,0,0,0,1,0,4,0,0
27.0108719822529,0,1,0,0,2,0,1,0,3,0,0
27.010673132229,0,1,0,0,0,0,1,0,4,0,0
11.0006053430924,0,1,0,0,1,0,1,0,2,0,0
26.9858461524065,1,1,0,0,0,0,1,0,2,0,0
8.99350293695822,0,0,0,1,0,0,1,0,4,0,1
0.982736240161142,1,0,0,0,0,0,1,0,4,1,0
27.0093734804951,0,0,0,0,0,0,1,0,5,0,0
6.98551399882865,1,1,1,0,0,0,1,0,3,0,0
28.0050105894456,0,1,0,0,2,0,1,0,2,0,0
11.0124782934521,0,0,1,0,0,0,1,0,5,0,0
21.9995775446641,1,1,0,0,0,0,1,0,5,0,0
3.01823946741632,0,1,0,0,0,0,1,0,4,1,0
21.0091246974164,0,0,0,0,0,0,1,0,2,0,1
3.99843587460054,0,0,1,0,0,1,1,0,5,0,0
9.00148539868384,0,0,1,0,0,0,1,0,5,0,0
6.00009646597121,0,1,1,0,2,0,1,0,5,0,0
0.991347510640519,1,0,0,0,0,0,1,0,4,0,0
26.9822159594159,0,1,0,0,0,0,1,0,4,0,0
1.99638688407379,1,0,0,0,0,0,1,0,3,0,0
0.997000282652261,0,1,1,0,0,0,1,0,3,0,0
6.99990815031259,0,0,1,0,0,0,1,0,4,0,0
5.99255656704903,0,0,0,0,0,0,1,0,2,0,0
0.999520241692143,0,0,1,0,0,0,1,0,3,0,0
1.00354243303683,0,0,0,1,0,0,1,0,5,1,0
0.991943126854588,1,0,0,0,0,0,1,0,4,0,1
1.01722206509887,0,0,0,0,0,0,1,0,2,0,1
26.9952671792405,1,0,0,0,0,0,1,0,5,1,0
2.98759224434977,0,0,0,0,0,0,1,0,4,0,1
1.0061193613294,0,0,0,0,0,0,1,0,4,0,0
22.0082698914413,0,0,0,0,0,0,0,0,5,0,0
16.0033870276626,0,0,0,0,0,1,1,0,2,0,0
20.0155065159542,0,0,0,0,1,1,1,0,2,0,0
4.00395439902955,1,0,0,0,0,0,1,0,5,0,0
8.0004144998083,1,0,0,0,0,0,1,0,3,0,0
8.00625533044806,1,0,0,1,2,0,1,0,3,0,0
1.01112641524629,1,0,0,0,0,0,1,0,4,0,0
23.0058980012729,0,1,0,0,0,1,0,1,4,0,0
2.99832393496704,0,1,0,0,0,1,0,1,4,0,0
5.00641543321656,1,1,0,0,0,0,0,1,3,0,0
26.9857706542232,1,1,0,0,0,1,0,1,2,1,0
1.98861225191218,1,1,0,0,0,0,0,1,3,0,0
27.0163389562575,0,0,0,0,0,0,0,1,3,0,0
15.9937532312238,1,0,0,0,1,1,0,1,3,0,0
24.0130091306059,1,0,0,0,1,0,0,1,3,0,0
7.0010589398692,0,0,0,0,1,0,0,1,3,0,0
27.0003665872472,0,1,0,0,0,0,0,1,2,0,0
37.9876815932334,0,1,0,0,0,0,0,1,5,0,0
1.00923119224561,1,1,0,0,0,0,0,1,4,0,0
6.99539329376859,0,0,0,0,1,0,0,1,5,1,1
27.0087806898075,1,0,1,0,0,0,0,1,3,0,0
27.0083123350173,0,1,0,0,0,1,0,1,3,0,0
29.9960705634097,1,1,0,0,0,0,0,1,2,0,0
2.01057392164698,0,1,0,0,0,0,0,1,5,0,0
24.0075939618717,1,0,0,0,1,0,0,0,2,0,0
27.0057725145577,0,0,0,0,0,0,0,1,1,0,0
4.0121512198592,0,0,0,0,0,1,0,0,0,0,0
5.00349122375117,1,0,0,0,1,0,0,1,5,0,0
17.0006093149812,1,1,0,0,0,1,0,0,1,0,0
16.9891426406186,0,1,0,0,0,1,0,0,4,0,0
12.9961355452774,0,1,0,0,0,0,0,0,2,0,1
8.00507003389459,0,1,0,0,0,0,0,0,5,0,1
27.0017756542686,1,0,0,0,2,0,0,0,3,0,0
7.98757320014818,0,1,0,0,0,0,0,0,2,0,0
3.00992749681292,1,1,0,0,1,0,0,0,5,0,0
0.993347322621186,0,0,0,0,0,0,0,0,3,0,0
16.0014963896832,1,1,0,0,0,0,0,0,3,0,0
27.0003787976669,1,0,0,0,1,0,0,0,3,0,0
12.9966817234818,1,1,0,0,0,1,0,0,4,0,0
2.00370860900961,1,1,1,0,0,0,0,0,4,0,1
6.00302336626712,1,1,0,0,0,0,0,0,3,0,1
20.9916015072532,0,0,0,0,0,0,0,0,0,0,1
16.0156036179326,1,1,0,0,0,0,0,0,2,0,0
13.0124330553257,1,0,0,0,2,0,0,0,2,0,0
15.9807692220263,0,0,0,0,2,1,0,0,3,0,0
27.994163446332,0,0,0,0,2,0,0,0,0,0,0
12.9888143356216,1,0,0,0,0,0,0,0,5,0,0
26.9868094191238,0,1,0,0,0,0,0,0,2,0,0
5.00528239599575,0,0,0,0,0,0,0,0,4,0,0
0.9905169844073,0,1,0,0,0,0,0,0,2,0,0
7.00876147815204,1,1,0,0,0,0,0,0,2,0,0
27.0027810699145,0,0,0,0,1,0,0,0,2,1,0
6.01836734034278,0,0,0,0,2,0,0,0,2,0,0
20.0140086884401,1,1,0,0,0,0,1,0,3,0,0
19.0103470159373,0,1,0,0,2,0,0,0,5,0,0
27.0150806062145,0,0,0,0,0,0,1,0,1,0,0
2.00005367861343,0,0,0,0,2,0,1,0,2,0,1
11.990488253365,1,1,0,0,1,1,0,0,4,0,1
19.9938063156609,0,0,0,0,0,0,1,0,4,0,0
4.00647053938233,1,1,0,0,2,0,0,0,4,0,0
15.003928389655,0,0,0,0,2,0,1,0,4,0,0
27.0059558830138,0,1,0,0,2,0,1,0,3,0,0
1.98610071929245,0,1,0,0,1,0,0,0,4,0,0
1.9949117279668,1,0,0,0,0,0,1,0,3,0,0
2.99861046722095,0,0,0,0,2,0,1,0,5,0,0
1.00074315041295,0,0,0,0,0,0,1,0,5,0,0
12.0038377822069,1,0,0,0,0,0,1,0,2,0,0
10.9938581263369,0,0,0,0,0,1,1,0,3,0,0
5.99888094451739,1,1,0,0,0,0,1,0,4,0,0
10.0102854820541,0,0,0,0,0,1,1,0,2,0,1
22.0130450676266,1,0,0,0,0,0,1,0,2,1,0
4.98852212997797,1,1,0,0,0,0,1,0,4,0,0
7.99746125728209,0,0,0,0,2,0,1,0,4,1,0
26.9980500302371,0,1,0,0,0,0,1,0,4,0,0
22.0028781575861,0,0,0,0,0,1,1,0,2,0,0
26.9915242913417,1,1,0,0,1,0,1,0,3,0,0
8.97091599553485,0,0,0,0,0,0,1,0,3,0,0
4.99625472660526,1,0,0,0,2,0,1,0,3,0,0
27.0306516340642,1,1,0,0,0,0,1,0,5,0,0
27.0013662706708,1,0,0,0,0,0,1,0,1,0,0
8.01268196309973,1,0,0,0,2,0,1,0,2,0,0
9.00978337319103,1,0,0,0,0,1,1,0,2,0,1
7.00285641071654,1,0,0,0,0,0,1,0,3,0,0
0.994467734844142,1,0,0,0,0,0,1,0,4,1,1
13.9882808939397,0,0,0,0,0,0,1,0,2,0,0
1.00262181866271,1,0,0,0,0,0,1,0,2,0,0
27.0046237229502,0,0,1,0,0,0,1,0,5,0,0
0.989404388138258,0,0,0,0,2,0,1,0,2,0,0
27.0178256571252,1,0,0,0,0,0,1,0,2,0,0
25.9916460154111,1,1,0,0,0,0,1,0,3,0,0
0.974147822167543,1,0,1,0,0,0,1,0,5,0,0
1.01487016116172,0,0,0,0,0,0,1,0,5,0,0
13.0076221733182,1,1,0,0,0,1,1,0,4,0,0
0.998506357275057,0,1,0,0,0,0,1,0,4,0,1
3.0073226598235,0,0,0,0,0,0,1,0,5,0,0
0.99333626120535,0,0,0,0,0,0,1,0,5,0,0
13.0081145933711,1,0,0,0,2,0,1,0,2,0,0
27.0123666094055,0,0,0,0,0,0,1,0,4,0,0
0.989391953013491,0,1,0,0,0,0,1,0,5,0,0
6.0067839487747,1,1,0,0,0,0,1,0,4,0,0
9.99968435851065,1,1,0,0,0,0,1,0,1,0,0
10.0130712490374,1,1,0,0,0,0,1,0,3,0,1
2.99472565040216,1,0,0,0,0,0,1,0,3,0,0
26.9827842464811,1,0,0,0,1,0,1,0,2,1,1
3.99910311816635,0,0,0,0,0,1,1,0,3,0,0
26.9994919921959,1,1,0,0,0,0,1,0,3,0,0
16.9968662498609,1,1,0,0,0,0,1,0,3,0,0
9.00069902131624,0,1,0,0,2,1,1,0,4,0,0
6.01390789877849,0,0,0,1,2,0,0,0,4,0,0
4.00570384438422,1,0,0,0,0,0,1,0,2,0,0
21.9992575930885,1,0,0,0,2,0,1,0,3,1,0
1.01199219686414,1,0,0,0,0,0,1,0,4,0,1
0.989082241296007,1,0,0,0,0,0,1,0,4,0,0
5.99558774927161,0,0,0,0,1,0,1,0,5,0,0
6.00401404182924,1,1,0,0,0,0,1,0,3,0,1
6.98988190857771,1,1,0,0,0,0,1,0,2,0,0
8.01007546604582,0,0,0,0,0,0,1,0,0,0,0
11.9901705304287,0,0,0,0,0,0,1,0,2,0,0
1.00065129722922,1,0,0,0,0,0,0,1,4,0,0
1.99619440154728,1,1,0,0,0,0,1,0,2,0,0
26.9985406343958,1,1,0,0,0,0,1,0,4,0,0
7.00838641465007,0,0,0,0,0,0,1,0,2,0,0
27.0081064697892,1,0,0,0,0,0,1,0,5,0,0
1.00523103481121,1,1,1,0,0,0,0,1,5,0,1
14.0038732644697,1,0,0,0,0,0,0,1,2,1,0
27.0041845926731,0,1,0,0,1,0,0,1,5,0,0
6.00156284436848,1,0,0,0,0,0,0,0,2,0,1
3.00086574703039,1,1,0,0,2,0,0,0,3,1,0
2.98368979723894,1,1,0,0,0,0,0,0,3,1,0
12.9879395919506,1,0,0,0,0,0,0,0,4,0,0
0.9993606873879,0,0,0,0,2,0,0,0,4,0,0
12.0193406632816,1,1,0,0,0,1,0,0,4,0,0
7.02448385740669,1,0,0,0,1,0,0,0,3,0,0
31.0056001935488,1,1,0,0,0,0,0,0,5,0,0
0.993427239646978,1,0,0,0,1,0,0,0,3,0,0
17.0054340862715,0,1,0,0,0,0,0,0,5,0,0
8.99576485120804,0,1,0,0,0,0,0,0,5,0,0
22.0068282567446,1,0,0,0,0,0,0,0,3,0,1
26.987648766082,1,0,0,0,1,0,0,0,4,0,0
27.0005730834344,0,1,1,0,0,0,0,0,5,0,0
9.98341529621917,0,1,0,0,0,0,0,0,2,0,0
0.992470023620099,1,1,1,0,2,0,0,0,2,0,0
7.01458445160137,1,1,0,0,0,0,0,0,3,0,0
18.9919208869889,0,0,0,0,0,0,0,0,2,0,0
26.9897711946916,0,1,0,0,1,0,0,0,5,0,0
1.00951391560581,1,1,1,0,0,0,0,0,4,0,0
27.0134494989012,0,1,0,0,0,0,0,0,4,0,0
26.9779834796196,1,0,1,0,2,0,0,0,2,0,0
12.990908464876,1,0,1,0,1,0,0,0,3,0,0
8.99322289144043,0,0,0,0,2,0,1,0,3,0,0
0.999141616875649,0,1,0,0,0,0,0,0,0,0,1
26.9981562925138,0,1,0,0,0,0,1,0,2,0,0
26.9972846291825,0,1,0,0,2,0,1,0,2,0,0
18.0050083774014,0,0,0,0,0,0,1,0,4,0,0
1.00097630254674,0,1,0,0,0,0,1,0,3,0,1
0.997608347662264,0,0,0,0,2,0,1,0,5,1,1
9.02027412498738,0,0,0,0,0,1,1,0,2,1,1
22.9983316918681,1,0,0,0,0,1,1,0,2,0,1
15.0016019038631,0,1,0,0,0,0,1,0,3,0,1
1.0038619546753,0,1,1,0,1,0,1,0,4,0,1
1.00191849242915,1,0,0,0,0,0,1,0,4,0,1
7.00065542477029,1,1,0,0,0,0,1,0,4,1,1
9.99778651026621,0,1,0,0,0,0,1,0,2,0,1
14.0140207117016,0,1,0,0,0,1,1,0,4,0,0
18.0014693355149,0,1,0,0,0,0,1,0,4,0,0
5.00598804294263,0,0,1,0,2,0,1,0,4,0,1
8.01169631295361,1,1,0,0,1,1,1,0,4,0,1
2.00585691421119,1,1,0,0,0,0,1,0,4,0,1
18.0065463093796,0,0,0,0,1,0,1,0,2,0,1
0.999713627955907,1,0,1,0,0,0,1,0,2,0,1
5.00268536422357,0,0,0,0,2,0,1,0,3,0,0
0.998634259219386,0,0,0,0,2,0,1,0,3,0,0
2.99127824377516,1,0,0,0,2,0,1,0,3,0,0
27.0050392631755,0,0,0,0,2,1,1,0,4,0,0
2.99821558091908,0,0,0,0,0,0,1,0,4,0,0
27.0010046126741,1,0,0,0,0,0,1,0,3,1,0
7.9844111958026,0,0,0,0,0,0,1,0,5,1,0
25.0097899831728,1,0,0,0,2,0,1,0,3,0,0
0.987681898083271,1,0,0,0,0,0,1,0,4,0,0
3.99582865586283,0,0,0,0,0,0,1,0,4,0,1
19.0158862520801,1,0,0,0,0,0,1,0,3,0,0
1.99276629213935,1,0,0,0,1,0,1,0,2,0,0
11.01801419427,1,1,0,0,2,0,1,0,4,0,0
27.0007211516648,0,0,0,0,0,0,1,0,5,0,1
18.0007122107472,0,0,0,0,2,0,1,0,2,0,0
1.9911590570663,0,0,0,0,0,1,1,0,2,0,0
0.999793463893159,0,0,0,0,2,0,1,0,5,1,0
26.9744491284822,0,0,1,0,0,0,1,0,5,0,0
1.00676926908972,1,0,0,0,0,0,1,0,2,0,1
0.984803526552974,1,0,0,0,0,1,1,0,2,0,0
26.0160116121714,0,1,0,0,2,0,1,0,4,0,0
27.0181388342089,1,1,0,0,0,0,1,0,4,0,0
4.00209520011596,1,1,0,0,0,0,1,0,4,0,0
26.9898923611541,0,0,0,0,0,0,1,0,4,0,0
27.0047847955561,0,1,0,0,0,0,1,0,5,0,0
27.0067067572687,0,1,0,0,0,0,1,0,4,0,0
0.985037901220978,1,0,0,0,0,0,0,0,4,0,0
5.99885744328119,0,0,0,1,0,0,1,0,5,1,0
1.00988660440079,0,0,0,0,2,0,1,0,5,0,0
2.99697338304457,1,0,0,0,2,0,1,0,3,0,0
26.9991047192419,0,0,0,0,0,0,1,0,5,0,0
3.99779492210974,0,0,0,0,0,0,1,0,5,0,0
13.0006814328886,1,0,0,0,0,0,1,0,4,0,0
3.00143395163824,0,1,1,0,1,0,1,0,4,0,0
6.99457413057015,1,0,1,0,0,0,1,0,5,0,0
21.9991941005367,1,1,0,0,2,0,1,0,2,0,0
3.00695535550181,0,1,0,0,0,0,1,0,3,0,0
8.99195443187078,1,0,0,0,2,0,1,0,5,0,0
20.9778617445522,0,1,0,0,0,0,1,0,4,0,1
25.9886199191797,0,0,0,0,0,0,1,0,5,0,1
6.99784540042226,0,1,0,0,0,0,1,0,2,0,0
7.99691005462972,0,1,0,0,0,0,1,0,4,0,0
0.992479046103303,1,0,0,0,0,0,1,0,3,0,0
26.9947530111579,0,0,1,0,1,0,1,0,3,0,0
2.99143271979146,1,0,0,0,0,0,1,0,4,0,0
1.01191973420165,1,0,1,0,0,0,1,0,4,0,0
24.0077185756242,0,1,0,0,0,0,1,0,5,0,0
3.99795491700847,1,0,0,0,0,0,1,0,3,0,0
3.01556341591993,0,0,0,0,0,0,1,0,4,0,0
14.9828654749424,0,0,0,0,2,0,1,0,4,0,0
4.99312213654192,1,0,0,0,0,0,1,0,2,0,0
11.9954075422305,0,0,0,0,0,1,1,0,3,0,0
1.0039026777159,1,1,0,0,1,0,1,0,4,0,0
0.998800460326051,1,0,0,0,2,0,1,0,5,1,1
2.99854827809994,1,0,0,0,0,0,1,0,3,0,0
1.00699073362956,1,1,0,0,1,0,1,0,2,0,0
9.01008742181417,0,0,0,0,0,0,1,0,3,0,0
30.0050454816919,1,1,0,0,2,0,1,0,5,1,1
3.02538522146581,1,0,0,0,0,0,1,0,5,0,0
20.0238643754808,0,0,0,0,0,1,1,0,0,0,0
12.004781362217,0,1,1,0,1,0,1,0,3,0,0
14.9853572899656,0,1,0,0,1,0,1,0,5,0,0
0.988079233389508,0,1,0,0,0,0,1,0,5,0,0
2.00323932166876,1,0,0,0,0,0,1,0,4,0,0
11.9933044813786,1,0,0,0,1,0,0,1,3,0,0
1.99343587705379,0,0,0,0,0,0,0,1,3,0,0
52.0132126647201,1,1,1,0,0,0,0,1,3,0,0
9.98789804431435,1,0,0,0,1,0,0,1,3,0,0
2.98113814576578,1,1,0,0,0,0,0,1,5,0,0
8.00524467450973,1,0,0,0,1,0,0,1,3,0,0
27.002709396728,0,0,0,0,1,0,0,1,5,0,0
10.9992726276882,0,0,0,0,0,0,0,1,2,0,1
27.0101856171675,1,0,0,0,0,0,0,1,2,0,1
17.9980270037616,1,0,0,0,0,0,0,1,3,0,1
7.99576853907435,0,1,0,0,0,0,0,1,4,0,0
33.9959663176208,1,1,0,0,0,0,0,0,2,0,0
2.99047127243364,0,1,0,0,0,0,0,1,5,0,0
5.99656448913226,1,0,0,0,0,0,0,0,1,0,0
7.00722683257541,1,0,0,0,1,0,0,1,5,0,0
1.98983044756983,0,1,0,0,0,0,0,0,5,0,0
4.00478239816204,0,0,0,0,0,0,0,0,2,0,0
43.0080091306116,0,1,0,0,0,1,0,0,2,0,0
1.01930759785032,1,1,0,0,0,0,0,0,5,0,0
3.007049567104,0,0,0,0,0,1,0,1,4,0,0
2.00512843286121,1,1,0,0,0,1,0,0,3,1,0
27.0111472877207,1,1,0,0,0,1,0,0,2,0,0
5.99987978452564,0,1,0,0,0,0,0,0,5,0,0
29.9914900532296,0,0,0,0,0,0,0,0,4,0,0
1.0102990125076,1,1,0,0,0,0,0,0,4,0,0
0.992383614110741,1,0,0,0,2,0,0,0,4,1,0
0.990120498232233,0,1,0,0,0,0,0,0,4,0,0
26.9906311561798,0,0,0,0,0,0,0,0,3,1,0
4.99690492817336,1,1,0,0,1,0,0,0,1,1,0
27.0034358176588,0,1,1,0,0,0,0,0,2,0,0
27.0152529944997,1,0,1,0,0,0,0,0,3,0,0
6.00488452302099,1,0,0,0,2,1,0,0,2,0,0
1.02161752118761,1,1,0,0,0,0,0,0,3,0,0
26.9950786288207,1,1,0,0,1,0,0,0,3,0,0
12.9969373769594,0,0,0,0,0,0,0,0,4,0,0
23.0027386130842,1,0,0,0,0,0,0,0,5,0,0
3.02389884577917,1,0,0,0,0,0,0,0,5,0,0
27.004489365105,1,1,0,0,1,0,0,0,4,0,1
2.0053992773727,1,1,0,0,0,0,0,0,2,0,1
1.98543412403579,0,0,0,0,2,0,0,0,2,1,0
2.99678001589626,1,1,0,0,0,0,0,0,3,0,0
21.9934670043997,0,1,0,0,1,0,0,0,5,0,0
1.00339789350357,1,1,1,0,1,0,0,0,0,0,0
26.9870938765844,1,1,1,0,2,0,0,0,5,0,0
20.0159689110994,0,1,0,1,0,0,1,0,5,0,0
26.9976197741238,1,0,0,1,1,0,0,0,4,0,0
1.00052775987547,0,0,0,1,2,0,0,0,5,0,0
0.992260539579073,1,0,1,0,0,0,1,0,3,0,0
18.015902168458,0,0,0,0,0,0,1,0,5,0,1
30.9936995529811,1,1,0,0,1,0,1,0,3,0,1
26.9961032466769,1,1,0,0,1,0,1,0,5,0,0
26.9867830861891,0,0,1,0,0,0,0,0,4,0,0
2.98520188381907,1,0,0,0,0,0,1,0,1,0,0
5.01282661260557,1,1,0,0,1,0,1,0,4,0,0
1.99560068597451,0,0,0,0,0,0,1,0,5,0,0
26.9807968581795,1,1,0,0,2,0,1,0,3,0,1
26.9913367730161,1,0,0,0,2,0,1,0,2,0,1
1.00043710863743,0,0,0,0,0,0,1,0,4,0,1
27.0012184219641,0,0,1,0,0,0,1,0,4,0,0
1.01294012298064,0,0,1,0,1,0,1,0,3,0,0
9.99689421196745,1,0,0,0,2,1,1,0,4,0,0
16.9808439365069,1,0,0,0,0,0,1,0,3,0,0
8.00074625133502,0,0,0,0,0,0,1,0,3,0,0
1.0035636420667,1,1,1,0,2,0,1,0,3,0,0
9.00763268412236,1,0,0,0,0,1,1,0,5,0,0
27.0061593382158,0,0,1,0,0,0,1,0,4,0,0
4.01746853535947,0,0,0,0,0,0,1,0,5,0,0
0.976951193007626,1,0,1,0,0,1,1,0,4,0,0
6.00372084233687,0,0,0,0,0,0,1,0,0,0,0
2.01042151227733,1,0,0,0,0,0,1,0,4,0,0
27.0113003455761,0,1,0,0,2,1,1,0,5,0,0
12.9932318419397,1,0,0,0,1,1,1,0,2,0,0
2.98666338883548,0,0,0,1,0,1,1,0,2,0,0
1.00695445038964,0,0,0,0,2,0,1,0,5,0,0
11.0037230992777,0,0,0,0,0,0,1,0,4,0,0
27.000571935526,0,1,0,0,1,0,1,0,3,0,1
0.987380645540424,0,0,0,0,1,0,1,0,4,0,0
12.9834951774866,0,0,0,0,0,0,1,0,5,0,0
0.996664941681717,0,1,0,0,0,0,1,0,3,0,1
20.0075081842413,0,0,0,0,0,0,1,0,5,0,0
10.0029200331782,0,0,0,0,0,0,1,0,2,0,1
26.0017379795504,0,0,1,0,0,0,1,0,4,0,0
14.0131307428057,1,0,0,0,0,0,1,0,3,0,0
1.01274788250846,0,1,0,0,0,0,1,0,4,0,0
2.00237365054414,0,1,0,0,2,0,1,0,2,1,0
4.99007247097949,1,1,0,0,0,1,1,0,4,0,0
3.97900519376797,0,0,0,0,0,0,1,0,3,1,0
9.98401617740525,1,1,0,0,1,0,1,0,2,0,0
21.9985744698425,1,0,0,0,0,0,1,0,2,0,1
14.9933032663134,0,0,0,0,0,0,1,0,3,0,0
8.00757913614643,0,1,0,0,0,0,1,0,5,0,0
1.00045482763876,0,0,0,0,0,0,1,0,5,1,1
10.0051682292558,1,0,0,0,0,1,1,0,3,0,0
20.0040148251984,1,0,0,0,0,0,1,0,2,0,0
16.0109220515244,1,0,0,1,0,0,1,0,5,1,0
2.01617865825851,0,1,0,0,0,0,1,0,3,0,1
9.9902124831221,1,0,0,0,0,0,1,0,0,0,0
27.0059713272039,1,0,0,0,0,0,1,0,4,0,0
14.011643780205,0,0,0,0,0,0,1,0,3,0,0
27.0089264508014,0,1,0,0,0,0,1,0,4,1,0
20.0129127172072,0,0,0,0,0,0,1,0,2,0,0
10.9843651977804,0,1,0,0,0,0,1,0,3,0,1
15.9995195486957,0,0,0,0,0,0,1,0,3,0,1
9.99706954486834,0,1,0,0,0,0,1,0,3,0,0
26.9947521359087,0,0,0,0,0,0,1,0,3,0,0
19.0274800268292,1,0,0,0,0,1,1,0,3,0,0
8.00772530856409,1,1,0,0,0,0,1,0,5,0,1
14.0061718725816,1,0,0,0,0,1,1,0,2,0,0
0.997820648341611,0,1,0,0,0,0,1,0,5,0,0
4.99617673969099,0,1,0,0,0,0,1,0,5,0,0
1.00855046933909,1,0,0,0,0,0,1,0,5,0,0
2.00761990703787,0,0,0,0,0,0,1,0,2,0,0
27.0021743838272,0,0,0,0,1,0,0,1,5,0,0
3.98961131366147,0,1,1,0,0,0,0,1,5,0,0
27.0063328309653,0,1,1,0,0,0,0,1,4,1,1
22.99056402622,1,1,0,0,0,0,0,1,4,0,0
3.01670934631964,0,1,0,0,0,0,0,1,2,0,0
25.9885140431505,0,0,0,0,1,0,0,1,0,0,0
4.99648707926283,1,0,0,0,0,0,0,0,5,0,0
26.9880770941824,0,0,0,0,0,0,0,0,2,0,0
1.99241061937978,1,1,0,0,2,0,0,0,5,1,1
22.9964395937525,1,0,0,0,0,0,0,0,4,1,1
3.99000874082026,1,0,1,0,0,0,0,0,3,0,1
1.01015267693993,0,0,1,0,0,0,0,0,5,0,1
22.0080490251545,1,0,0,0,2,0,0,0,3,0,1
27.0025588513768,0,1,0,0,0,0,0,0,5,0,0
0.996473446182167,0,0,0,0,0,0,0,0,3,0,0
5.01396646987066,1,0,0,0,2,0,0,0,2,0,0
0.994809753709954,1,1,0,0,0,0,0,0,3,0,0
20.9963135465835,1,0,0,0,0,0,0,0,5,0,0
10.001539753604,1,0,0,0,0,0,0,0,5,0,0
15.998748648284,0,1,1,0,1,0,0,0,5,0,0
26.9961915296521,1,0,0,0,0,0,0,0,5,0,0
15.9859441981257,0,0,0,0,2,0,0,0,2,0,0
22.01481757071,0,0,0,0,0,0,0,0,2,1,0
27.0158694994292,0,0,0,0,1,0,0,0,4,0,0
20.9925238911937,1,1,0,0,0,0,0,0,1,0,0
6.01342714154756,0,1,0,0,1,0,0,0,2,0,0
5.00423298912862,1,0,0,0,2,0,0,0,3,0,0
12.0149368589592,0,0,0,0,0,0,1,0,5,0,1
20.0050175465118,1,1,0,0,0,0,1,0,2,0,1
17.0055860226724,0,1,0,0,0,0,0,0,3,0,1
19.0083304484294,1,0,0,0,2,0,0,0,2,0,1
25.0184410381349,1,0,0,0,0,0,0,0,3,1,0
16.9958458849145,0,1,0,0,2,1,0,0,2,0,1
1.00720689973775,1,0,0,0,0,0,0,0,3,1,1
1.9932910597468,0,0,0,0,0,0,0,0,3,0,0
4.01033707473896,0,0,0,0,2,1,0,0,3,0,0
8.99434693459422,0,0,0,0,0,0,0,0,5,0,0
31.0209050831706,1,1,0,0,0,0,0,0,3,0,0
7.0100816148018,1,0,0,0,0,0,0,0,4,0,0
26.9934725123117,1,1,0,0,2,0,0,0,5,0,0
1.99548628493054,1,1,1,0,0,0,0,0,5,0,0
6.98918851525561,0,0,0,0,1,1,1,0,5,1,0
26.9953063523433,1,0,1,0,0,0,0,0,3,0,0
28.0061076012906,0,1,0,0,0,0,0,0,2,0,0
7.99452232496533,0,0,0,0,2,0,0,0,4,0,0
13.9963752873802,0,0,0,0,0,0,0,0,3,0,0
27.9830686973996,1,0,1,0,0,0,0,0,5,0,0
1.01298322313869,0,1,1,0,0,0,0,0,3,0,0
25.9839922007982,0,0,0,0,0,0,0,0,5,0,0
19.0226239452682,0,0,0,0,0,0,0,0,5,0,0
1.00248554031598,0,1,0,0,0,0,1,0,3,0,0
22.9920321795803,1,1,0,0,0,0,1,0,4,0,0
0.993730939149407,0,1,0,0,0,0,1,0,4,0,0
4.99324745407732,1,0,0,0,0,0,1,0,3,0,0
0.977981275878582,1,0,1,0,0,0,1,0,5,0,0
28.987863687927,0,0,0,0,0,0,1,0,3,0,0
3.0020133388251,1,1,1,0,1,0,1,0,2,0,0
27.0101351116858,0,0,0,0,2,0,1,0,4,0,0
26.9987860203524,1,0,0,0,2,1,1,0,3,1,0
19.9796491829217,0,0,0,0,0,0,1,0,3,0,0
2.99583848977898,0,1,0,0,1,0,1,0,4,0,1
0.992601740296942,0,1,0,0,0,0,1,0,2,0,0
26.9992783578532,0,1,0,0,2,0,1,0,0,0,0
26.0018133210784,0,1,1,0,0,0,1,0,5,0,0
1.00694559557662,1,0,0,0,0,0,1,0,2,0,0
10.0003164618022,1,1,0,0,2,0,1,0,3,0,0
2.01375909571413,1,0,0,0,0,0,1,0,2,0,0
0.997730283450308,1,0,0,1,0,0,1,0,2,1,0
1.01547646985505,0,0,0,0,0,0,1,0,4,0,0
8.97419946813345,0,0,0,0,0,0,1,0,5,0,0
27.0024781305914,1,1,1,0,0,0,1,0,2,0,0
27.0123475958194,1,1,0,0,0,0,1,0,3,0,0
1.01042425528014,1,0,0,0,0,0,1,0,3,0,1
4.99687341857835,1,0,0,0,0,0,1,0,4,0,0
3.01008204741922,1,1,0,0,0,0,1,0,4,0,1
0.996585730889897,1,1,1,0,0,0,1,0,5,0,0
24.9952391075095,1,1,0,0,0,0,1,0,4,0,0
0.991795919418056,0,0,0,0,0,0,1,0,3,0,0
2.01712183654805,1,0,0,1,0,0,1,0,2,0,1
27.0199208301716,0,0,0,0,0,0,1,0,4,0,0
10.98346367203,0,0,0,0,1,0,1,0,3,0,0
1.00589605506882,1,0,1,0,0,0,1,0,3,0,0
9.99348307409307,1,1,0,0,0,0,1,0,5,0,0
26.0094107090916,1,0,0,0,0,0,1,0,2,0,0
15.0085411953414,0,0,0,1,0,0,1,0,3,0,0
0.986089088892431,0,0,0,0,0,0,1,0,5,1,1
4.00609580093761,0,0,0,0,0,0,1,0,3,0,0
26.9960278426639,1,0,0,0,2,0,1,0,3,0,0
22.9991237244542,0,0,0,0,0,0,1,0,5,0,0
21.9912212008662,1,1,0,0,0,0,1,0,2,0,0
13.0161674362049,1,1,0,0,0,0,1,0,5,0,0
27.004460289507,1,0,0,0,0,0,1,0,0,0,0
7.99522049557534,0,1,0,0,0,0,1,0,3,0,1
26.9810078623436,1,0,0,0,2,0,1,0,5,0,1
25.0037101904324,0,0,0,0,1,1,1,0,3,0,1
13.9959013425815,1,0,1,0,0,0,1,0,3,0,1
1.00797862834092,1,1,0,0,0,0,1,0,4,1,0
12.0137360809477,0,1,0,0,0,0,1,0,4,0,0
26.9859140197609,1,1,0,0,0,0,1,0,2,0,0
8.00485587283462,0,0,0,0,0,0,1,0,4,0,0
6.99021141272118,0,0,0,0,0,0,1,0,2,1,0
16.0120568856067,0,0,0,0,0,0,1,0,5,1,0
13.0082065974706,1,0,0,0,0,1,1,0,3,1,0
2.01015947476163,0,1,0,0,0,0,1,0,4,0,1
2.98903833437611,1,0,0,0,0,0,0,1,4,0,0
27.0073234824288,1,0,0,0,1,0,0,1,2,0,0
33.9949271822757,0,0,0,0,1,0,0,1,5,0,0
22.9868166992477,0,0,0,0,1,0,0,1,5,0,1
11.0022598922978,0,0,0,0,1,1,0,1,4,0,0
1.00379696703964,0,0,0,0,0,0,0,1,5,0,0
1.00677974744387,0,0,0,0,0,0,0,1,5,0,0
3.00684541272113,0,1,0,1,0,0,0,1,3,0,0
22.993100767281,1,1,0,0,0,0,0,1,5,0,0
26.9908932536584,0,0,0,0,0,0,0,0,1,0,0
1.00973170719478,0,0,0,0,0,0,0,1,4,0,0
0.998907912192291,0,1,0,0,0,0,0,0,5,0,0
22.9938862692229,0,0,0,0,2,0,0,0,2,0,0
21.0030886861792,0,1,0,0,0,1,0,0,1,0,0
27.0043852415981,0,1,0,0,0,0,0,0,4,0,0
26.9960303421525,0,0,0,0,2,0,0,0,0,0,0
31.992760903412,1,1,0,0,0,1,0,0,4,0,0
26.9741869820605,1,1,0,0,0,0,0,0,4,0,0
1.02087207102077,1,0,0,0,2,0,0,0,2,0,0
8.00823544177265,0,1,0,0,1,1,0,0,2,0,0
9.00690226545907,1,0,0,0,2,1,0,0,2,0,0
25.0161398170244,0,0,0,0,2,0,0,0,5,0,1
28.0040239975538,0,1,0,0,0,0,0,0,3,0,0
27.0091211694994,0,1,1,0,0,0,0,0,5,0,0
8.00655372836926,0,0,0,1,2,0,0,0,4,0,0
27.0162243960804,1,1,0,0,0,0,0,0,3,0,0
11.0119274490089,1,0,1,0,0,0,0,0,2,0,0
16.0228719330466,0,0,0,0,1,0,0,0,2,0,1
27.0034804787185,0,0,1,0,0,1,0,0,2,0,0
1.01856442284052,0,0,1,0,0,0,0,0,0,0,0
1.00283813268442,0,0,1,0,0,0,1,0,4,0,0
2.99888062443514,0,1,0,0,0,0,0,0,2,1,0
26.9945474588075,0,1,0,0,0,0,0,0,4,1,1
7.99975057223088,0,1,0,0,0,0,0,0,4,0,1
4.99950692471449,0,0,0,0,2,0,0,0,4,0,0
2.99120570214398,1,0,0,0,1,0,0,0,5,1,1
3.01040012337318,0,1,0,0,2,1,0,0,3,0,1
27.0155966971152,1,0,0,0,0,0,0,0,3,0,0
20.0030855622175,0,1,0,0,0,1,0,0,3,0,0
6.99039680957601,1,0,0,0,2,0,0,0,3,1,0
17.9878534563922,1,0,0,0,2,0,0,0,5,0,1
1.98833794518375,1,1,0,0,0,0,1,0,2,0,1
13.9958599761172,0,1,0,0,0,0,0,0,5,0,0
28.0023762942343,0,0,0,0,0,0,1,0,3,0,0
5.99932546979729,0,0,0,0,0,0,1,0,5,0,0
16.0020210561181,0,0,0,0,2,0,1,0,3,0,0
5.00361466848688,0,0,0,0,2,0,1,0,2,0,0
1.02352586602178,1,1,1,0,0,0,1,0,4,0,0
25.9949139173487,0,0,0,0,0,1,1,0,3,1,0
0.990264636020632,0,1,0,0,2,0,1,0,5,0,0
1.9962697799882,1,0,0,0,2,0,1,0,3,0,0
27.0146162559299,1,1,1,0,0,0,1,0,5,0,0
26.9950238476148,0,0,0,0,0,0,1,0,5,0,0
26.9946163741359,0,0,0,0,0,1,1,0,2,0,1
1.00387931367248,0,0,0,0,0,0,1,0,4,0,0
0.999187093640952,0,0,0,0,0,0,1,0,4,0,0
11.9950818367684,0,0,0,0,0,1,1,0,4,0,0
14.0033884940241,1,0,0,1,0,1,1,0,2,1,0
14.0020306513643,1,0,0,0,2,1,1,0,3,0,0
19.0051170156127,0,1,0,0,0,0,1,0,2,0,0
27.0036170402181,1,1,0,0,1,0,1,0,2,1,1
23.9876201425241,0,1,1,0,1,0,1,0,4,0,0
5.99289293923983,0,1,0,0,0,0,1,0,5,0,0
1.00522111816155,0,0,1,0,0,0,1,0,3,0,0
0.99343670321264,0,1,1,0,0,0,1,0,5,0,0
0.994435420238989,1,0,0,0,0,0,1,0,5,0,0
12.9802620618114,0,0,1,0,1,0,1,0,5,0,0
0.99485297854356,1,0,1,0,0,0,1,0,4,0,0
3.00693038402604,1,0,0,0,0,0,1,0,2,0,0
20.0049004195044,0,1,0,0,0,0,1,0,2,0,0
7.99483601340273,1,1,0,0,0,0,1,0,4,0,0
12.0166170695507,1,0,0,0,1,1,1,0,3,0,0
26.9954126994518,0,0,1,0,0,0,1,0,5,1,0
10.0030681120782,1,1,0,0,0,0,1,0,3,0,0
26.9912451816527,1,0,0,0,0,0,1,0,4,0,0
13.0026679875971,0,0,1,0,0,0,1,0,5,0,0
0.978667488781224,0,0,0,0,0,0,1,0,2,0,0
23.9975652512834,0,1,0,0,0,0,1,0,3,0,0
19.0169416698305,0,1,0,0,0,0,1,0,4,0,0
13.0034307968945,0,1,0,0,0,0,1,0,4,0,0
7.00554194817898,1,1,0,0,1,0,1,0,4,0,1
0.990328206293496,0,1,0,0,0,0,1,0,5,0,0
39.0053930961341,0,1,0,0,0,0,1,0,3,0,0
27.0100442229946,1,0,0,0,0,0,1,0,2,0,0
1.98397211130472,1,0,0,0,1,1,1,0,3,0,0
19.9918106022629,1,0,0,0,0,0,1,0,3,0,0
15.9814565317775,1,0,0,0,0,1,1,0,2,0,0
1.01500745368268,0,0,0,0,0,0,1,0,4,0,0
17.0072400866204,1,1,0,0,0,0,1,0,3,0,0
13.9972961515127,0,0,0,0,0,0,1,0,3,0,0
0.999884116401233,0,1,0,0,0,0,1,0,4,0,0
3.01119798472817,1,0,0,0,0,0,1,0,3,0,0
5.99734243386575,0,0,0,0,2,0,1,0,3,0,0
14.0143256436446,1,0,0,0,0,0,1,0,3,0,0
23.9898623597153,1,1,0,0,0,0,1,0,4,0,0
1.00975635334994,0,0,1,0,0,0,1,0,5,1,0
41.9896866366133,1,0,0,0,1,0,0,1,5,1,0
20.0018901511539,0,0,0,0,1,0,0,1,3,0,1
25.9976372758435,0,1,0,0,0,0,0,1,5,0,0
3.01539358098021,1,1,0,0,0,1,0,1,3,0,0
2.00048484843426,0,0,1,0,0,0,0,1,4,0,0
27.0093569272873,1,0,0,0,0,1,0,1,4,0,0
1.01015900615666,0,1,0,0,0,0,0,1,5,0,0
1.98105446529285,0,0,0,0,0,0,0,1,5,1,1
1.99406187407495,0,1,0,0,0,0,0,1,5,1,1
7.00939452581009,1,1,0,0,0,0,0,1,2,1,1
18.9977263161892,0,1,0,0,0,1,0,1,3,0,1
1.00592803309257,0,0,0,0,1,0,0,1,5,1,1
27.0094153199917,1,1,0,0,0,0,0,1,5,0,1
24.0102904840276,0,1,0,0,0,0,0,1,5,0,0
9.99544566326273,0,1,0,0,0,1,0,0,4,0,0
0.997918267364893,0,0,0,0,0,0,0,0,3,0,0
4.99621817542672,1,0,0,0,0,0,0,0,4,0,0
27.005154084227,0,0,0,0,0,0,0,0,3,0,0
1.99527213501513,1,0,0,0,0,0,0,0,3,0,0
27.0021039149468,0,0,0,0,2,0,0,0,2,0,0
26.0051587928518,0,0,0,0,2,0,0,0,3,0,0
17.0097271976643,1,0,0,0,0,0,0,0,3,1,0
5.02503369822829,1,0,0,0,0,0,0,0,4,0,1
26.9939044565097,0,1,0,0,1,0,0,0,5,0,0
21.0059995059189,1,0,0,0,0,0,0,0,5,1,0
3.98854842186923,0,1,0,0,0,0,0,0,5,0,0
27.0006137572754,1,0,0,0,0,0,1,0,4,0,0
1.00275774505157,1,0,0,0,2,0,0,0,3,1,0
27.0079799874645,1,1,0,0,0,0,0,0,2,0,0
27.9912973038439,0,1,0,0,0,0,0,0,3,0,0
27.0048606811973,0,1,0,0,0,0,0,0,5,1,0
5.99308060208594,0,0,1,0,0,0,0,0,4,0,1
27.0089046309599,1,1,0,0,2,0,0,0,4,0,1
15.9963850817051,0,1,0,0,0,0,0,0,2,0,1
6.00281258911631,1,0,0,0,2,0,0,0,2,0,0
26.9915319910233,1,1,0,0,0,0,1,0,3,0,0
1.00010888609787,0,1,0,0,0,0,0,0,3,0,0
0.994724766612383,0,0,0,0,2,0,0,0,4,0,0
3.97401859469826,1,1,0,0,2,1,1,0,2,0,0
1.00546727388632,0,1,0,0,2,0,1,0,5,0,0
13.0031203147018,1,1,0,0,0,1,1,0,4,0,0
0.99767600483174,1,1,0,0,0,0,1,0,4,0,0
0.997758507209965,0,0,0,0,0,0,1,0,2,0,0
0.995490594214628,1,1,0,0,0,0,1,0,3,0,0
26.9926212366958,1,1,0,0,0,0,1,0,0,0,0
1.01050544358619,1,0,0,0,0,0,1,0,5,0,0
3.99489455060619,0,0,0,0,0,0,1,0,3,0,0
20.0124997651413,1,1,0,0,0,0,1,0,2,0,0
3.99059053374449,1,1,0,0,1,0,1,0,3,1,0
1.00486273313036,0,0,0,0,2,0,1,0,4,0,0
0.988466693506832,1,1,0,0,0,0,1,0,3,0,0
26.9949943694568,0,0,1,0,0,0,1,0,4,0,1
15.9982991075703,0,1,0,0,0,0,1,0,4,0,1
26.9999577761436,0,0,0,0,0,0,1,0,3,0,1
24.0003791342942,1,0,0,0,0,0,1,0,4,0,1
1.0058334046097,0,0,0,0,0,0,0,1,5,0,1
27.0017232170326,0,0,0,0,2,0,1,0,5,0,0
15.0038818221376,0,0,0,0,2,1,1,0,2,0,0
13.9943785363878,0,1,0,0,0,0,1,0,4,0,0
27.0127560876284,1,1,0,0,0,0,1,0,0,0,1
8.00287264007602,1,0,0,0,0,0,1,0,3,0,0
0.99359311445439,1,0,0,1,0,0,1,0,2,0,0
27.004285789304,0,1,0,0,1,0,1,0,0,0,0
2.01910960260163,0,0,0,0,0,0,1,0,2,0,0
1.00008119981993,0,1,1,0,0,0,1,0,5,0,0
27.0045985445716,0,1,1,0,0,0,1,0,4,1,1
21.0019893420149,0,0,0,0,0,0,1,0,4,0,0
27.0177219788226,1,0,0,0,0,0,1,0,3,0,0
6.98915289173602,1,0,0,0,1,0,1,0,4,0,0
1.99936105681281,0,0,0,0,0,0,1,0,3,0,0
23.012110397543,0,0,0,0,0,0,1,0,2,0,0
12.0338115728439,1,1,0,0,0,1,1,0,4,0,1
10.0030842657658,0,1,1,0,0,0,1,0,4,0,0
2.0060901113962,0,1,0,0,0,0,1,0,4,0,0
1.00268927285615,1,0,0,0,0,0,1,0,5,0,0
0.99469970205114,0,1,0,0,0,0,1,0,3,0,0
1.98203623944587,1,0,0,0,1,0,1,0,4,0,0
4.99061308938522,0,1,0,0,1,0,1,0,5,0,1
6.0094920377483,1,0,0,0,0,0,1,0,3,1,0
0.998701558234229,1,1,1,0,1,0,1,0,2,0,0
13.002011222016,0,0,0,0,0,1,1,0,2,0,1
10.9938346049975,1,0,0,0,0,0,1,0,3,0,0
26.999112154603,1,1,0,0,1,0,1,0,5,0,1
9.00826337980193,0,0,0,0,0,0,1,0,5,0,0
26.9944722926836,0,0,0,0,0,0,1,0,2,0,0
13.9892498680552,0,0,0,0,0,0,1,0,5,0,0
2.03274026964871,0,0,1,0,0,0,1,0,4,0,0
26.9854050474348,0,0,0,0,2,1,1,0,3,0,0
10.9919612268852,0,1,0,0,0,0,1,0,5,0,0
26.996759745753,0,1,0,0,1,0,1,0,5,0,0
4.0100611679648,0,0,0,0,0,0,1,0,5,0,0
0.98987021826216,1,1,0,1,1,0,1,0,4,0,0
1.99676640751186,0,0,0,0,1,0,0,1,2,1,0
19.0051036145899,0,0,0,0,1,0,0,1,2,1,0
26.9915597965397,0,1,0,0,0,0,0,1,3,0,1
19.0048417457478,0,0,0,0,0,0,0,1,3,0,1
0.991428262442152,1,0,0,0,0,0,0,0,4,0,1
5.01071052620769,1,1,0,0,0,0,0,1,5,0,1
1.00082877736397,0,0,0,0,0,0,0,0,3,0,1
26.9974917254684,1,0,0,0,2,0,0,0,5,0,1
5.99887146101286,0,0,0,0,2,0,0,0,4,0,1
2.99090515921955,0,1,0,0,0,0,0,0,2,0,0
0.999092234466159,0,1,0,0,0,0,0,0,4,0,0
6.01003029385119,0,1,0,0,1,0,0,0,4,0,0
0.98996309999373,0,0,1,0,2,0,0,0,2,0,0
2.01302151128116,0,1,1,0,2,0,0,0,2,0,0
1.02058424540228,0,1,1,0,0,0,0,0,5,0,0
8.01443151479205,0,0,0,0,1,0,0,0,5,0,0
0.999701601824951,0,0,0,0,0,0,1,0,5,0,0
5.00992388691106,0,1,0,0,0,0,0,0,2,0,0
23.0120395348156,0,1,0,0,1,0,0,0,3,0,0
27.0089713558719,1,1,0,0,1,0,0,0,2,0,0
16.0001813168463,1,0,0,0,2,0,0,0,3,0,0
1.00591110411999,1,0,0,0,0,0,0,0,2,0,1
1.99077283000779,1,0,0,0,2,0,0,0,2,0,0
12.0181998301668,1,1,0,0,0,1,0,0,4,0,0
3.98838633099124,1,0,0,0,0,0,1,0,1,1,0
26.9973676074077,1,0,0,0,2,0,1,0,3,1,0
0.99813460437963,0,1,0,0,0,0,0,0,5,0,0
5.99539139718972,0,0,0,0,2,0,1,0,4,0,0
5.01547679653663,1,1,0,0,1,0,0,0,3,0,0
23.0224387351449,0,1,0,0,2,1,0,0,2,0,0
7.99569268543262,1,0,0,0,0,0,1,0,2,0,1
12.9857405958065,1,1,1,0,2,0,0,0,2,0,1
19.02230971773,0,0,0,0,2,0,0,0,3,0,1
26.9923838693153,0,1,0,0,0,0,0,0,2,1,1
19.992697922451,0,1,0,0,0,1,0,0,2,0,1
7.01154972907614,1,0,0,0,0,0,0,0,4,0,1
1.00854899867543,0,0,1,0,0,0,1,0,3,0,1
27.0166717837977,0,1,0,0,2,0,1,0,5,1,0
27.9843951015605,1,1,0,0,0,0,1,0,4,0,0
12.9870436992722,0,0,0,0,0,0,1,0,4,0,0
0.97169566119755,1,0,0,0,0,0,1,0,5,0,0
20.0087400281089,1,0,0,0,2,0,1,0,2,0,0
21.9813844863435,0,0,0,0,0,0,1,0,4,0,0
11.0173005626175,1,0,1,0,0,0,1,0,3,0,0
15.9931924125433,0,0,0,0,0,0,1,0,0,0,0
27.001890658455,0,0,0,0,0,0,0,0,3,0,0
8.00277773071662,1,1,0,1,1,0,0,0,3,0,0
11.9996010201311,0,0,0,0,0,0,1,0,2,0,0
26.0063727469723,0,0,0,0,0,0,1,0,5,0,0
26.9778711603093,1,1,0,0,0,0,1,0,4,0,0
1.98077385316311,0,0,0,0,2,0,1,0,5,0,0
26.999746466043,1,1,0,0,0,0,1,0,4,0,0
0.988164817749883,1,0,1,0,0,0,1,0,2,0,0
0.992211237094947,0,0,1,0,0,0,0,0,5,0,1
26.9967447551277,0,1,0,0,0,0,1,0,3,0,0
5.99263334552881,0,0,0,0,2,0,1,0,3,0,0
9.00416976191025,0,0,0,0,0,0,1,0,3,0,0
31.0002376345733,0,0,1,0,0,0,1,0,3,0,0
23.0082087942299,0,0,0,0,0,0,1,0,3,0,1
25.0026736160312,0,1,0,0,2,0,1,0,4,0,0
3.01103301569154,1,0,1,0,0,0,1,0,2,0,0
27.0138624359956,1,0,0,0,0,0,1,0,4,1,0
1.00975952249325,1,0,1,0,0,0,1,0,0,0,0
21.0009354184404,0,0,1,0,0,0,1,0,4,0,0
7.99902652101426,0,0,0,0,0,0,1,0,0,1,0
2.00413688314766,0,0,0,0,0,0,1,0,3,0,0
0.986001429303781,0,0,0,0,0,0,1,0,0,1,0
7.99419729952548,1,0,0,0,2,1,1,0,3,0,0
0.987640512803457,0,0,1,0,0,0,1,0,5,0,0
6.01704800441569,1,0,0,0,0,0,1,0,3,0,0
12.995487053518,1,0,0,0,0,1,1,0,4,0,0
5.98767549174752,1,0,0,0,0,1,1,0,3,0,0
18.0074250834869,1,0,0,0,0,0,1,0,2,0,0
27.0114189578575,0,0,0,1,0,0,1,0,0,0,0
1.00421374254732,0,1,1,0,0,0,1,0,2,0,0
26.9891231296891,1,1,0,0,2,0,1,0,4,0,0
26.999122797049,0,0,0,0,1,0,1,0,3,0,0
0.980487541360334,0,0,0,0,0,0,1,0,5,0,1
17.9917520882011,0,0,0,0,0,1,1,0,4,0,0
1.00449645748445,1,1,1,0,1,0,1,0,3,0,0
18.9959431524577,1,0,0,0,0,1,1,0,2,0,0
0.993051831508334,1,1,0,0,0,0,1,0,4,0,1
10.0006313869367,0,0,0,0,0,0,1,0,3,0,0
0.98370367602899,1,1,0,0,2,0,1,0,2,0,0
1.00681555710305,1,1,0,0,0,0,1,0,3,0,0
0.989373435974028,1,0,1,0,0,0,1,0,3,0,0
1.00784820703818,1,0,0,0,0,0,1,0,3,0,1
14.9927774284494,0,0,0,0,0,1,1,0,2,0,1
4.9822610516244,1,1,0,0,1,0,1,0,2,0,0
10.9901667152288,1,0,0,0,0,0,1,0,1,0,0
9.00351310003667,0,0,0,0,2,0,1,0,0,0,0
0.99294311573241,1,0,0,0,0,0,1,0,3,0,0
0.999878365078181,1,1,0,0,0,0,1,0,2,0,0
27.0008238722823,1,0,0,0,0,0,1,0,4,0,0
1.01107370886171,1,0,0,0,0,0,1,0,4,0,1
26.9930648180681,0,1,0,0,0,0,1,0,0,0,1
23.9939891271492,0,1,0,0,0,0,1,0,2,1,1
8.99609615074357,1,0,0,0,0,0,1,0,4,1,1
23.9910707792513,1,0,0,0,0,0,1,0,3,1,1
7.00756376794926,0,1,0,0,0,0,1,0,5,0,1
10.0151696061631,0,0,0,0,0,0,1,0,4,0,0
13.0009828568051,1,0,0,0,0,0,1,0,4,0,0
4.98619944263676,0,0,0,0,0,1,1,0,2,0,1
1.00389249571575,1,0,0,0,0,0,1,0,3,0,0
2.01391926739746,0,0,0,0,0,0,1,0,0,0,0
3.0007496672921,0,1,0,0,1,0,1,0,4,0,0
27.0045686775389,1,1,0,0,0,0,0,1,3,0,0
26.9901321847793,1,1,0,0,0,0,0,1,2,0,0
1.01653290070858,1,0,0,0,0,0,0,1,3,0,0
2.99502709048149,1,1,0,0,0,0,0,1,2,0,0
1.99943248978584,0,1,0,0,0,0,0,1,1,0,0
25.999821592586,0,0,0,0,1,0,0,1,5,1,0
4.00649949473323,1,0,0,0,1,0,0,1,5,0,0
38.9985948724647,1,0,0,0,0,0,0,1,5,1,0
3.0074667847893,0,0,1,0,0,0,0,0,3,0,0
14.0005245705542,0,0,0,0,0,1,0,0,4,0,1
9.01003209581866,1,1,0,0,0,0,0,0,4,1,1
18.008805995834,1,1,0,0,0,1,0,1,2,0,1
23.0078387021502,1,0,0,0,0,0,0,0,2,0,1
11.9957880551642,0,1,0,0,0,1,0,0,4,0,0
7.01148209947996,1,0,0,0,0,0,0,0,4,0,0
4.0031337867491,0,0,0,0,2,0,0,0,4,1,1
27.0041887308975,1,1,0,0,0,0,0,0,5,0,1
10.9922686428524,1,1,0,0,1,0,0,0,3,0,0
17.0087168752418,1,0,0,0,0,1,0,0,5,1,1
2.01184793638065,1,1,0,0,0,0,0,0,4,0,0
10.9851012595748,1,0,0,0,1,0,0,0,2,0,0
6.99418747093306,1,1,0,0,0,0,0,0,2,0,0
4.00095297365332,0,0,0,0,1,0,0,0,2,1,0
12.9960660130535,0,0,0,0,2,0,0,0,1,0,0
0.990845824672141,1,1,0,0,1,0,0,0,1,0,0
17.9931438978942,0,1,0,0,0,0,0,0,3,0,0
8.99545120161176,0,1,0,0,1,0,0,0,2,0,0
23.0040418853876,1,0,0,0,0,0,0,0,2,0,0
19.9836759669612,1,0,0,0,1,0,0,0,2,0,0
3.01276865128678,1,0,0,0,2,0,0,0,2,0,0
17.9866277881176,0,0,0,0,2,0,0,0,2,0,0
27.0130362979484,0,1,0,0,1,0,0,0,4,0,0
4.99802193575187,1,0,0,0,2,0,0,0,5,0,0
21.9876298314141,0,0,0,0,0,1,0,0,2,0,0
1.02182118267413,1,1,1,0,1,0,0,0,2,0,0
1.01059561402323,0,0,1,0,0,0,0,0,3,0,0
10.0110300571566,1,0,0,0,0,0,0,0,3,0,1
26.9889034716361,0,0,1,0,0,0,0,0,5,1,0
0.987766060231333,0,0,0,0,2,0,1,0,4,0,0
12.9973753517927,1,0,1,0,0,0,0,0,4,0,0
0.979047647726237,1,0,1,0,0,0,0,0,2,0,0
10.9970639709376,1,0,1,0,0,0,0,1,3,0,0
3.01415560495409,0,0,1,0,0,0,0,0,4,0,0
0.999122390895091,0,0,1,0,0,0,0,0,3,0,0
1.99838627067464,0,0,0,1,1,0,0,1,5,1,0
13.9995530086471,0,1,1,0,0,0,0,0,5,0,0
6.00205297660816,0,1,1,0,0,0,0,0,0,0,0
5.99502063736314,1,0,0,0,0,0,1,0,4,0,1
12.9912557624786,1,1,0,0,0,0,1,0,4,0,1
1.00978993055269,0,0,0,0,0,0,0,0,3,0,1
1.00404894149092,1,0,0,0,0,0,1,0,3,0,1
26.9760909124355,1,1,0,0,1,0,0,0,3,0,1
1.00198639915082,0,1,1,0,0,0,1,0,2,1,1
15.0014204085078,0,0,0,0,0,0,0,0,5,0,1
26.9894037754524,0,1,1,0,2,0,0,0,5,0,1
0.999040736248126,1,1,0,0,0,0,0,0,4,0,1
26.9903906631149,1,0,0,0,2,0,1,0,2,0,1
13.9976160916003,0,0,0,0,0,1,0,0,3,0,0
11.9976557410082,0,0,0,0,0,0,0,0,2,0,0
8.99296301909901,1,0,0,0,0,1,1,0,5,0,0
27.0115862450031,1,0,0,0,2,0,0,0,2,0,0
24.0037474630455,0,0,0,0,1,0,1,0,2,0,0
26.9846418823305,0,0,0,0,0,0,1,0,5,0,0
7.98765832199928,0,1,0,0,0,1,0,0,3,0,0
10.0062721411888,0,1,0,0,1,0,0,0,2,0,1
0.99788114562159,1,1,1,0,2,0,1,0,4,0,1
1.99597155226209,0,0,0,0,0,0,1,0,2,0,1
4.00283990371292,1,0,0,0,0,0,1,0,3,0,1
19.9906395729441,0,0,0,0,0,0,1,0,3,0,1
0.995632473557939,1,0,0,0,0,0,1,0,5,0,1
0.984092799919341,0,0,0,0,0,0,1,0,4,1,1
11.0001528294248,1,1,0,0,2,0,1,0,3,1,1
15.9984863365614,1,1,0,0,0,0,0,0,2,0,1
20.9994504829272,0,0,0,0,0,0,1,0,5,0,0
27.0122411074811,1,0,0,0,0,1,0,0,2,0,0
12.0045619702522,1,0,0,0,2,1,1,0,2,0,0
0.99518318307462,1,0,0,0,0,0,1,0,2,0,0
1.00959852921641,1,1,0,0,0,0,1,0,5,0,0
27.9965240153854,1,1,0,0,2,0,1,0,4,0,0
27.0098030076144,0,0,0,0,0,1,1,0,2,0,0
27.0068893742505,0,0,0,0,2,0,1,0,0,0,0
27.0002642224921,0,1,0,0,0,0,1,0,2,0,0
11.9882405705979,1,0,0,0,0,1,1,0,2,0,0
11.0046577249874,1,1,0,0,0,0,1,0,5,0,0
2.99488986763338,0,0,0,0,0,0,1,0,5,0,0
10.9982100527048,0,1,0,0,0,1,1,0,4,0,0
26.9887561383668,1,1,0,0,0,0,1,0,4,0,0
5.0091810742978,0,0,0,0,0,0,1,0,1,0,0
18.9869169929181,1,0,0,0,0,1,1,0,3,1,0
1.0148609185719,0,1,0,0,0,0,1,0,2,0,0
11.0001656605872,0,0,0,0,2,0,1,0,3,1,0
4.00904298122537,1,1,0,0,0,0,1,0,3,0,0
27.0060318810725,0,1,0,0,1,0,1,0,5,0,0
1.00586541509975,0,0,0,0,2,0,1,0,5,0,0
1.99034508560627,0,1,0,0,1,0,1,0,4,0,0
16.9720763620031,1,1,0,0,0,1,1,0,1,0,0
17.013457800377,1,1,0,0,2,1,1,0,1,0,0
0.976820064458421,0,0,0,0,0,0,1,0,1,1,0
19.0077094582239,1,0,0,0,0,0,1,0,3,1,0
1.0006976383649,1,1,0,0,1,0,1,0,4,0,0
6.00069404523614,1,1,0,0,1,0,1,0,3,0,1
26.991504373654,1,0,1,0,0,0,1,0,5,0,0
27.0166040834474,1,0,0,0,0,0,1,0,3,0,0
27.0043218249719,0,0,0,1,0,0,1,0,3,0,0
1.00562205421805,1,0,0,0,0,0,1,0,4,0,1
4.01140403086272,0,1,0,0,0,0,1,0,5,0,0
7.99199229453804,1,0,0,0,0,0,1,0,2,0,0
19.9932210091787,0,0,0,0,2,0,1,0,4,0,0
1.00328382647593,0,0,1,0,0,0,1,0,2,0,0
25.9980643425125,0,0,0,0,1,0,1,0,2,1,0
26.9972473452671,0,0,0,0,0,0,1,0,2,0,0
1.01073246734352,1,0,0,0,0,0,1,0,3,1,0
1.99478082241851,1,1,1,0,0,0,1,0,2,0,1
10.9990085298977,0,1,0,0,1,1,1,0,2,0,1
16.9890589609187,1,1,0,0,0,1,1,0,3,0,1
1.00070126084578,1,1,0,0,0,0,1,0,4,0,0
26.9808131933482,1,0,0,0,2,0,1,0,4,0,0
0.991400329603779,0,1,0,0,0,1,1,0,5,0,0
1.00409136289838,0,1,0,0,0,0,1,0,5,1,1
3.97898102522815,0,0,0,0,2,0,1,0,4,0,0
27.9954971979037,1,0,0,0,0,0,1,0,2,1,0
1.00287268775071,0,0,0,0,1,0,1,0,3,0,0
1.99069115493654,0,0,1,0,0,0,1,0,5,0,0
11.9864700422623,0,0,0,0,0,0,1,0,3,0,0
4.00413901691026,0,0,0,0,0,0,1,0,2,0,0
2.01489158242862,0,1,0,0,0,0,1,0,4,0,1
8.99896031418544,1,0,0,0,0,0,1,0,5,0,0
18.0086978523894,0,1,0,0,0,1,1,0,3,0,1
1.0055713040773,1,0,0,0,2,0,1,0,2,0,1
9.99705305711579,1,0,0,0,0,0,1,0,3,0,1
16.9839214968524,0,0,1,0,0,0,1,0,4,0,0
1.99949756490001,0,0,0,0,0,0,1,0,4,1,0
17.9972324738772,1,0,0,1,1,0,1,0,4,1,1
26.9793215000031,1,0,0,0,0,0,1,0,3,0,0
6.99677866251095,0,0,0,0,0,1,1,0,5,0,0
13.9909112209989,0,0,0,0,0,0,1,0,2,0,0
1.00509389928499,0,0,0,0,0,0,1,0,0,0,0
25.9912256988775,1,0,0,0,0,0,1,0,4,1,0
0.991308011103479,0,1,0,0,0,0,1,0,5,0,1
26.9919091965038,1,1,0,0,0,0,1,0,3,0,0
5.99242299894168,1,0,0,0,0,0,1,0,3,1,0
21.9964443461545,1,0,0,0,0,1,1,0,2,0,0
9.99656156356577,1,1,0,0,0,1,0,1,5,0,1
40.9935879232619,1,1,0,0,0,0,0,1,2,0,1
30.003715768699,1,1,0,0,0,0,0,1,3,0,0
27.0123127634682,1,0,0,0,0,0,0,1,2,0,1
15.9947654549503,0,1,0,0,0,0,0,1,5,0,1
27.013801993395,1,0,0,0,0,0,0,1,5,0,1
1.99288366001527,0,1,0,0,0,0,0,1,5,0,0
13.9968270320587,1,0,0,0,1,0,0,1,4,0,0
0.984194252335353,0,0,0,0,0,0,0,1,2,0,0
18.0082180526251,0,0,0,0,0,0,0,1,3,1,1
11.9976913779095,1,1,0,0,0,1,0,1,4,0,1
23.9992220241699,0,1,0,0,0,0,0,1,4,0,1
19.9941595524833,0,1,0,0,0,1,0,1,2,0,1
16.0207118795744,0,1,0,0,0,0,0,1,0,1,0
2.99939944423647,0,0,0,0,0,0,0,1,4,0,0
8.0199880588521,0,1,0,0,0,0,0,1,4,0,0
26.9944291737499,1,0,0,0,0,0,0,1,5,0,0
23.997504969211,0,0,0,0,1,0,0,0,2,1,0
3.00328830575806,0,0,0,0,1,1,0,0,5,1,0
15.9857468862376,1,0,0,0,0,1,0,0,3,0,0
10.0086833177408,0,0,0,0,0,0,0,0,3,0,0
14.9881682951623,0,1,0,0,0,1,0,0,3,0,0
18.0118267617863,0,0,0,0,0,0,0,0,2,0,0
27.0004907675446,0,0,0,0,1,0,0,0,2,0,0
11.9895685989639,1,0,0,0,0,1,0,0,4,0,0
7.00189222171281,1,1,0,0,0,0,0,0,4,0,0
20.9995773963146,1,0,0,0,0,0,0,0,5,1,0
7.99222019273249,1,0,0,0,0,0,0,0,2,0,0
26.9785375508971,0,1,0,0,0,0,0,1,5,0,0
8.97869240426027,0,0,0,1,1,0,0,0,3,1,0
27.0097516450104,0,0,1,0,0,0,0,0,5,1,0
2.00566934172809,0,1,1,0,0,0,0,1,0,0,0
0.993772042823459,0,1,1,0,0,0,0,0,3,0,0
26.9919013338882,1,0,0,0,0,0,0,0,3,0,0
1.00302407150355,1,1,0,0,0,0,0,0,4,0,0
0.996068859982388,1,1,0,0,0,0,0,0,4,0,0
27.0169756606428,0,0,0,0,0,0,0,0,0,0,0
6.01456568999428,0,0,0,0,1,1,0,0,3,1,0
11.9967684710843,0,0,0,0,0,0,0,0,2,0,0
19.9955052148523,1,1,0,0,0,0,0,0,3,0,0
13.9973476401257,1,0,0,0,2,0,0,0,2,1,0
13.0173557676767,1,0,0,0,2,0,0,0,3,0,0
1.02169895745774,0,0,1,0,0,0,0,0,4,0,0
1.98525897550882,0,1,0,0,1,0,0,0,3,1,0
27.9969331928348,0,0,0,0,0,0,0,0,5,0,0
1.99194095268306,0,1,0,0,1,0,0,0,2,0,0
26.9993605639512,0,1,0,0,0,0,0,0,4,0,0
27.9926221242875,1,0,0,0,2,0,0,0,4,1,0
44.0059502526523,0,1,0,0,1,0,0,0,5,0,0
4.99697645080389,0,0,0,0,0,0,0,0,3,0,0
26.996415333453,0,1,0,0,2,1,0,0,5,1,0
8.99880933860147,0,0,0,0,2,1,0,0,3,0,0
13.0195003017218,1,0,0,0,2,0,0,0,1,0,0
9.99966986654524,0,1,0,0,0,0,0,0,3,0,0
2.00257842099318,1,0,0,0,2,0,0,0,3,1,0
10.9862846242745,1,0,0,0,0,0,0,0,4,0,0
7.00640905343787,0,1,0,0,0,0,0,0,5,0,0
6.00921132463523,0,0,0,0,0,0,0,0,2,0,0
0.993702911014482,1,0,0,0,0,0,0,0,5,0,0
0.993234024241331,0,0,0,0,0,0,0,0,5,0,0
1.00523912288653,1,1,1,0,2,0,0,0,3,0,0
15.0002590807613,0,1,0,0,1,0,1,0,2,0,0
24.007632520877,1,1,0,0,0,0,0,0,5,1,0
21.0004112572482,0,1,0,0,0,0,1,0,2,0,0
25.999935925618,1,1,0,0,2,0,0,0,4,0,0
0.999152806384559,0,1,0,0,0,0,1,0,5,0,0
1.00500904819421,0,1,1,0,2,0,1,0,0,0,0
9.98323530267897,1,1,0,0,2,0,1,0,4,0,0
5.01177182814888,1,0,0,0,0,0,0,0,0,0,0
5.98732357494388,1,0,0,0,0,0,1,0,4,0,0
12.0059371502188,0,0,1,0,0,0,1,0,2,0,1
25.0053475956081,0,0,1,0,0,0,1,0,4,0,0
27.0175471787103,1,0,1,0,0,0,1,0,5,0,0
26.997002293792,0,0,1,0,0,0,1,0,4,0,0
1.99531677161606,1,0,0,0,2,0,1,0,3,0,0
6.01017770888477,1,1,1,0,0,1,1,0,3,0,0
26.9970426029553,0,0,0,0,2,0,1,0,3,0,0
15.9901892354755,1,0,0,0,0,1,1,0,4,0,0
21.0045224696026,0,0,0,0,0,1,1,0,3,0,0
2.00616939660616,0,1,0,0,2,0,0,0,1,0,0
5.98446453283613,1,1,0,0,0,0,1,0,2,0,0
20.9863572334613,1,0,0,0,0,0,1,0,3,0,0
1.01745485328017,0,1,0,0,0,0,1,0,3,0,0
26.0135477973362,0,1,0,0,0,0,1,0,4,0,0
16.9893105038369,0,1,0,0,0,0,1,0,5,1,0
1.99859572784531,1,0,0,0,2,0,1,0,3,0,0
21.9937531186332,1,0,0,0,1,1,1,0,2,0,1
5.00599017751765,0,0,0,0,0,0,1,0,4,0,0
26.9867220457167,0,1,0,0,2,0,1,0,2,0,0
1.02184334804178,0,0,0,0,0,0,1,0,0,0,0
4.9898836962624,1,0,0,0,2,0,1,0,4,0,0
4.99189616219984,0,1,0,0,0,0,1,0,2,0,0
7.00466890463116,1,1,0,0,2,1,1,0,5,0,0
27.0000727183814,0,0,0,0,2,0,1,0,3,0,0
0.99202805244981,0,1,0,0,0,0,1,0,3,0,0
4.99830373936006,0,1,0,0,0,0,1,0,5,0,0
26.9964715884415,0,0,0,0,2,0,1,0,5,0,0
29.0019568988668,1,1,0,0,0,0,1,0,5,0,1
11.9894499035582,1,1,0,0,0,0,1,0,4,0,0
1.01768282609912,1,0,0,0,2,0,1,0,3,0,1
3.99014092870284,0,0,0,0,0,0,1,0,2,0,0
6.00469654383024,0,0,0,0,2,0,1,0,3,0,0
8.01142245806347,0,1,0,0,1,0,1,0,5,0,0
13.0045469836035,1,0,0,0,0,0,1,0,4,0,0
2.00664005372308,0,1,0,0,0,0,1,0,5,0,0
1.99726255233371,0,1,0,0,0,0,1,0,3,0,0
1.98118982873718,1,1,1,0,0,0,1,0,4,0,0
9.00561848575094,1,0,0,0,0,0,1,0,5,0,1
1.00336421824499,1,0,1,0,0,0,1,0,4,0,0
13.0030723685905,0,0,0,0,0,0,1,0,0,1,0
13.9950596285081,1,1,0,0,1,0,1,0,4,0,0
33.0027490550279,0,0,0,0,0,0,1,0,3,1,1
2.00254164654511,0,0,0,0,0,0,1,0,2,0,0
11.9953920555379,0,1,0,0,2,0,1,0,5,0,0
27.0114666030493,1,1,0,0,0,0,1,0,3,0,0
2.00670234490496,0,1,0,0,0,0,1,0,4,0,0
22.027294443279,1,0,0,0,0,0,1,0,4,0,0
0.99980142318962,1,0,0,0,0,0,1,0,5,0,0
7.99311354860297,1,1,0,0,2,1,1,0,4,0,0
1.00185915900111,0,0,0,0,0,0,1,0,4,0,0
4.99898344177081,0,1,0,0,0,0,1,0,2,0,0
13.015871018672,0,0,0,0,0,0,1,0,3,0,0
9.98548670051033,1,1,0,0,1,0,1,0,5,0,0
0.999723409176997,0,1,1,0,1,0,1,0,5,0,0
6.00120432618668,1,0,0,0,0,0,1,0,5,0,1
5.99711948675815,0,0,0,0,0,0,1,0,2,1,1
13.9934936981745,0,0,0,0,0,0,1,0,2,0,0
0.99879663881089,0,1,0,0,0,0,1,0,5,0,0
22.0019408194647,1,1,0,0,0,0,1,0,3,0,0
13.005147320792,0,0,0,0,1,0,0,1,3,0,0
35.986033612031,1,0,0,0,0,0,0,1,4,0,0
39.9868789926994,1,0,0,0,0,0,0,1,4,0,0
10.0055276515167,0,1,0,0,0,0,0,1,4,0,0
1.99302779741539,0,1,0,0,0,0,0,1,5,0,0
26.9984319439903,0,0,0,0,0,0,0,1,3,0,0
0.982293509212662,0,1,0,0,1,0,0,1,5,0,0
6.98559817501736,1,1,0,0,0,0,0,1,4,0,0
27.0076956115967,1,0,0,0,0,0,0,1,4,0,0
6.99373675386188,1,0,0,0,0,0,0,0,5,0,1
4.99664045487801,0,1,0,0,0,0,0,1,5,0,0
3.98530001380299,1,0,0,0,0,0,0,0,5,0,0
6.98221622873321,1,0,0,0,0,0,0,0,3,0,1
1.00808540132453,1,0,0,0,0,0,0,0,4,0,1
7.00504136951761,0,1,0,0,0,0,0,0,3,0,1
19.0099010083838,1,1,0,0,1,0,0,0,4,0,0
26.9904091266717,0,0,0,0,0,0,0,0,4,0,0
2.99792966053283,1,1,0,0,0,0,0,0,3,0,0
5.00128994337426,1,0,0,0,1,0,0,0,3,0,0
1.00019236038407,0,0,0,0,2,0,0,0,3,0,0
9.0078226107614,1,1,0,0,0,0,0,0,2,1,0
0.979007223554249,0,1,0,0,1,0,0,0,4,0,0
13.9930691145682,0,0,0,0,2,0,0,0,3,0,0
12.0151179103563,0,1,0,0,1,1,0,0,4,0,0
11.9981207179972,0,1,0,0,0,0,0,0,4,1,0
11.0039265981165,1,0,0,0,0,0,0,0,3,0,1
4.9912931933292,1,0,0,0,2,0,0,0,3,0,0
15.9945023820071,1,1,0,0,0,0,1,0,2,0,0
26.9944281760336,1,0,0,0,0,0,0,0,3,0,0
7.98395210768449,0,1,0,0,0,0,0,0,2,0,0
1.00245691906151,0,1,0,0,0,1,0,0,4,0,0
2.00144687476335,1,1,0,0,0,0,0,0,5,0,0
26.9978497590464,0,1,0,0,2,0,0,0,0,0,0
27.0074468867685,0,1,0,0,0,0,0,0,5,0,0
4.00076125235063,0,0,0,0,2,0,0,0,0,1,0
1.0104996795095,1,0,0,0,0,0,1,0,3,1,0
27.0076002505708,1,0,0,0,2,0,0,0,2,0,0
0.999374005687315,0,1,0,0,0,0,0,0,4,0,0
26.9832458162727,1,0,1,0,2,0,0,0,3,0,0
28.0091421500221,0,0,1,0,0,0,0,0,5,0,0
4.98619764538647,0,0,0,0,2,0,0,0,2,0,0
33.0075484293673,0,1,0,0,2,0,0,0,0,0,0
6.00051295203291,1,0,0,0,1,0,0,0,5,0,0
5.01665050775569,1,1,0,0,0,0,1,0,4,0,0
8.99704000454541,1,1,0,0,1,0,1,0,4,0,1
1.02311101784799,0,0,0,0,0,0,1,0,1,1,0
28.0009106970854,1,0,0,0,0,0,0,0,4,0,1
21.0029725719896,0,1,0,0,0,1,0,1,3,0,0
27.0017639155135,1,0,1,0,0,0,0,0,4,0,0
26.9918918735211,1,1,0,1,0,0,1,0,4,0,0
27.0064359068616,1,1,1,0,0,0,1,0,4,0,0
4.00011050259333,0,0,0,1,0,0,0,0,2,0,0
27.0092470621323,1,0,0,0,0,0,1,0,2,0,0
27.0107179931914,0,0,1,0,0,0,0,0,3,0,0
0.989787253345319,0,1,0,0,0,0,1,0,4,0,0
17.0116695223659,1,0,0,0,2,1,1,0,3,0,0
27.9957235395887,0,0,0,0,0,0,1,0,4,0,0
0.99212868100022,1,0,0,0,1,0,0,0,3,0,0
26.9921301803757,0,1,0,0,0,0,1,0,5,0,0
14.9919807073925,0,0,1,0,2,0,1,0,3,1,1
2.00429173127412,1,0,0,0,0,0,1,0,5,1,0
3.02022355368097,1,0,0,0,0,0,0,0,4,0,0
2.99773466022819,1,0,0,0,2,0,1,0,5,0,1
27.0024028870718,0,1,0,0,0,0,1,0,2,0,0
26.0087101882348,0,0,0,0,0,0,1,0,2,0,0
0.986427270355983,1,1,0,0,0,1,1,0,4,0,1
0.997143521482378,1,1,0,0,0,0,1,0,4,0,0
1.00315766389352,0,0,1,0,0,0,1,0,3,0,0
26.9966828668027,0,0,0,0,1,0,1,0,0,0,0
27.0111215856224,1,0,0,0,0,1,1,0,2,0,0
13.9885469977989,1,0,0,0,0,0,1,0,2,0,0
0.991404049773069,1,1,0,0,0,0,1,0,1,0,0
1.98835619113578,1,1,0,0,0,0,1,0,3,0,0
6.99865194686216,1,0,0,0,0,0,1,0,4,0,0
3.99758701094824,0,0,0,0,0,0,1,0,5,0,0
27.0084507136213,1,0,0,0,0,0,1,0,5,0,0
16.9849553029278,1,1,0,0,2,0,1,0,4,0,0
17.0060686003247,0,0,0,0,0,1,1,0,3,0,0
20.9905252865703,0,0,0,0,0,0,1,0,3,0,1
0.993059567955649,0,1,0,0,0,0,1,0,5,0,0
1.01068375143105,0,0,0,0,0,0,1,0,5,0,1
10.9894844472065,0,1,1,0,0,0,1,0,4,0,0
5.01105219419731,1,0,1,0,0,1,1,0,3,0,0
26.991999453377,1,0,0,0,0,0,1,0,4,0,0
28.0065007336053,0,1,1,0,2,0,1,0,3,0,0
0.989058993955671,1,0,1,0,0,0,1,0,2,0,0
7.01063647176948,1,0,0,0,2,0,1,0,4,0,0
0.992076398432261,0,0,0,0,0,0,1,0,0,0,0
21.986351194126,0,1,0,0,0,0,1,0,3,0,0
4.00015078155148,0,1,0,0,0,0,1,0,2,0,0
20.9917178728902,0,1,0,0,0,0,1,0,3,1,1
2.99683090465079,1,0,0,0,2,0,1,0,3,1,0
0.994686797417975,0,1,0,0,0,0,1,0,3,0,0
11.0153347525918,1,0,0,0,0,1,1,0,4,0,0
0.990545719951865,0,0,0,0,0,0,1,0,3,0,0
1.9846645208361,1,0,0,0,0,0,1,0,3,0,0
12.0013809607848,0,0,0,0,0,1,1,0,2,0,1
27.0124781405122,1,1,0,0,0,0,0,1,3,0,0
27.9993745378996,0,0,0,0,0,0,0,1,5,1,0
6.98650216567713,0,1,0,0,0,0,0,1,4,1,0
1.99486604585437,0,0,0,0,0,0,0,1,2,0,0
10.0025045395827,1,0,0,0,0,0,0,1,2,0,0
26.9979422596757,0,1,0,0,0,0,0,1,4,0,0
11.0072117813502,0,0,0,0,1,1,0,1,2,1,0
26.9812390019812,0,0,0,0,0,0,0,1,3,1,0
12.9943771236955,0,0,0,0,0,0,0,1,4,0,0
3.98304018499869,0,0,0,0,0,0,0,1,3,0,0
27.0050220802504,1,1,0,0,0,0,0,1,2,0,0
12.0017156791103,1,0,0,0,0,0,0,1,3,0,0
3.99357764805643,1,0,0,0,0,0,0,1,4,0,1
25.997946215564,1,1,0,0,0,0,0,1,2,0,0
22.9996171577357,0,0,0,0,0,0,0,1,3,0,0
2.01362812116752,0,0,0,0,0,0,0,1,3,0,0
9.00079785738306,0,1,0,0,0,0,0,1,3,0,0
8.00179678572308,0,1,0,0,0,1,0,1,2,0,0
27.0116531235194,1,0,0,0,1,0,0,1,5,0,0
15.9876176312412,0,1,1,0,0,0,0,0,4,0,0
0.99737948965202,0,0,0,0,2,0,0,0,4,0,0
0.998314012466676,1,0,0,0,1,0,0,0,2,0,0
14.9817135278737,1,1,0,0,0,0,0,0,2,0,1
1.00653594320669,1,1,0,0,0,0,0,0,1,0,0
9.99614530592638,0,1,0,0,0,0,0,0,3,0,0
1.99955963705094,0,0,1,0,0,0,0,0,0,0,0
0.993736367015152,0,0,0,0,0,0,0,0,0,0,0
6.97958955368701,1,0,0,0,2,0,0,0,2,1,0
5.98812995792737,0,0,0,0,2,1,1,0,3,0,1
9.0061436128886,1,0,0,0,0,0,1,0,4,1,0
26.0079332581897,1,0,0,0,0,0,1,0,4,0,0
17.9986485072295,0,0,0,0,2,0,0,0,4,1,1
13.9924378227353,0,0,1,0,0,1,0,0,2,1,1
27.0125355981464,0,1,1,0,0,0,0,0,2,1,1
3.00693907840743,1,1,0,0,0,0,1,0,2,1,1
26.9962891378717,0,0,0,0,0,0,0,0,5,0,0
17.9913694196885,1,0,0,0,2,1,0,0,2,0,1
1.00705865120515,0,0,0,0,0,0,0,0,4,1,0
6.00833292155631,1,1,0,0,0,0,0,0,4,0,0
27.0057201376476,1,0,0,0,0,0,0,0,4,0,0
13.9940017459721,0,1,0,0,0,0,0,0,4,0,0
1.01275873207939,0,0,0,0,2,0,0,0,5,0,0
27.0105133201563,1,0,1,0,2,0,0,0,2,1,0
27.0052554827633,0,1,0,0,2,0,0,0,4,0,0
18.0182429642247,0,0,0,0,2,0,0,0,4,0,0
19.0035168960674,0,1,0,0,0,0,0,0,2,1,0
21.0084159923583,0,0,0,0,0,0,1,0,2,0,0
11.0025845763069,1,1,0,0,0,0,0,0,5,0,0
1.00161380222027,0,1,0,0,0,0,0,0,5,0,0
0.987919691825537,0,1,0,0,0,0,1,0,2,0,0
11.9986906053024,0,0,0,0,0,0,0,0,4,0,0
2.01401122973016,0,0,0,0,0,0,1,0,0,0,0
5.99196313984775,0,1,0,0,0,0,0,0,3,1,0
1.02385304125767,1,0,0,0,0,0,1,0,2,1,0
27.0120411798522,0,0,0,0,0,0,0,0,5,0,0
27.0036956766603,0,0,0,0,0,0,0,0,5,0,0
8.99864234236617,1,1,0,0,0,0,0,0,4,0,0
12.0001636134784,0,1,0,0,2,0,0,0,4,0,0
14.005808660685,0,0,0,0,0,0,0,0,3,0,0
22.9680187634068,1,1,0,0,2,0,1,0,3,0,0
30.0137845722681,1,1,1,0,0,0,0,0,3,0,0
25.9853800752566,1,0,0,0,2,0,1,0,2,0,0
1.00504215376466,1,0,0,0,2,0,0,0,3,0,0
2.00928694765449,1,1,0,0,2,0,0,0,2,0,0
8.99874422235791,0,0,0,0,0,0,0,0,5,1,0
18.0062291709863,1,0,0,0,0,0,1,0,4,0,0
3.01522205213687,1,1,0,0,0,0,1,0,2,0,0
12.0036200862562,1,0,0,0,0,0,1,0,2,0,0
5.00809281624228,1,1,0,0,0,0,1,0,4,0,0
0.988554306740017,1,1,0,1,2,0,1,0,2,0,0
27.0087043268844,0,0,0,0,0,0,1,0,4,0,0
18.0130406158515,0,0,0,0,0,0,1,0,2,0,0
11.0074271067736,1,0,0,0,0,1,1,0,3,0,0
4.99478928475526,0,0,0,0,0,0,1,0,5,0,0
1.0143544184659,1,0,0,0,0,0,1,0,4,0,0
7.00482338207672,1,1,0,0,0,0,1,0,0,0,0
25.9733875302093,0,1,1,0,1,0,1,0,5,1,1
1.0133639038262,1,0,1,0,0,0,1,0,4,0,0
27.0054507388739,0,0,0,0,2,0,1,0,2,0,0
27.0124821168292,1,1,0,0,2,0,1,0,5,0,0
0.989853582032386,1,1,1,0,1,0,1,0,2,0,0
1.00756137973589,0,0,1,0,0,0,1,0,0,0,0
5.98365231261794,0,1,0,0,0,0,1,0,5,0,0
11.009814126894,1,0,0,1,0,0,1,0,2,0,0
6.99224078614714,1,0,0,0,0,0,1,0,4,0,1
5.00171999057755,1,0,0,0,1,0,1,0,2,0,0
4.9980304386683,0,0,0,0,0,0,1,0,3,0,1
2.00863205325934,1,0,0,0,0,0,1,0,3,1,0
2.98850414913153,0,0,0,0,0,0,1,0,2,0,1
0.984813413207712,1,1,0,0,0,0,1,0,0,0,0
21.0021675952644,1,0,0,0,0,0,0,0,5,1,1
4.00836679360914,1,1,0,0,0,0,1,0,3,0,0
3.98044836409711,0,0,0,0,0,1,1,0,2,0,0
10.0027104837822,0,1,0,0,0,0,1,0,5,0,0
7.99422428596303,0,0,0,0,0,0,0,1,2,0,1
21.0068612980045,0,0,0,0,0,0,0,1,3,0,0
0.993406934651368,1,1,0,0,0,0,0,1,3,0,0
1.99970040037457,0,1,0,0,0,0,0,1,4,0,0
26.9862609566959,1,1,0,0,1,0,0,1,4,0,0
0.997153938328059,1,0,0,0,1,0,0,0,5,0,0
27.0055070292797,0,0,0,0,1,0,0,0,4,0,0
7.99906800790523,0,1,0,0,0,0,0,0,4,0,0
25.992612720914,1,1,0,0,0,0,0,0,2,0,0
3.00035477457576,1,1,0,0,0,1,0,0,5,1,0
13.0048144057551,1,1,0,0,0,0,0,0,4,0,0
27.0167656730417,1,0,0,0,0,0,0,0,5,0,0
32.0067769720279,1,0,0,0,0,0,0,0,3,1,0
26.9973139528159,1,0,0,0,2,1,0,0,2,0,0
13.9887266560027,1,0,0,0,0,1,0,0,4,0,0
1.00617387804345,1,0,0,0,0,0,0,0,2,0,1
21.0029628342994,0,0,0,0,1,0,0,0,4,0,0
11.9882772970703,0,0,0,0,0,0,0,0,3,0,0
27.9888042970886,1,0,0,0,2,0,0,0,2,0,0
25.0158353702722,0,0,0,0,0,0,0,0,5,0,0
26.9971047113945,0,0,0,0,0,0,0,0,2,0,0
9.9953648869867,0,1,0,0,0,0,0,0,0,0,0
19.984966811341,1,0,0,0,0,0,0,0,5,0,0
7.99937624689139,1,0,0,0,2,0,0,0,3,0,0
12.0066189289386,0,0,1,0,0,0,0,0,5,0,0
1.0029170899109,1,0,1,0,0,0,0,0,4,0,0
0.983828899940936,1,1,0,0,1,0,0,0,5,0,0
6.01395756468655,0,1,1,0,0,0,0,0,5,0,0
4.99199737761934,1,1,1,0,0,1,0,0,2,0,0
9.01154388791367,1,0,0,0,0,0,0,0,4,0,1
1.99145075773966,1,1,1,0,0,0,0,0,3,0,0
0.998687766557454,0,1,0,0,0,0,0,0,3,0,0
7.99666709335598,1,1,0,0,1,0,0,0,4,0,0
5.98721352956545,1,0,0,0,2,0,0,0,2,1,0
27.9928592913136,0,1,0,0,0,0,0,0,3,0,0
5.01382735445753,0,1,0,0,0,0,0,0,5,0,0
10.9920256487731,1,0,0,0,2,1,0,0,4,0,0
9.99347529374803,0,1,0,0,0,0,0,0,5,0,0
4.0019999491581,1,0,0,0,0,1,1,0,2,0,0
3.00623838591469,1,0,0,0,2,0,0,0,3,0,0
12.0061727956685,0,0,0,0,0,0,0,0,3,0,1
0.999129301617201,1,1,0,0,2,0,0,0,3,0,0
10.0000283330797,1,1,0,0,2,0,0,0,2,0,0
27.0166702144318,0,1,0,0,0,0,0,0,4,0,0
0.999055117096867,1,0,0,0,2,0,1,0,3,0,0
26.9914717675232,1,0,0,0,0,0,0,0,2,0,0
26.9884461160532,0,0,0,0,0,0,0,0,5,1,0
20.995691848124,1,0,0,0,2,0,0,0,4,0,0
31.9932731383949,0,0,0,0,1,0,0,0,5,0,0
3.99421272557751,0,1,0,0,2,0,0,0,0,0,0
18.0130811897698,0,1,0,0,0,1,1,0,2,0,1
27.0061833406363,0,1,0,0,0,0,1,0,5,0,1
3.00278577596242,1,1,0,0,0,0,1,0,5,0,1
0.990181047540602,1,0,0,0,0,0,1,0,4,0,1
20.0147407639433,1,0,0,0,0,0,1,0,2,0,1
12.021373966518,1,0,0,0,0,0,1,0,3,1,1
5.99472115181092,1,1,1,0,0,0,1,0,4,0,0
12.9908963712604,1,1,0,0,0,0,1,0,5,0,0
2.01214418959792,0,0,0,0,2,0,1,0,5,0,0
0.983396505703171,1,0,0,0,0,0,1,0,3,0,0
1.99265755580342,1,0,0,0,2,0,1,0,2,1,0
6.00374720054857,0,0,0,0,2,0,1,0,3,0,0
0.996614000648956,1,0,1,0,2,0,1,0,3,0,0
3.00747286209152,0,1,1,0,0,0,1,0,3,0,0
1.98294233949053,1,0,0,0,2,0,1,0,4,1,0
1.98743890011245,0,1,0,0,0,0,1,0,4,0,0
12.9980987788564,1,1,0,0,0,0,1,0,4,1,0
17.004633411369,1,0,0,0,0,0,1,0,2,0,0
1.00271542441524,1,1,0,0,0,0,1,0,5,0,0
26.9941928228723,0,1,0,0,2,0,1,0,4,1,1
6.99927630311527,0,0,0,0,0,0,1,0,4,0,1
26.9945303620643,1,1,0,0,2,0,1,0,2,0,1
1.0069675712824,1,0,0,0,0,0,1,0,3,0,1
1.00477713885139,1,0,0,0,0,0,1,0,1,0,0
27.0236913091193,1,0,0,1,2,0,1,0,4,0,0
27.0169040926968,1,1,1,0,1,0,1,0,2,0,0
0.978941093994238,0,1,0,0,1,0,1,0,4,0,1
1.01090005979917,0,0,1,0,0,0,1,0,2,1,0
2.98916285218941,0,0,0,0,0,1,1,0,2,0,0
9.99523627501047,0,1,0,0,1,1,1,0,4,0,0
28.0096274911593,0,0,0,0,0,0,1,0,4,1,0
18.9982348027699,1,0,0,0,2,0,1,0,2,0,0
20.9963089454157,0,0,0,0,0,0,1,0,4,1,1
23.0083463863407,0,0,1,0,1,0,1,0,4,0,0
2.00502969687208,0,0,0,1,0,0,1,0,0,0,1
2.01337520418774,1,0,0,0,0,0,1,0,2,0,0
19.0051654260638,1,0,0,0,0,0,1,0,4,0,0
3.03085228746748,0,1,0,0,0,0,1,0,4,0,0
7.98258351538695,0,0,0,0,0,0,1,0,3,0,0
7.99620753522604,0,0,0,0,0,1,1,0,3,0,1
21.0059454300857,1,1,0,0,0,0,1,0,2,0,0
27.0097262389665,0,0,0,0,0,0,0,0,5,1,0
1.00316383960252,1,0,0,0,0,1,1,0,4,0,0
13.9959462981257,1,0,0,0,0,0,1,0,3,0,0
18.0012922423206,0,1,0,0,2,1,1,0,2,0,0
27.0110902454294,0,1,0,0,0,0,1,0,5,0,0
1.99481024229255,0,0,1,0,1,0,1,0,4,1,0
1.00213867054859,1,0,0,0,0,0,1,0,2,0,0
13.9963691955193,0,1,0,0,0,1,1,0,4,0,0
27.0083341110488,1,1,0,0,1,0,1,0,3,0,0
3.00562530531833,1,1,0,0,0,0,1,0,3,0,0
15.9949598079383,1,0,0,0,1,0,0,1,4,0,1
23.0077552067445,1,1,0,0,0,0,0,1,3,0,1
20.0116092915348,1,1,0,0,0,1,0,1,2,0,1
19.9840425468391,0,0,0,0,0,0,0,1,4,1,1
6.0089306411256,0,1,0,0,0,0,0,0,3,0,0
15.9975978426576,1,0,0,0,2,0,0,1,3,0,0
21.9958651844803,1,0,0,0,0,1,0,0,3,0,0
12.002319115132,1,1,0,0,0,0,0,0,4,0,0
27.010890357031,0,0,0,0,0,0,0,1,4,1,0
19.0095123250079,0,0,0,0,2,0,0,1,2,1,0
1.01191683577668,0,1,0,0,0,0,0,1,4,0,0
0.993555766591933,0,1,0,0,0,0,0,0,2,0,0
26.9940204796958,0,0,0,0,0,0,0,1,4,0,0
27.9822027567169,1,1,0,0,0,0,0,1,0,0,0
27.001658970822,0,1,0,0,0,1,0,0,3,1,0
4.99175373982708,1,1,1,0,0,0,0,1,3,0,0
26.9929066366975,1,1,0,0,0,0,0,0,4,0,0
16.0175625640017,0,1,0,0,0,1,0,0,2,0,0
2.01352752388976,1,0,0,0,0,0,0,0,1,0,0
0.999666867645378,0,1,0,0,0,0,0,0,1,0,0
26.989592578645,0,0,0,0,0,0,0,0,5,0,0
2.02271892876683,1,1,0,0,0,0,0,0,2,0,0
1.00097132842761,0,0,0,0,0,0,0,0,2,0,0
15.9969608478464,0,0,0,0,2,0,0,0,3,0,0
26.9898718676275,0,0,0,0,0,0,0,0,3,0,0
10.9832331695533,1,0,0,0,2,0,0,0,2,1,0
1.01253986714386,0,0,0,0,0,0,0,0,3,0,0
15.0019628991836,0,0,0,0,0,0,0,0,2,0,0
10.9959393640971,0,1,0,0,0,0,0,0,5,0,0
18.0074945027034,1,1,0,0,0,1,0,0,3,0,0
26.9949596107398,0,0,0,0,0,0,0,0,3,0,0
13.0050015137,1,0,0,0,0,1,0,0,3,0,0
6.00373976612091,1,1,0,0,0,1,0,0,2,0,0
0.99246161271977,0,0,0,0,0,0,0,0,2,0,0
9.00386174045771,1,0,0,0,0,1,0,0,3,0,0
16.9972463077944,1,0,0,0,2,0,0,0,4,0,0
5.99213677178006,0,0,0,0,0,1,0,0,3,0,0
29.0135937019967,0,1,0,0,1,0,0,0,4,0,0
0.985094627047802,1,1,0,0,1,0,0,0,5,0,0
2.00027174412644,1,1,0,0,0,0,0,0,2,0,0
19.991807015313,0,0,0,0,2,0,0,0,4,0,1
10.9854870607973,1,1,0,0,1,0,1,0,2,0,1
17.9993597840528,0,0,0,0,0,0,1,0,2,0,0
7.00540826576906,1,0,1,0,0,0,1,0,4,0,0
20.993301662606,0,1,0,0,0,0,1,0,3,0,1
0.993979104159128,0,0,0,0,0,0,1,0,4,0,1
14.0080194855957,0,0,0,0,2,0,0,0,2,0,0
5.01440709283735,1,0,0,0,2,0,1,0,4,0,0
4.99539769842215,0,0,0,0,0,0,1,0,3,0,0
1.00059541814453,0,0,0,0,0,0,1,0,5,0,0
27.0034609115569,0,1,0,0,0,0,1,0,5,0,0
16.9926636258183,1,1,0,0,0,0,1,0,2,0,0
18.9984245706927,1,1,0,0,0,0,1,0,3,0,0
15.9922826887707,0,1,1,0,0,0,1,0,3,1,0
1.00295784401929,0,1,0,0,0,0,1,0,3,0,0
27.0178946832289,0,0,0,0,2,0,1,0,3,1,0
26.990427481325,0,1,0,0,0,1,1,0,2,0,0
14.0032453659934,0,0,0,0,2,0,1,0,3,0,0
15.0196411351304,1,0,0,0,1,0,1,0,3,0,0
15.9932655971867,0,0,0,0,2,1,1,0,4,0,0
1.99042905732392,1,0,0,0,0,0,1,0,4,0,0
16.0039024368248,0,0,0,0,0,1,1,0,3,0,0
8.99006937208859,0,0,0,0,2,0,1,0,4,0,0
2.99726064431447,1,0,0,0,0,0,1,0,2,1,0
12.0060540389823,1,1,0,0,0,0,1,0,3,0,1
4.01400205248078,1,0,0,0,0,0,1,0,3,0,0
8.00406868071255,1,0,0,0,0,0,1,0,5,0,0
26.9971915824525,0,1,0,0,1,0,1,0,2,1,0
1.00737956952376,0,0,0,0,0,0,1,0,4,0,1
11.0140018996316,0,0,0,0,0,0,1,0,2,0,0
18.0121454461644,0,0,0,0,0,1,1,0,2,0,0
27.0124870863749,1,1,0,0,2,0,1,0,5,0,0
2.99496152142933,0,0,0,0,0,0,1,0,4,1,0
23.0103042150213,1,0,0,0,0,0,1,0,3,0,0
25.0000266315184,1,1,0,0,1,1,0,0,2,0,0
7.99152798157409,1,0,0,0,0,0,1,0,2,1,0
5.98171476093408,1,0,0,0,0,0,1,0,5,0,0
3.00925323949826,1,0,0,0,0,0,1,0,5,0,1
1.00521323667697,0,0,0,1,0,0,1,0,5,0,0
1.99039741581078,0,0,0,1,1,0,1,0,0,0,0
3.99406435512251,1,0,0,0,0,1,1,0,2,0,0
14.9914196877863,1,1,1,0,0,0,1,0,2,0,0
13.0013722084479,0,0,0,0,2,1,1,0,5,0,0
3.01694618050035,0,1,0,0,0,0,1,0,5,0,0
10.9992832813506,0,1,0,0,0,0,1,0,3,0,0
6.00893627626708,0,0,0,0,0,0,1,0,5,0,0
1.97542565859788,0,0,0,0,0,0,1,0,5,0,0
10.9857473486047,0,0,0,0,1,0,0,0,2,0,1
27.0064232750454,0,0,0,0,0,0,1,0,3,0,0
1.02251309688066,0,0,0,0,0,0,1,0,4,0,0
6.99670111348726,0,0,0,0,0,0,1,0,5,0,1
0.991852933024979,1,0,1,0,0,0,1,0,4,0,0
23.0034336768814,0,1,0,0,0,0,1,0,4,0,0
3.01537864450723,0,1,0,0,0,0,1,0,5,0,0
27.0069319660464,0,0,0,0,0,0,1,0,5,0,0
1.0009655818927,1,1,0,0,0,0,1,0,3,0,0
0.998125484234958,0,0,1,0,0,0,1,0,2,1,1
9.99047322004695,0,0,0,0,2,0,1,0,2,0,0
27.0154846383599,0,0,0,0,0,0,1,0,5,0,1
27.0197459030965,1,0,0,0,0,0,1,0,4,0,1
3.00568310405133,0,0,0,0,0,0,1,0,3,0,0
4.01194837170825,0,0,0,0,0,0,1,0,2,1,0
0.992233454667885,1,1,0,0,0,0,1,0,3,0,0
27.0196833846883,1,0,0,0,0,0,1,0,4,1,0
14.0068431251247,1,1,0,0,0,1,1,0,3,1,1
0.992922701470169,1,1,1,0,0,0,1,0,2,1,0
7.98877000859682,0,0,0,0,0,1,1,0,2,0,1
19.013548692172,1,0,0,0,0,1,1,0,2,0,0
16.990809226091,1,0,0,0,1,1,1,0,4,0,0
5.99049050804087,1,0,0,0,0,0,1,0,4,0,0
19.9865542851381,0,0,0,0,0,0,1,0,0,0,1
14.9979702810221,0,1,0,0,0,0,1,0,4,0,0
1.02458966967185,0,0,0,0,1,0,0,1,5,0,0
1.00781377979167,1,0,0,0,0,0,0,1,3,0,0
9.99874666943109,1,0,0,0,0,0,0,1,0,1,0
10.0047796136229,0,0,0,0,1,0,0,1,5,1,0
12.0017036474689,1,1,0,0,0,0,0,1,5,0,0
33.0109268966067,0,1,0,0,0,0,0,1,2,0,1
10.0013237463371,0,0,0,0,0,0,0,1,3,0,0
2.99894465376719,1,1,0,0,0,0,0,0,3,0,0
1.99034432094899,1,0,0,0,0,0,0,1,4,0,0
12.005956032155,0,0,0,0,1,1,0,1,4,0,0
16.007369038487,1,1,1,0,0,0,0,1,3,0,0
17.018591558544,0,0,0,0,2,0,0,0,2,0,0
0.997688801922273,1,1,0,0,0,0,0,0,5,0,0
1.00676809072156,1,1,0,0,0,0,0,0,4,0,0
26.9973942253373,0,0,0,0,0,0,0,1,0,0,0
27.0094007492351,1,0,0,0,0,0,0,0,3,1,0
23.996574216227,1,0,0,0,2,0,0,0,2,0,0
19.0036085856458,0,1,0,0,0,0,0,1,3,0,0
9.01167508636975,0,1,0,0,0,1,0,0,4,0,0
20.0098774024437,1,0,0,0,2,0,0,0,3,0,0
27.0049739105418,0,1,0,0,0,0,0,0,2,0,0
32.9905898276614,0,0,0,0,2,0,0,0,2,1,1
4.01403174440917,0,1,0,0,0,0,0,0,2,1,0
0.999437975790153,0,0,0,0,0,0,0,0,5,0,0
10.9858359797846,0,0,0,0,0,1,0,0,3,0,0
11.994053099991,1,0,0,0,1,0,0,0,3,0,0
13.0086499723332,1,1,0,0,0,0,0,0,3,0,0
1.98867746452109,0,1,0,0,1,0,0,0,5,0,0
27.0055363212456,1,1,0,0,1,0,0,0,3,0,0
1.99712801891855,1,0,0,0,2,0,0,0,3,1,1
0.988563515878572,1,1,0,0,0,0,0,0,2,0,1
24.9943029425877,1,0,0,0,0,0,0,0,2,0,1
8.99137935999457,1,1,0,0,0,0,1,0,4,0,0
12.0228141003621,1,1,0,0,0,0,1,0,4,0,0
0.996055040039693,0,0,0,0,2,0,0,0,5,0,0
1.9956488473142,0,0,0,0,0,0,1,0,2,1,0
7.00434195834241,1,0,0,0,0,0,0,0,3,0,0
26.9779923967831,0,1,0,0,2,0,0,0,5,0,0
9.99295849676765,0,1,0,0,0,0,0,0,0,0,0
26.9914757761103,1,0,1,0,2,0,0,0,5,1,0
5.98398616797355,1,0,0,0,2,1,1,0,2,0,0
27.0046492221101,1,0,0,0,0,0,1,0,3,1,0
26.9925795199571,0,1,0,0,1,0,1,0,4,0,0
1.00742945203568,1,1,0,0,1,0,1,0,3,0,0
4.01628502277923,0,1,0,0,0,0,1,0,2,0,0
11.9920883571109,0,1,0,0,0,0,1,0,3,0,0
9.00373409885146,1,0,0,0,0,0,1,0,4,1,0
19.9847478943585,0,1,0,0,1,0,1,0,5,1,0
26.9860868544745,1,1,0,0,0,0,1,0,1,0,0
17.9904254215715,1,1,0,0,0,0,1,0,3,0,1
16.0226882738545,1,0,0,0,0,0,1,0,5,1,0
6.01246855266165,1,1,0,0,1,1,1,0,3,0,0
19.0112673942094,1,0,0,0,0,1,1,0,2,0,0
0.975629421435728,0,0,0,0,0,0,1,0,5,0,0
1.00535997700629,0,0,0,0,0,0,1,0,5,0,1
27.0071922846949,0,0,1,0,1,0,1,0,2,0,1
14.0104132501785,0,0,0,0,0,0,1,0,2,0,0
30.9948517879063,1,1,0,0,0,0,1,0,2,1,1
3.00953013238825,1,0,0,0,0,0,1,0,3,0,0
7.99213335364358,1,0,0,0,0,0,1,0,3,1,0
13.9971272017895,1,0,0,0,1,0,1,0,2,0,0
6.00748287597008,1,1,0,0,0,0,1,0,2,0,1
26.9841024839946,1,0,1,0,0,0,1,0,2,0,0
1.00729568560891,1,0,0,0,1,0,1,0,4,0,0
3.99930303503921,1,0,0,0,0,0,1,0,4,0,0
7.00090400381125,1,0,0,0,0,1,1,0,2,1,0
5.99276853176207,0,1,0,0,0,0,1,0,3,0,0
2.00809576987058,0,0,0,0,1,0,1,0,4,0,0
0.996235397829391,0,1,1,0,1,0,1,0,0,0,0
0.997716395951037,1,0,0,0,0,0,1,0,3,0,0
6.00513873551484,1,0,0,0,0,0,1,0,4,0,0
4.01755791470843,0,0,0,0,0,0,1,0,3,0,1
1.01081005824127,0,0,0,0,0,0,1,0,3,0,0
16.0024211926438,0,0,0,0,0,0,1,0,2,0,1
27.0128994380154,0,0,0,0,2,0,1,0,4,0,0
15.0052856078795,0,0,0,0,0,1,1,0,2,0,1
4.98947788572613,0,1,0,0,0,0,1,0,4,0,1
6.97983714102189,0,0,0,0,0,0,1,0,5,1,1
1.01549731915101,0,1,0,0,1,0,1,0,3,0,1
1.99213705056998,1,0,0,0,0,0,1,0,3,0,1
6.0020370658977,0,0,0,0,0,0,1,0,2,0,0
26.9887279266605,0,0,0,0,0,0,1,0,4,0,0
4.00039926259543,1,0,0,0,0,0,1,0,5,1,0
1.00264428962734,1,0,0,0,0,0,1,0,2,0,0
6.00084812295594,1,0,0,0,0,0,1,0,3,0,0
10.9970437576021,0,0,0,0,0,0,1,0,3,0,0
4.97921324885081,1,0,0,0,0,0,1,0,4,0,0
4.00093651293811,0,1,0,0,0,0,1,0,3,0,0
8.99514217236973,0,0,0,0,0,0,1,0,3,0,0
1.00161249922505,0,1,0,0,0,0,1,0,5,0,0
2.99240186642241,1,0,0,0,0,0,1,0,4,0,0
26.0047349770114,0,1,0,0,0,0,1,0,2,0,0
27.0130544197579,0,0,0,0,0,0,1,0,4,0,1
5.99682275973036,0,0,0,0,0,1,1,0,2,0,0
3.01280914433492,0,0,0,0,0,0,1,0,5,0,0
0.99900212555081,1,0,0,0,0,0,1,0,2,0,0
30.0005229550155,1,1,0,0,0,0,0,0,4,0,1
2.01181579666088,0,0,0,0,0,0,0,1,0,0,0
1.00189752224164,0,0,0,0,1,0,0,1,4,0,0
32.0079917200538,1,1,1,0,0,0,0,0,5,0,0
0.988194229649852,0,0,0,0,2,0,0,0,5,1,0
8.00098330026152,1,0,0,0,1,0,0,1,2,1,1
1.98056656176841,0,0,0,0,1,0,0,1,4,0,0
7.01007244635286,1,0,0,0,0,0,0,1,2,0,0
27.0076719473785,1,0,0,0,0,0,0,1,5,0,0
27.0052370581676,1,0,0,0,0,0,0,1,4,0,1
22.9897573317687,0,0,0,0,0,0,0,0,5,0,1
27.0023965804668,1,0,0,0,2,0,0,0,4,0,0
21.9964311896932,1,1,0,0,0,0,0,0,2,1,0
27.0067530599126,1,0,0,0,2,0,0,0,4,0,1
1.00141582352154,0,1,1,0,0,0,0,0,3,0,0
1.99997871583908,1,0,0,0,1,0,0,0,5,0,0
12.0247954695312,1,1,0,0,1,0,0,0,3,0,1
7.98316999972762,0,1,1,0,0,0,0,0,3,1,1
26.9920576333809,1,0,0,0,1,0,0,0,5,1,1
2.99386502652789,0,1,0,0,0,0,0,0,3,0,1
1.00902343741855,0,0,0,0,1,0,0,0,0,0,1
1.00333191450668,1,1,1,0,0,0,0,0,4,0,1
27.0093679867342,0,1,0,0,0,0,0,0,2,0,1
1.01235914000039,0,0,1,0,0,0,0,0,4,0,0
4.0108644963643,0,1,0,0,0,0,0,0,0,0,0
29.0204857432232,0,1,0,0,0,0,0,0,4,0,0
17.0108459488807,1,0,0,0,2,0,0,0,2,0,0
14.0071889919449,1,0,0,0,0,0,1,0,5,0,1
8.99906707005935,0,0,0,0,2,0,0,0,3,0,0
10.0057720601595,0,0,0,0,1,0,0,0,2,0,1
5.98989596988045,0,0,0,0,2,0,0,0,3,1,0
8.99198684432523,1,0,0,0,2,1,0,0,3,0,0
4.98997061873408,1,0,0,0,0,0,1,0,5,1,1
27.0017029826641,0,0,0,0,0,0,0,0,1,0,0
25.0108520405814,1,1,0,0,2,0,0,0,1,0,0
1.00724770657317,0,1,0,0,0,0,0,0,4,0,0
14.9900718376507,0,0,0,0,2,0,1,0,2,0,0
3.00657447854713,0,0,0,0,2,0,0,0,4,1,0
14.9812717661762,0,1,0,0,0,0,0,0,4,0,0
26.9982316279714,1,1,0,0,1,0,1,0,4,0,1
15.0040769546365,1,0,0,0,0,1,1,0,2,0,1
1.02012554370489,0,0,0,0,0,0,1,0,5,0,1
4.00310096918336,1,0,0,0,2,1,1,0,3,0,1
1.00775604102918,0,0,1,0,0,0,1,0,5,0,0
26.9855850207132,0,1,0,1,2,0,1,0,4,1,0
26.9974708309186,1,0,0,0,0,0,1,0,0,0,0
8.001063232119,1,1,0,1,0,0,1,0,5,0,0
23.0135360482569,1,1,1,0,0,0,1,0,0,0,0
7.0059363294505,0,0,0,0,0,0,1,0,3,0,0
14.0175400807506,1,0,0,0,0,1,1,0,2,0,0
15.9899470553219,1,0,0,0,0,1,1,0,2,0,0
9.98992831362804,0,0,0,0,0,0,1,0,3,0,0
14.0008620554801,1,0,0,0,0,0,1,0,2,0,0
2.01060156885891,1,0,0,0,0,0,1,0,2,0,0
11.9789530806297,1,1,0,0,0,1,1,0,4,0,1
8.99229930480552,1,1,0,0,1,0,1,0,3,0,0
26.9922816213616,1,1,0,0,0,0,1,0,3,0,0
26.9932382924055,0,0,0,0,0,0,1,0,2,0,0
20.0217029972712,0,0,0,0,0,1,1,0,2,0,0
6.0007171775389,1,0,0,0,0,0,1,0,4,0,0
7.98968090638049,1,0,0,0,0,0,1,0,3,0,0
26.999510632347,0,1,0,0,0,0,1,0,3,0,0
13.0114485478707,1,0,0,0,0,0,1,0,3,1,1
16.0073335021413,1,0,0,0,2,0,1,0,4,1,0
0.984075411466209,1,1,1,0,0,0,1,0,5,1,1
13.9898821574201,1,0,0,0,0,1,1,0,2,0,0
7.99992690288739,0,0,0,0,0,1,1,0,2,0,0
7.99604382054623,1,0,0,0,0,0,1,0,2,0,0
27.9907038822022,0,0,0,0,0,0,1,0,5,0,0
26.9988344174772,1,0,0,0,0,0,1,0,2,0,0
27.0097742579904,0,0,0,0,2,1,0,0,4,0,0
0.989369853322768,0,0,0,0,0,0,1,0,3,0,0
1.99998778390545,1,0,1,0,0,0,1,0,3,0,0
0.992042219017421,1,1,1,0,0,0,1,0,5,1,0
1.01137794737353,1,0,1,0,0,0,1,0,0,0,0
0.994336979474776,0,1,1,0,2,0,1,0,4,0,0
7.01687070251454,1,0,0,0,0,0,1,0,5,1,0
7.99910843819788,0,0,0,0,2,0,0,0,3,1,0
26.9844930490998,0,1,0,0,0,0,1,0,3,0,0
13.996232299528,1,0,0,0,0,1,1,0,2,0,1
2.00085924131871,0,0,1,0,0,0,1,0,5,0,1
0.998655400233929,0,0,0,0,0,0,1,0,3,0,1
10.0107338841175,1,1,0,0,0,0,1,0,2,0,1
3.99042597979985,1,1,0,0,0,0,1,0,1,0,0
26.9914424338563,1,0,0,0,0,0,1,0,3,0,0
11.9870047983197,0,0,0,0,0,0,1,0,3,0,0
16.0041677104705,0,1,0,0,0,1,1,0,3,1,0
4.98959805764963,1,1,0,0,0,1,1,0,2,0,1
12.0100012618229,1,1,0,0,1,1,1,0,2,0,1
12.9965342941105,1,1,0,0,0,0,1,0,4,0,1
6.01253828326238,0,0,0,0,0,0,1,0,3,0,0
27.0029867683183,0,0,0,0,0,1,0,0,5,0,0
26.0030613695181,0,0,0,0,0,0,0,1,5,0,0
1.00376229979652,0,1,0,0,0,0,0,1,2,0,1
1.00146427314568,0,0,1,0,0,0,0,0,0,0,0
26.9999561868611,0,0,0,0,1,0,0,1,3,1,0
13.9990135701601,0,1,0,0,0,0,0,1,2,0,0
0.99484466997753,1,0,0,0,0,0,0,1,3,0,1
1.01966385233377,0,0,0,0,0,0,0,1,5,1,1
17.9948900161553,0,1,0,0,0,0,0,1,4,0,1
20.9983189748522,1,1,0,0,0,0,0,1,3,0,0
28.0060113743001,0,1,1,0,0,0,0,1,2,0,0
27.0014996559863,0,1,1,0,0,0,0,1,5,0,0
27.0070428214122,0,1,0,0,0,0,0,1,2,0,0
12.0109088988973,1,0,0,0,2,0,0,0,2,0,0
3.98993631245437,1,0,0,0,0,0,0,1,0,0,0
26.9911052514458,0,0,0,0,0,0,0,1,5,0,0
31.0088962534142,1,0,0,0,0,0,0,1,2,0,0
12.0052789166562,0,1,0,0,0,1,0,1,4,0,0
31.0065169359021,0,1,0,0,0,0,0,1,4,0,0
17.0057902992357,0,1,0,0,0,0,0,0,4,0,0
25.0010352053238,0,0,0,0,0,0,0,1,4,0,0
7.99797905711323,1,1,0,0,0,0,0,0,5,0,0
16.9985673271362,0,0,0,0,0,0,0,0,4,0,1
21.0161420094935,0,1,0,0,0,0,0,0,3,0,1
10.0094993168804,0,1,0,0,0,1,0,0,4,0,1
2.03343068909333,1,0,0,0,0,0,0,0,5,1,1
26.9768332781342,0,1,0,0,0,0,0,0,4,1,1
7.99842105962753,0,1,0,0,0,0,0,1,2,0,1
5.0001551785451,1,0,0,0,1,0,0,0,3,0,1
5.99740290823615,1,0,0,0,2,0,0,0,3,0,1
0.994702413757493,1,1,0,0,0,0,0,0,3,0,1
1.98969680478651,1,0,0,0,0,0,0,0,3,0,1
7.9949924591858,1,0,0,0,2,0,0,0,5,1,1
26.9859374204237,0,1,0,0,0,0,0,0,1,0,0
6.98319274456854,0,0,0,0,2,0,0,0,4,0,0
2.0080606142096,1,1,0,0,0,0,0,0,2,0,0
12.9919770628796,1,0,0,0,0,0,0,0,3,0,0
14.0001605321499,0,0,0,0,0,0,0,0,4,1,0
27.009180616425,1,0,0,0,0,0,0,0,3,1,0
5.00171901686557,0,1,0,0,0,0,0,0,2,0,0
27.0133622530047,1,0,0,0,0,0,0,0,4,0,1
5.00505842392701,1,1,1,0,0,0,0,0,4,0,0
0.99700189637898,0,1,1,0,0,0,0,0,3,0,0
8.00188272097155,0,1,0,0,0,1,0,0,5,0,0
0.994727587796634,0,0,0,0,0,0,0,0,2,0,0
15.9872459721969,0,1,0,0,1,0,0,0,5,0,0
28.9903473216153,0,0,0,0,0,0,1,0,5,0,0
7.99000240542612,1,1,0,0,0,1,0,0,0,0,0
1.01374466751451,1,0,0,0,0,0,1,0,3,0,1
8.00559456850216,1,0,1,0,0,1,0,0,4,1,1
14.0112924795657,1,0,0,0,2,0,0,0,5,0,0
27.0013583260312,0,0,0,0,2,0,1,0,4,0,0
3.00677178160629,0,1,0,0,0,0,0,0,5,0,0
0.998718437259085,1,0,0,0,2,0,1,0,3,1,0
9.99516482685993,1,0,0,0,0,0,1,0,2,0,0
2.00419422380926,0,0,0,0,2,0,1,0,3,0,0
27.005718242608,0,0,0,0,0,0,1,0,5,0,0
0.995727279078294,1,0,0,0,2,0,1,0,2,0,0
26.9954146764272,1,1,0,0,0,0,1,0,3,0,0
8.02178653667308,1,1,0,0,0,0,1,0,2,0,0
11.9906626537576,0,1,0,0,2,0,1,0,2,0,0
5.00297467914347,0,1,0,0,0,0,1,0,5,0,0
18.0048817639713,1,0,0,0,0,0,1,0,2,0,0
0.987788155528754,1,0,0,0,0,0,1,0,4,0,0
2.97956590807891,1,0,0,0,0,0,1,0,5,1,0
1.99347846577661,0,0,0,0,0,0,1,0,3,1,0
31.986399797108,1,1,0,0,0,0,1,0,2,0,0
14.0026375254321,0,0,0,0,1,0,1,0,5,0,0
19.01061624046,1,0,0,0,2,0,1,0,2,0,0
13.0006185175224,0,0,0,0,0,0,1,0,0,0,0
4.01236525287656,0,0,0,0,0,0,1,0,3,0,0
26.9954626439095,0,0,0,0,0,0,1,0,2,0,0
26.9998170190366,0,1,0,0,0,0,1,0,3,0,0
4.00854767095826,1,0,0,0,2,0,1,0,4,1,0
27.0085588704929,1,0,0,0,1,0,1,0,0,0,0
1.99621905304069,0,0,0,0,2,0,1,0,2,1,0
26.9848289112952,1,0,0,0,0,0,1,0,5,1,0
3.0078895734406,1,0,0,0,2,0,1,0,5,0,0
27.0049642654944,0,0,1,0,0,0,1,0,5,0,0
2.00610758912282,0,0,0,0,2,0,1,0,2,0,0
14.0039908237186,1,1,0,0,0,1,1,0,3,0,0
0.987787767631811,0,0,0,0,0,0,1,0,0,1,0
1.00981096280308,1,1,0,0,2,0,1,0,3,0,0
23.9835707413115,1,0,0,0,0,0,1,0,2,0,0
26.9919356216713,0,1,0,0,0,0,1,0,2,0,0
9.9964338309094,1,1,1,0,1,0,1,0,2,0,0
5.00319139289197,0,0,0,0,0,0,1,0,3,0,0
2.99496415456907,0,0,0,0,1,0,1,0,0,0,0
12.9863327096684,1,0,0,0,0,1,1,0,3,0,0
26.9993983359126,0,1,0,0,0,0,1,0,5,0,0
27.0067322407826,1,0,0,0,0,0,1,0,4,0,0
26.9756365786781,0,1,0,0,0,0,1,0,4,0,0
15.993166979222,0,0,0,0,0,0,1,0,2,0,1
26.9979631153592,1,1,0,0,0,0,1,0,3,1,0
8.00804577277115,0,0,0,0,0,1,1,0,2,1,0
0.99727026259247,1,0,0,0,1,0,1,0,2,0,0
5.98693692863081,0,0,0,0,0,0,1,0,4,0,0
27.001836169999,0,0,0,0,0,0,1,0,5,0,0
0.994648870090004,1,0,0,0,1,0,1,0,2,1,0
14.9931852883082,0,0,0,0,0,0,1,0,2,0,0
0.999077173010155,0,0,1,0,0,0,1,0,3,0,0
11.9892310221585,1,1,0,1,1,0,1,0,5,0,0
9.01114736177894,0,0,0,0,2,0,1,0,5,0,0
15.0049207338885,1,0,0,0,2,0,1,0,4,1,0
27.0013790292862,0,1,0,0,2,0,1,0,3,0,0
9.00733564034895,0,0,0,0,0,1,1,0,3,0,0
1.00888755382048,1,0,0,0,0,0,1,0,3,0,0
27.9970627473843,1,0,0,0,0,0,1,0,4,0,0
5.99704461669904,0,0,0,0,0,0,1,0,4,0,0
26.9926967764244,1,0,0,0,0,0,1,0,3,0,0
5.0016274282712,0,0,0,0,0,0,1,0,4,0,0
5.98916130016717,1,1,0,0,0,0,1,0,2,0,0
27.0096804624571,0,0,0,0,0,0,1,0,3,0,0
7.00378477913312,1,1,0,0,0,1,1,0,4,0,1
0.996332855690916,1,0,0,0,0,0,1,0,3,0,0
10.0054428663403,0,0,0,0,0,1,1,0,4,1,1
4.00653048368323,1,0,0,0,0,0,1,0,5,1,1
4.00064629374673,0,0,0,0,0,0,1,0,5,0,0
10.9878744173898,1,0,0,0,0,1,1,0,2,0,0
9.03447585871689,1,0,1,0,0,0,1,0,4,0,0
9.01810670374348,0,0,0,0,0,0,1,0,4,0,0
7.99816850639613,0,0,0,0,0,0,1,0,3,0,0
13.0119286206804,0,0,0,0,0,1,1,0,3,0,0
10.9934794266083,1,1,0,0,0,1,1,0,4,0,1
7.99576199102064,0,1,0,0,0,0,1,0,3,0,0
52.0002607481592,1,0,0,0,1,0,0,1,3,1,0
27.0206642934295,0,0,0,0,1,0,0,1,5,0,1
35.0031002162122,0,1,1,0,0,0,0,1,3,0,0
27.0038289115394,0,0,0,0,1,0,0,1,2,0,0
24.0102230169109,0,1,0,0,0,1,0,1,0,0,0
23.9984024837633,0,1,0,0,0,0,0,1,4,0,1
8.99612040845581,1,1,1,0,0,0,0,1,2,0,0
1.99294239221146,1,1,0,0,1,0,0,0,2,0,0
17.0023001443094,1,0,0,0,2,0,0,0,2,0,0
2.00375909831891,0,1,0,0,2,0,0,0,3,0,0
4.02738175305669,1,1,0,0,1,0,0,0,4,0,0
17.0224468644985,0,0,0,0,2,0,0,0,4,1,0
7.99058269888991,0,0,0,0,0,0,0,0,3,1,0
0.989269244484749,0,0,0,0,0,0,0,0,4,0,0
4.00578510262684,1,0,0,0,0,0,0,0,5,0,0
25.0047529652718,1,1,0,0,0,0,0,0,5,0,0
9.995298138267,1,0,0,0,1,0,0,0,3,1,1
1.01041024177955,0,1,0,0,0,0,0,0,4,1,1
5.99581015777398,0,1,0,0,0,1,0,0,3,1,1
27.0117401989676,1,1,0,0,0,0,0,0,3,0,1
7.00736094492648,1,0,0,0,1,0,0,0,5,0,1
1.00046941271075,0,1,0,0,0,0,0,0,5,0,0
2.99629469404352,0,1,0,0,0,0,0,0,2,0,0
13.9902047822335,1,0,0,0,0,0,0,0,5,0,0
8.01128496276045,1,1,0,0,0,0,0,0,3,0,0
5.00893370540241,1,0,0,0,2,0,0,0,4,0,0
5.98171072887065,0,0,0,0,0,0,0,0,2,0,0
26.9988812079299,0,1,0,0,0,0,0,0,0,0,0
7.99846839662307,1,1,0,0,1,0,0,0,4,0,0
25.993271420484,0,1,0,0,0,0,0,0,2,0,0
4.99443792723327,1,1,0,0,0,0,0,0,5,0,0
26.0057957149046,0,0,0,0,0,1,0,0,2,0,0
19.9994982156031,1,1,0,0,0,1,0,0,2,0,0
22.0149026770131,1,0,0,0,0,0,0,0,2,0,0
26.0234771633668,0,0,0,0,2,0,0,0,5,1,0
8.9858796578835,1,1,0,0,0,1,0,0,5,0,1
6.99443570387063,1,0,0,0,2,0,0,0,3,0,1
11.0177119239967,0,0,0,0,0,0,0,0,5,0,1
27.9912013605847,1,0,1,0,0,0,0,0,4,0,1
0.990456045950657,1,0,0,0,0,0,0,0,3,0,1
3.00371835070313,1,0,0,0,0,0,0,0,3,0,0
0.982905024059541,0,1,0,0,0,0,1,0,5,0,0
27.0033492998191,1,0,0,0,0,0,0,0,3,1,0
1.0084698222435,1,0,0,0,2,0,0,0,5,0,0
0.999908464466297,0,1,0,0,0,0,0,0,5,1,0
17.995621660416,1,1,0,0,0,0,0,0,4,0,1
1.00545510479577,1,1,0,0,0,0,0,0,5,1,1
11.9966931870665,0,1,0,0,0,0,0,0,4,0,1
10.0003409480287,0,0,0,0,0,0,1,0,3,0,1
1.01575569227433,1,0,0,0,1,0,0,0,5,0,0
0.993711146311221,0,0,1,0,1,0,1,0,5,0,1
27.0204431430265,1,0,0,0,2,1,0,0,3,1,1
0.994730886262545,0,0,1,0,0,0,1,0,3,0,1
3.00366631021507,0,1,0,0,0,1,0,0,3,1,1
26.9947252568917,1,0,0,0,0,0,1,0,3,0,1
14.9897476093901,1,1,0,0,1,0,0,0,0,0,1
13.9942716300563,1,0,0,0,2,1,0,0,2,0,0
1.0094038123654,0,0,0,0,0,0,1,0,5,1,0
0.996352863147394,1,0,0,0,0,0,1,0,5,1,0
1.00513112773543,0,0,0,0,0,0,1,0,3,0,0
28.0123088977693,0,0,0,0,1,0,0,0,4,0,0
2.0055882697883,1,1,0,0,2,1,1,0,5,0,0
16.9994735021874,0,1,0,0,1,0,0,0,5,0,0
18.0055204419584,0,0,1,0,0,0,1,0,2,0,0
1.02882674918334,1,0,0,0,0,0,0,0,3,1,0
26.9899547701403,1,1,0,0,1,0,1,0,4,0,0
1.98697434392132,1,0,1,0,2,0,1,0,2,0,0
26.9972610195929,0,0,0,0,0,0,1,0,5,0,0
6.00080457299835,0,0,0,0,2,0,1,0,5,1,1
4.98327331282362,0,0,0,0,0,0,1,0,1,0,0
7.9888426043536,1,1,0,0,0,0,1,0,2,0,0
25.993041857006,1,0,0,0,0,0,1,0,2,0,0
26.0116171968332,0,1,0,0,0,0,1,0,5,0,0
2.99438954216403,0,0,0,0,0,0,1,0,3,0,0
4.98863774857049,1,0,0,0,2,1,1,0,3,0,0
27.0023733840111,1,1,0,0,2,0,1,0,2,0,0
25.997813795563,0,0,0,0,2,0,1,0,5,1,0
13.993976801761,1,0,0,0,0,1,1,0,4,0,0
23.0002037561673,0,0,0,0,0,1,1,0,2,0,0
2.00258895639842,1,1,0,0,0,0,1,0,4,1,0
0.986874095451193,0,0,0,0,1,0,1,0,4,0,0
2.00242966494107,1,0,0,0,0,0,1,0,2,0,0
27.000326640013,0,1,0,0,0,0,0,0,4,0,0
3.00219483157558,0,0,0,0,0,0,1,0,4,0,0
27.0004017153396,0,0,0,0,2,0,1,0,2,0,0
7.00276330582727,1,0,0,0,0,0,1,0,4,0,1
17.9973598325092,1,1,0,0,0,1,1,0,4,0,0
14.9924372914775,1,1,1,0,2,1,1,0,4,0,0
1.00760342958397,0,1,0,1,0,0,1,0,3,0,0
14.022036404651,0,0,0,0,0,1,1,0,3,0,0
13.0126766019883,0,1,0,0,0,0,1,0,5,0,1
0.996216203014355,1,1,0,0,1,0,1,0,5,0,0
1.0136204737823,1,1,0,0,0,0,1,0,2,0,1
1.00938524363294,1,0,1,0,0,0,1,0,0,0,0
1.00470628206068,1,0,1,0,0,0,1,0,4,0,1
26.9960714410825,0,1,0,0,1,0,1,0,4,0,0
24.0068325794887,0,0,1,0,0,0,1,0,5,0,0
2.99526721592027,0,0,0,0,0,0,1,0,2,1,0
10.0180864421536,0,0,1,0,0,0,1,0,3,0,0
19.0093954392133,1,0,0,0,0,1,1,0,3,0,0
3.99500758176041,0,0,0,0,0,0,1,0,2,1,0
13.008832917052,0,0,1,0,0,0,1,0,5,0,0
27.9888758315377,0,1,0,0,0,0,1,0,2,0,0
2.01080026162746,1,0,0,0,0,0,1,0,4,0,0
17.9896439481714,0,0,0,0,0,0,1,0,3,0,0
10.0055185722095,0,0,0,0,0,0,1,0,3,0,0
26.9932368276437,1,1,0,0,0,0,1,0,2,1,0
2.99701643740099,1,0,0,0,2,0,0,0,3,0,0
27.0154010453599,0,0,0,0,0,0,1,0,2,0,0
0.998718387798015,1,0,0,0,0,0,1,0,3,0,0
7.00423320935504,0,0,0,0,0,0,1,0,4,0,1
6.01805519889844,1,1,1,0,0,0,1,0,3,1,1
1.99961656032055,0,0,0,0,0,1,1,0,2,0,1
17.9902127387457,0,0,0,0,0,0,1,0,5,0,0
9.00227436101811,1,0,0,0,0,0,1,0,3,0,0
7.00739259479446,1,0,0,0,0,0,1,0,2,0,0
30.9995188637235,1,0,0,0,0,0,1,0,4,0,0
1.99599951082613,0,0,0,0,2,0,1,0,3,1,0
5.00301847183994,1,1,0,0,0,0,1,0,5,0,0
48.0108306111225,1,0,0,0,0,0,0,1,4,0,0
27.0096128880544,0,1,0,0,1,1,0,1,2,0,0
2.97947504872544,0,0,0,0,1,0,0,1,5,1,0
7.98910597861131,0,0,0,0,0,0,0,1,2,0,0
16.9972261928642,1,0,0,0,0,1,0,1,2,0,0
18.9828263879956,1,1,0,0,0,1,0,0,4,0,0
27.0027515296023,0,0,0,0,0,0,0,0,4,0,0
24.0093806104135,1,1,0,0,0,0,0,0,2,1,0
27.0310940859091,1,1,0,0,0,0,0,0,2,1,0
5.98818480456639,1,1,0,0,1,0,0,0,2,0,0
27.0040536668867,0,0,0,0,2,0,0,0,5,1,0
13.9792662446137,1,0,0,0,1,0,0,0,4,0,0
0.991273434890443,1,1,0,0,0,0,0,0,1,0,0
17.9847343989179,1,1,0,0,0,1,0,0,4,0,0
26.9980653067812,0,0,0,0,0,0,0,0,0,0,0
0.988270714383926,1,0,1,0,2,0,0,0,2,0,1
27.0047236796088,0,0,0,0,2,0,0,0,5,1,0
12.991543070276,1,0,0,0,1,1,0,0,2,0,0
23.9779738646059,0,0,0,0,0,0,0,0,3,1,0
26.003604447534,0,0,0,0,2,0,0,0,1,1,0
4.0029120046063,1,1,0,0,0,0,0,0,4,0,0
26.9873378628025,1,1,0,0,2,0,0,0,2,0,0
26.9934211799083,0,0,0,0,0,0,0,0,5,0,0
14.007084956342,0,1,0,0,0,1,0,0,4,0,0
3.00400540877303,1,0,0,0,0,0,0,0,2,1,0
27.0113990208341,0,0,0,0,0,0,0,0,5,1,0
1.9977710601657,1,1,0,0,0,0,0,0,2,0,0
23.0031500872492,1,0,0,0,0,0,0,0,3,0,0
28.0036929115882,0,1,0,0,2,1,0,0,2,1,0
1.00339452373815,0,0,0,0,0,0,0,0,3,0,0
2.02193961481754,0,1,0,0,0,0,0,0,5,0,0
17.0045522805747,1,1,0,0,2,1,0,0,2,0,0
4.99894235444917,1,1,0,0,2,0,0,0,3,0,0
18.0098264088733,0,1,0,0,0,0,0,0,2,0,0
10.0225192337649,1,0,0,0,1,0,0,0,3,0,0
13.9923490267093,1,1,0,0,2,1,0,0,4,0,0
24.031262772443,1,1,0,0,0,0,0,0,5,0,0
39.0003844963772,1,0,0,0,2,0,0,0,2,0,0
10.0007113199012,1,1,0,0,0,1,0,0,4,0,0
21.9999223254344,1,1,0,0,2,0,0,0,2,0,0
1.98392771301454,1,1,0,0,2,0,0,0,4,0,0
18.9948826663333,0,1,0,0,0,0,0,0,2,0,0
27.015787488958,1,0,0,0,0,1,0,0,2,0,0
27.0042650955479,0,0,0,0,0,1,1,0,3,0,0
27.002913276522,0,1,0,0,0,0,0,0,5,0,0
1.01361232492396,1,1,0,0,0,0,1,0,2,0,0
13.9873531724864,0,0,0,0,2,1,1,0,2,0,0
26.9993920571058,0,0,1,0,0,0,1,0,5,0,0
27.0132833803234,0,0,1,0,2,0,1,0,2,0,0
1.01131236230769,0,0,1,0,0,0,1,0,4,0,0
2.98794821619575,0,0,0,0,1,0,1,0,5,1,1
0.994995618896432,0,0,0,0,0,0,1,0,4,0,1
11.0022664315764,1,1,0,0,2,0,1,0,4,0,1
3.00320055298988,1,0,0,0,1,0,1,0,5,0,1
15.0127560283815,1,0,0,0,0,1,1,0,2,1,1
10.0247945267188,0,0,0,1,1,0,1,0,0,0,1
6.99645652989702,1,0,0,0,0,0,1,0,4,0,0
1.0116580676672,0,1,1,0,0,0,1,0,3,0,0
1.0076948948837,0,0,0,0,0,0,1,0,3,0,0
27.000862426319,0,0,0,0,0,0,1,0,3,0,0
22.996189155892,1,0,0,0,2,0,1,0,2,0,0
1.99300079806692,1,0,0,0,0,0,1,0,5,0,0
26.9955406520658,1,1,1,0,0,0,1,0,4,0,0
7.00067522483774,0,1,0,0,0,1,1,0,3,1,0
0.980779471221985,0,1,0,0,2,0,1,0,2,0,0
11.9931573349187,0,1,1,0,0,0,1,0,3,0,0
0.988888440211534,0,0,0,0,2,0,1,0,0,0,0
14.9888578918197,0,0,1,0,1,0,1,0,0,0,1
4.00429006072405,0,0,0,0,2,0,1,0,3,0,1
29.0066262342989,1,1,0,0,2,0,1,0,3,0,0
25.9902893529287,1,1,0,0,0,0,1,0,5,0,0
27.0012904371103,1,1,0,0,1,0,1,0,0,0,0
4.99914617602779,0,0,0,0,2,1,1,0,3,0,1
4.99741828631977,1,1,0,0,2,0,1,0,3,0,1
5.99795441725014,1,0,0,0,2,0,1,0,2,0,1
10.9923687898755,0,1,0,0,0,0,1,0,4,0,0
25.9950065201032,0,1,0,0,0,0,1,0,2,0,0
1.00325864336878,0,1,1,0,0,0,1,0,3,0,0
13.9966166722532,1,0,0,0,0,0,1,0,2,0,0
13.0093806838467,1,0,0,0,1,0,1,0,3,0,0
1.98001045977185,1,1,0,0,2,0,1,0,3,0,0
10.9974833900451,0,1,0,0,0,0,1,0,5,0,0
0.992316913015271,0,1,1,0,0,0,1,0,5,0,0
27.0025023471465,0,0,0,0,0,1,1,0,3,0,0
19.0031787403448,1,1,0,0,2,1,1,0,4,0,0
0.97926976110035,0,0,1,0,0,0,1,0,3,0,0
27.0108750536875,0,1,0,0,2,0,1,0,3,0,0
27.0117559062748,1,0,0,0,0,0,1,0,2,0,0
21.0206015146228,0,1,0,0,0,0,1,0,2,0,0
26.9998519467673,0,1,0,0,0,0,1,0,5,0,1
4.01123902661949,1,1,0,0,0,0,1,0,3,0,1
0.992561079966503,0,0,0,0,0,0,1,0,5,0,1
10.0127285139219,0,1,0,0,1,0,1,0,4,0,0
15.9912792698628,0,0,0,0,0,0,1,0,1,0,0
0.997061468296973,1,1,0,0,0,1,1,0,2,0,1
19.9793297616269,1,0,0,0,0,1,1,0,4,0,1
22.0153382997592,1,1,0,0,0,0,1,0,3,0,0
3.99523304880252,0,0,0,0,2,0,1,0,2,0,0
3.97863486505211,1,0,0,0,0,0,1,0,4,1,1
0.991973543669121,0,0,0,0,2,0,1,0,5,0,0
0.995902025030373,0,0,1,0,0,0,1,0,4,0,0
8.02113952090525,0,0,0,0,0,0,1,0,5,0,0
19.9999301049399,0,1,0,0,0,0,1,0,4,1,0
18.0011912228237,0,1,0,0,0,0,1,0,3,0,0
0.985032494368476,1,0,0,0,0,0,1,0,3,0,0
26.9917399333485,0,0,0,0,1,0,0,1,3,0,0
1.00303989704743,0,1,0,0,0,0,0,1,2,0,0
23.9959693566541,1,1,0,0,0,0,0,1,4,0,1
3.98947880167233,0,0,0,0,0,0,0,1,2,0,1
17.0077653547107,1,0,0,0,1,0,0,1,2,0,1
3.00106219555329,1,0,0,0,0,0,0,1,2,0,1
15.0138794080389,1,0,0,0,1,1,0,1,2,0,1
0.998506863348588,1,1,0,0,0,0,0,1,5,0,1
0.989971876634386,0,1,0,0,0,0,0,1,5,0,0
26.0091606154292,0,0,0,0,2,0,0,1,2,0,0
26.9978085753954,1,1,0,0,0,0,0,0,2,0,1
27.0155040860947,0,0,0,0,0,0,0,0,2,1,0
20.9954018768055,0,1,0,0,0,0,0,0,5,0,0
20.0032960091679,1,1,0,0,0,1,0,0,3,0,0
18.9989165027395,0,0,0,0,2,1,0,0,2,0,0
15.0165974129464,0,0,0,0,2,0,0,0,4,0,0
27.0108894004001,1,0,0,0,0,0,0,0,1,0,0
6.02370012553668,0,0,0,0,2,1,0,0,4,0,0
27.0106185609574,1,1,0,0,0,0,0,0,3,0,0
26.9889132716516,0,1,0,0,0,0,0,0,4,0,0
2.00493088427932,1,0,0,0,0,0,0,0,2,0,0
10.0138730069366,0,0,0,0,1,0,0,0,4,0,1
12.0021570424943,0,1,0,0,0,0,0,0,2,0,0
6.01201041529472,0,1,1,0,0,0,0,0,4,0,0
8.99788146465363,1,0,0,0,2,0,0,0,5,0,0
2.98770247128803,1,0,0,0,2,0,0,0,2,0,0
27.004527728111,0,0,0,0,0,0,0,0,2,1,0
26.9936145586224,1,0,0,0,0,0,0,0,3,0,0
11.0304586263913,1,0,0,0,2,1,0,0,3,0,0
8.01040480818052,1,0,0,0,0,0,0,0,4,0,0
1.99110661615161,1,0,0,0,0,0,0,0,4,0,0
3.00048239216108,1,0,0,0,2,0,0,0,5,1,0
27.0159904159407,1,0,0,0,2,0,0,0,5,0,0
27.0028354801496,1,0,0,0,0,0,0,0,4,0,0
22.0075099314964,1,0,0,0,0,0,0,0,5,0,0
2.99315629691479,1,0,0,0,1,0,0,0,5,0,0
25.9867955125747,0,1,0,0,0,0,0,0,4,0,0
5.02387596870626,1,0,0,0,2,1,0,0,3,1,0
0.997069341806685,0,1,0,0,0,0,0,0,4,1,0
3.98637123017959,0,1,1,0,0,0,0,0,2,0,0
9.98968114387959,0,0,0,0,2,1,0,0,3,1,0
27.0050637896301,1,0,0,0,0,0,0,0,3,0,0
20.0112394880142,1,1,0,0,2,0,0,0,4,0,0
26.983873446098,1,0,0,0,2,0,0,0,4,0,1
27.0041915412181,0,0,0,0,0,0,0,0,3,0,1
22.0063697609395,0,1,0,0,2,0,0,0,3,0,0
0.994245004880896,0,0,0,0,0,0,0,0,5,0,0
13.0010903615377,0,1,0,0,0,0,1,0,5,0,1
3.99776843473036,0,0,0,0,0,0,0,0,4,1,0
10.0104374231935,1,1,0,0,2,1,1,0,2,0,0
2.00499793573893,0,1,0,0,2,0,0,0,0,0,1
1.99760992617579,0,1,0,0,0,0,1,0,4,0,0
7.99693185183769,0,0,0,0,0,0,1,0,5,0,0
2.99581838012371,1,1,0,0,0,0,1,0,5,0,0
8.00448308667435,0,0,0,0,0,1,1,0,3,0,0
20.9936986390872,1,0,0,0,2,1,1,0,2,0,0
1.00183231605683,0,0,0,0,0,0,1,0,2,1,0
1.98547677123381,1,0,0,0,1,0,1,0,2,1,0
13.9898835746484,0,0,0,0,0,1,1,0,3,0,0
1.00991581291188,0,1,0,0,0,0,1,0,5,0,0
12.007073133507,1,1,0,0,2,1,1,0,4,0,0
2.00834652967602,1,1,0,0,0,0,1,0,3,0,0
14.0044268134335,1,0,0,0,2,0,1,0,4,0,0
0.993806948672324,0,0,0,0,0,0,1,0,0,0,0
10.0050742002654,1,1,0,0,2,0,1,0,5,0,0
6.99405083209923,0,1,0,0,2,0,1,0,1,0,0
27.0076696662281,0,0,0,0,0,1,1,0,2,0,0
2.00008711679054,0,0,0,0,0,0,1,0,5,1,0
9.01004361076306,0,0,0,0,0,0,1,0,3,0,0
12.9935828624292,1,0,0,0,0,0,1,0,2,0,0
2.98697762419649,0,0,0,0,0,0,1,0,4,0,0
16.0090153211429,0,0,0,0,0,0,1,0,4,0,0
7.97614131296365,1,0,0,0,0,0,1,0,2,0,0
26.9981012985198,1,1,0,0,1,0,1,0,2,0,0
1.00370839865576,0,1,0,0,0,0,1,0,5,0,0
0.995792690053576,0,0,0,0,2,0,1,0,3,0,0
1.00439443525879,0,0,0,0,2,0,1,0,4,1,0
1.98321674618638,0,0,0,0,0,0,1,0,5,0,0
21.0054445264702,0,0,0,0,0,0,1,0,3,0,0
14.9945740297167,0,0,0,0,0,1,1,0,3,0,0
4.99748315120617,1,1,0,0,0,0,1,0,3,0,1
3.98061950649186,0,0,0,0,0,0,1,0,5,0,1
10.0055330036159,0,1,0,1,0,0,1,0,2,0,1
15.0098596439744,0,1,0,0,2,0,1,0,2,0,0
0.994138996288778,0,0,0,0,0,0,1,0,4,0,0
0.99541003233686,1,0,0,0,2,0,1,0,3,0,0
0.991633527959064,0,0,0,0,1,0,1,0,4,0,1
25.0134131084143,0,0,1,0,0,0,1,0,4,0,1
1.00260504926916,0,1,1,0,2,0,1,0,4,0,0
3.00086385444159,1,0,0,0,0,0,1,0,4,0,0
0.996201374124332,0,0,1,0,0,0,1,0,2,0,0
1.00313427500293,1,1,1,0,0,0,1,0,5,0,0
5.00641116741405,1,1,1,0,0,0,1,0,3,0,0
9.98524812303326,1,0,0,0,0,0,1,0,2,0,0
20.9791808753352,0,1,0,0,2,0,1,0,2,0,0
0.992140703344846,0,0,0,0,0,1,1,0,3,0,1
0.984404223480996,1,0,0,0,0,0,1,0,5,0,0
24.0129207734578,0,0,0,0,0,0,1,0,4,0,0
17.0127914311837,1,0,0,0,0,1,1,0,2,0,0
14.0011621850184,1,0,0,0,0,1,1,0,2,0,0
5.00842455733936,1,0,0,0,0,0,1,0,2,0,0
13.0008467646549,1,0,0,0,2,0,1,0,3,1,0
0.999563222104078,0,1,0,0,0,0,1,0,3,0,0
22.9917869805881,0,0,0,0,0,0,1,0,4,0,0
1.00396359851533,0,0,0,0,1,0,1,0,4,0,1
12.0075313140819,1,1,0,0,0,0,1,0,3,0,1
1.98587949393446,1,1,0,0,0,0,1,0,0,0,0
2.99999014637132,0,0,0,0,0,0,1,0,4,0,0
18.9953408962947,1,0,0,0,0,1,1,0,2,0,0
6.98485312559205,1,1,0,0,0,0,1,0,3,0,0
13.9973609189058,1,0,0,0,0,0,1,0,1,0,0
26.9914772898895,0,0,0,0,2,0,1,0,0,0,0
26.9921053662309,1,1,0,0,0,0,0,1,2,0,0
3.00887706661363,1,1,0,0,0,0,0,1,4,0,0
27.9899313190155,0,1,0,0,0,0,0,1,2,0,0
26.9949024961586,0,0,0,0,0,0,0,1,3,0,0
11.9933131051694,1,0,0,0,0,1,0,1,4,0,0
26.9978590614351,0,0,0,0,0,0,0,1,5,0,0
27.0064639717641,0,1,0,0,0,0,0,1,3,0,0
26.9984333966915,0,1,0,0,0,0,0,1,4,0,0
11.0005076759541,0,0,0,0,0,1,0,1,4,0,0
26.9897165902653,0,0,0,0,0,0,0,0,4,0,0
8.00152427413016,0,0,0,0,1,0,0,0,2,0,0
6.00258611272944,1,0,0,0,0,0,0,0,4,0,1
16.002319846697,0,0,0,0,0,1,0,0,2,0,0
13.985289152674,0,0,0,0,0,0,0,0,4,0,1
0.990995737115989,0,0,0,0,0,0,0,0,3,1,0
4.00613741520446,1,0,0,0,0,0,0,0,4,0,0
27.0016988257688,1,1,0,0,0,0,0,0,4,0,0
2.0036263403272,1,0,0,0,0,0,0,0,5,0,1
5.98050057489186,0,0,0,0,0,0,0,0,5,0,1
1.99502685912458,1,1,0,0,0,0,0,0,5,0,1
27.0042560861742,1,1,0,0,0,0,0,0,3,0,1
13.0087897953211,0,0,0,0,2,0,0,0,0,1,1
27.0100140251802,0,0,0,0,2,0,0,0,5,0,0
0.996764447947336,1,0,0,0,0,0,0,0,4,0,0
26.9973016968054,1,0,0,0,0,0,0,0,2,1,0
17.0158964613525,1,0,0,0,2,0,0,0,4,0,1
25.9983493587979,0,0,0,0,0,0,0,0,4,0,0
13.994400009856,0,0,0,0,0,1,0,0,5,1,0
1.01298004466008,0,0,0,0,2,0,0,0,2,1,0
26.9986199362934,1,1,1,0,0,0,0,0,2,0,0
14.005833096319,0,1,0,0,0,0,0,0,3,0,0
13.0067277604608,0,0,0,0,0,0,0,0,4,1,1
5.00128755415547,1,1,0,0,0,0,0,0,3,0,1
29.9991541357266,0,1,0,0,2,0,0,0,3,1,1
17.9965666939046,0,0,0,0,2,0,1,0,2,1,1
16.0139445294054,1,0,0,0,2,1,0,0,4,0,1
27.0105472483882,1,1,0,0,0,0,0,0,3,0,1
24.9886695490476,0,1,0,0,0,0,1,0,5,0,1
14.002411199944,0,0,0,0,0,0,1,0,2,0,1
5.99851788766106,0,0,0,0,0,0,0,0,3,0,1
8.00167590322833,0,0,0,0,0,0,1,0,3,0,1
6.00975551431033,0,0,0,0,2,0,1,0,5,1,1
9.99215673719104,1,1,0,0,0,1,1,0,3,0,1
1.00654894140508,0,0,0,0,0,0,0,0,2,1,1
19.9967213271319,1,1,0,0,0,0,1,0,4,0,1
11.9879126496733,1,0,0,0,0,0,0,0,3,0,1
5.9920550177435,1,1,0,0,0,1,0,0,4,0,1
1.00038986666116,1,0,0,0,0,0,1,0,4,1,1
1.99336686085538,0,1,0,0,0,0,0,0,2,0,0
0.992558760578303,1,0,1,0,0,0,1,0,4,1,0
26.995111344528,0,0,0,1,0,0,1,0,4,0,0
1.01002598693425,0,0,1,0,0,0,1,0,0,0,0
15.0079771896572,0,0,0,0,0,0,1,0,4,0,0
27.9830732380543,0,1,1,0,0,0,1,0,5,0,0
27.0054752901578,0,1,0,0,2,0,1,0,3,0,0
1.00159892535724,1,0,1,0,0,0,0,0,5,0,0
2.9840467000767,0,1,1,0,2,0,0,0,2,0,0
10.9786754561708,0,1,1,0,2,0,1,0,5,0,0
27.0084114046586,1,0,1,0,0,0,1,0,0,0,0
17.9958821585768,1,1,1,0,2,0,1,0,2,0,0
0.990303348095593,1,0,1,0,0,0,1,0,4,1,0
27.026055092005,0,0,1,0,2,0,1,0,5,0,0
1.00022745168707,0,1,0,1,0,0,1,0,4,1,0
26.9917751931642,1,0,1,0,0,0,1,0,4,0,0
26.9917441842925,1,1,1,0,0,0,1,0,5,0,0
0.996408087122783,0,0,0,0,0,0,1,0,0,0,1
26.9878060830425,1,1,0,0,0,0,1,0,4,1,1
3.99353611645821,0,1,0,0,0,0,1,0,2,0,1
3.9945682996596,1,0,1,0,0,0,1,0,4,0,1
2.9836039994394,0,0,0,0,1,0,1,0,4,0,1
0.992846428290947,0,0,0,0,2,0,1,0,3,0,0
10.0088999252881,1,0,0,0,0,0,0,0,2,0,1
9.0063981550237,1,1,0,0,2,1,1,0,4,0,1
18.0030788976733,0,1,0,0,0,0,1,0,5,0,0
9.9996845872348,1,0,0,0,2,0,1,0,3,0,0
5.01186397728056,0,0,0,0,0,0,1,0,2,0,1
0.989843449712893,0,0,0,0,0,0,1,0,4,0,1
0.999731356874545,0,0,1,0,0,0,1,0,5,0,0
23.0103837945919,0,0,0,0,0,0,1,0,2,0,0
0.990013664359978,1,1,1,0,0,0,1,0,0,0,1
26.9929159185127,0,0,0,0,0,0,1,0,5,1,0
27.0018125757921,1,0,0,0,0,0,1,0,5,1,0
13.9843818093507,1,0,0,0,0,0,1,0,5,0,0
35.0069714074683,1,1,0,0,1,0,1,0,4,0,1
25.0191546862633,1,0,0,0,0,0,1,0,4,0,1
6.01319613250818,1,1,0,0,0,1,1,0,4,0,1
25.990017531754,1,0,0,0,2,0,1,0,5,1,1
3.9936427784572,1,1,0,0,0,0,1,0,3,0,1
0.992131762739357,1,1,0,0,1,0,1,0,5,0,1
11.0115580955869,0,0,0,0,2,1,1,0,2,1,1
21.9886070600379,0,0,0,0,0,1,1,0,0,0,1
6.00037475874081,1,0,0,0,0,0,1,0,3,0,0
3.99491492206973,0,0,0,0,0,0,1,0,5,0,1
9.01682330513985,1,1,0,0,0,0,1,0,3,1,1
0.993475085111877,1,1,0,0,0,0,1,0,4,0,1
7.01298115574764,0,1,0,0,0,0,1,0,5,1,1
13.0029942344452,0,0,0,0,0,0,1,0,5,0,1
5.98896935869087,1,0,0,0,2,0,1,0,2,0,1
1.99953393456062,0,0,0,0,0,1,1,0,3,0,1
24.9956428113348,0,0,0,0,0,0,1,0,2,1,1
7.98810807734654,0,1,0,0,0,0,1,0,5,1,1
8.00646454367562,0,0,0,0,0,0,1,0,3,0,1
22.0109291256724,1,0,0,0,0,0,1,0,3,0,0
9.00723056791198,0,0,0,0,2,0,1,0,2,0,1
15.9774534157353,0,0,0,0,0,0,1,0,2,0,1
1.99321938422401,0,1,0,0,0,0,1,0,2,0,0
13.9744030775815,1,0,0,0,0,1,1,0,2,1,0
1.00675009663268,1,0,0,0,0,0,1,0,3,0,0
27.0071183127155,0,0,1,0,0,0,1,0,5,0,0
26.9891274507963,0,0,1,0,2,0,1,0,4,0,0
22.9846682903183,1,0,0,0,0,0,1,0,4,0,0
26.9819151186687,1,0,0,0,0,0,1,0,5,0,0
10.0000706299626,1,1,0,0,0,0,1,0,4,0,1
0.997423583967463,1,0,0,0,0,0,1,0,4,0,0
2.0110040674709,1,1,0,0,0,0,1,0,3,1,0
12.0094015319762,0,0,0,0,0,0,1,0,4,0,0
20.0150588363173,1,1,0,0,0,0,1,0,3,1,0
25.0074769880603,0,0,0,0,0,0,1,0,3,1,0
12.0160173311552,0,0,0,0,0,0,1,0,3,0,0
2.00685258115846,1,1,0,0,0,1,1,0,4,0,1
18.0107584579255,0,0,0,0,0,1,1,0,2,0,0
3.99564102887762,1,0,0,0,1,0,1,0,3,0,0
19.9913359579615,1,0,0,0,0,1,1,0,2,0,0
14.0026156096957,0,0,0,0,0,0,1,0,2,0,0
14.9866903930645,0,0,0,0,0,0,1,0,4,0,0
27.0250128921454,0,1,1,0,0,0,1,0,3,0,0
1.00235043674732,0,1,0,0,0,0,1,0,0,0,0
2.99498505478074,0,1,0,0,0,0,1,0,3,0,0
24.9955204863434,1,1,0,0,0,1,1,0,4,0,1
27.0003265790637,0,0,0,0,0,0,1,0,5,0,0
0.994326276514333,1,1,0,0,0,0,1,0,3,0,0
1.9997059606613,0,0,0,0,0,0,0,1,4,0,1
20.0068709041162,1,0,0,0,0,1,0,1,2,0,0
3.0075386238628,0,1,0,0,0,1,0,1,4,0,0
26.9895920069214,0,0,0,0,0,0,0,1,5,0,0
10.0097324615377,0,0,0,0,1,0,0,1,2,0,0
46.0000398325669,0,0,0,0,0,0,0,1,0,1,0
27.0045491921111,1,1,0,0,0,0,0,1,4,0,0
18.0167741969937,1,0,0,0,0,0,0,1,2,0,0
1.0069879768495,0,0,0,0,1,0,0,1,5,0,0
13.0023993364581,0,0,0,0,0,1,0,1,2,0,0
13.007311009836,0,1,0,0,0,1,0,1,4,0,0
2.99159510489789,0,0,0,0,0,0,0,1,0,0,0
1.00483999592126,1,1,0,0,0,0,0,1,5,0,0
17.9951698661413,0,1,0,0,0,1,0,1,4,0,0
0.994143198727674,0,0,1,0,2,0,0,1,5,0,0
26.9767656389072,1,0,0,0,0,0,0,1,2,0,0
27.0036415615195,0,0,1,0,1,0,0,1,5,0,0
9.99070807951021,0,0,0,0,0,0,0,0,2,0,0
11.0136098690252,0,1,0,0,0,1,0,0,4,0,0
19.996833265676,1,0,0,0,2,0,0,0,2,0,1
7.99436975413519,0,0,0,0,0,0,0,0,2,1,0
5.98743905944515,0,0,0,0,0,0,0,0,0,1,0
11.0016944608925,0,1,0,0,0,1,0,0,4,0,0
27.003085870362,0,0,0,0,0,0,0,0,5,1,0
30.0094512698986,0,1,0,0,0,0,0,0,2,0,0
25.0035802062602,0,0,0,0,1,0,0,0,0,0,0
10.0061927647394,0,1,0,0,1,1,0,0,4,0,0
9.00175555271296,1,1,0,0,0,0,0,0,4,0,0
22.003709290103,0,0,0,0,2,0,0,0,5,1,0
27.0149396402606,0,0,0,0,0,0,0,0,2,1,0
0.994016872067691,0,1,1,0,2,0,0,0,4,0,0
13.9961983299846,0,0,0,0,0,0,1,0,4,0,1
9.01148205183418,0,1,0,0,0,0,0,0,5,1,1
27.004073729188,1,1,1,0,1,0,0,0,2,0,0
26.0013288316288,1,0,1,0,2,0,0,0,4,0,0
27.0139349974851,0,0,1,0,0,0,0,0,0,0,0
1.99435670132216,1,1,0,0,0,0,0,0,5,0,0
9.00420852223269,0,0,0,0,2,0,0,0,2,0,1
23.9952273505879,0,0,1,0,2,0,0,0,3,0,0
23.9899374638714,1,0,0,0,0,0,0,0,4,0,0
26.999438353021,0,0,0,0,0,0,0,0,4,0,0
6.99794961155085,0,1,1,0,0,0,0,0,4,0,0
11.9934096815633,1,1,1,0,0,0,0,0,2,0,0
26.9977950430498,0,1,1,0,0,0,0,0,3,0,0
27.0009842385477,0,1,0,0,0,0,0,0,0,0,1
11.9914380909119,0,1,0,0,2,1,1,0,4,0,1
23.0089995907033,0,1,0,0,0,0,1,0,1,0,0
16.0009647186516,1,0,0,0,1,1,0,0,2,0,0
17.9965025450868,0,0,0,0,0,1,0,0,2,0,0
6.9881766518031,1,0,0,0,1,0,0,0,2,0,0
1.00018233310322,0,1,0,0,2,1,0,0,4,0,0
0.989102467342124,0,0,0,0,0,0,0,0,4,0,0
5.005659453575,1,1,0,0,1,0,1,0,1,0,0
25.9933664201243,1,1,0,0,2,1,1,0,1,0,0
0.987834470836023,1,0,0,0,0,0,0,0,5,0,0
2.99561139805651,0,0,0,0,1,0,0,0,1,1,0
0.984091272382961,0,1,1,0,1,0,1,0,5,0,0
27.0081129967494,0,0,0,0,2,0,1,0,2,0,0
1.0018533573103,0,0,1,0,0,0,1,0,0,0,0
27.0051361384848,1,1,0,1,0,0,1,0,4,0,0
0.996109148691162,0,0,1,0,2,0,0,0,3,1,1
2.99953562257257,1,0,0,0,0,0,0,0,4,0,1
26.9958582871585,1,1,0,0,0,0,1,0,0,0,1
19.0133978352027,1,1,0,0,2,0,1,0,4,0,1
15.9915868197378,0,0,0,0,0,0,1,0,2,0,0
16.0087949040629,1,0,0,0,0,1,1,0,3,0,1
8.02128480089461,1,1,0,0,0,0,1,0,5,0,0
25.9925870615985,0,0,0,0,0,0,1,0,4,0,0
5.99004357861226,0,1,0,0,0,0,1,0,4,0,0
26.9894205828406,0,1,1,0,2,0,1,0,3,0,0
21.9923158252543,1,0,0,0,0,0,1,0,2,0,0
29.9763870628285,0,1,0,0,0,0,1,0,5,0,0
26.9849041960305,0,1,0,0,0,0,1,0,2,0,0
30.010274643993,0,0,0,0,0,0,1,0,5,0,0
11.0082932319012,0,1,0,0,2,1,1,0,5,0,0
13.0049863705592,0,0,0,0,0,0,1,0,5,1,0
13.010240335701,1,0,0,0,0,0,1,0,5,0,0
2.99182017386598,1,1,0,0,2,0,1,0,4,0,0
12.9890831054463,1,0,0,0,2,0,1,0,5,0,0
27.0030892852524,0,0,0,0,2,0,1,0,4,0,0
17.9988544924803,0,0,0,0,0,0,1,0,2,0,0
0.992446973551231,0,0,0,0,0,0,1,0,0,0,0
26.9907407020406,0,0,0,0,0,0,1,0,5,1,0
7.98873295817346,0,0,1,0,0,0,1,0,5,0,0
13.9927071509839,1,0,0,0,0,1,1,0,3,0,1
17.0105295158745,1,0,0,0,0,1,1,0,3,0,1
24.0079926784435,0,0,0,0,0,0,1,0,5,0,0
15.9923450802936,0,0,0,0,0,0,1,0,4,1,1
12.0147668441655,0,0,0,0,0,0,1,0,3,0,1
4.99605732364805,1,0,0,0,0,0,1,0,1,0,0
26.98218341047,1,0,0,0,0,0,1,0,4,1,0
23.0109619615583,1,0,0,0,0,0,1,0,4,0,0
20.0091060275441,1,0,0,0,2,0,1,0,3,0,1
13.0031180593943,1,0,0,0,0,0,1,0,3,0,0
1.00794589058848,1,0,1,0,0,0,1,0,3,0,0
0.98811305449273,1,0,1,0,0,0,1,0,4,0,0
26.9950974155889,0,0,0,0,2,0,1,0,2,0,0
16.9926365261204,0,0,0,0,0,0,1,0,3,0,1
2.99420753820975,1,0,1,0,0,0,1,0,0,0,0
14.9957877438159,0,0,0,0,0,1,1,0,3,0,0
26.005969864192,1,0,0,0,1,0,1,0,2,0,0
0.988538105143174,1,1,0,0,0,0,1,0,4,0,0
4.00069563171563,0,0,0,0,0,0,1,0,4,0,0
5.98410077352076,0,0,0,0,0,1,1,0,3,0,0
1.00678216174827,1,0,1,0,0,0,1,0,0,0,1
2.00773634366676,1,1,0,0,1,0,1,0,2,0,0
5.00863062942764,0,1,0,0,0,0,1,0,4,0,0
13.0039761630894,1,0,0,0,0,1,1,0,2,0,0
1.01975825932892,0,0,0,0,0,0,1,0,4,0,0
4.99815700353256,1,0,0,0,0,0,1,0,2,0,0
4.01064334966175,1,1,1,0,0,0,1,0,4,0,0
27.0107519869247,1,0,0,0,0,0,1,0,5,0,0
10.0065520585762,0,1,0,0,0,0,1,0,5,0,0
0.998749345667927,1,0,0,0,0,0,1,0,2,0,0
2.99992548399126,1,1,0,0,0,0,1,0,5,0,0
1.00082668923193,1,1,0,0,0,0,1,0,3,0,0
15.0032808895408,1,1,0,0,0,1,1,0,2,0,0
22.9955703176187,0,1,0,0,0,0,1,0,0,0,0
1.00090566949018,0,1,0,0,0,0,1,0,5,0,0
2.0115593929737,1,0,0,0,0,0,1,0,4,0,0
0.998371061644318,0,0,0,0,0,0,0,1,5,0,0
26.9947423328385,0,1,0,0,0,0,0,1,5,0,0
8.00822641310064,0,1,0,0,0,0,0,1,5,0,0
23.9878979911912,1,0,0,0,1,0,0,1,3,0,1
39.0043111415973,0,1,0,0,0,0,0,1,4,0,0
5.98868901205348,1,1,0,0,0,0,0,1,5,0,0
3.01374369071082,1,0,0,0,1,0,0,1,2,0,0
27.0018510814611,1,0,0,0,0,0,0,1,4,1,0
27.0102632259066,0,1,0,0,0,0,0,1,2,0,1
27.0012493764268,0,1,0,0,0,0,0,1,0,0,0
1.99466830319761,0,0,0,0,0,0,0,1,5,0,0
25.9978774883899,0,1,0,0,0,0,0,1,5,0,0
19.9992180637971,1,0,0,0,0,0,0,0,3,0,1
12.0058182636539,1,0,0,0,2,0,0,1,5,0,1
27.0090950587075,0,0,0,0,0,0,0,0,5,0,1
27.0023564263088,0,0,0,0,0,0,0,0,5,0,0
27.0046464218885,1,1,0,0,0,0,0,0,3,1,0
2.00348448713772,0,0,0,0,1,0,0,0,3,0,0
27.001234425683,1,1,0,0,0,0,0,0,3,0,0
1.00551541313172,1,1,0,0,0,0,0,0,5,0,1
28.0025855554756,0,0,1,0,0,0,0,0,0,0,0
1.00230957528295,1,0,1,0,0,0,0,0,4,1,0
27.0111711890199,1,0,0,0,1,0,0,0,4,0,0
21.0034854684754,0,0,0,1,2,0,0,0,4,0,0
26.9778085901852,1,1,1,0,0,0,0,0,4,1,0
1.01081543952612,0,1,1,0,0,0,0,0,0,0,0
28.9857489861417,0,1,0,0,0,0,0,0,4,0,0
27.0147541591358,0,1,0,0,1,0,0,0,0,0,0
14.0012726805019,1,1,0,0,2,0,0,0,4,0,0
27.0167549587734,0,1,0,0,1,0,1,0,5,0,0
13.9922879904025,1,1,0,0,0,1,1,0,2,0,0
26.9974799132366,0,1,0,0,0,0,0,0,2,0,1
1.99842843552088,0,0,0,0,0,0,0,0,2,1,0
27.0104371460648,0,1,0,0,2,0,0,0,2,0,0
14.9935630106111,1,1,0,0,1,0,0,0,4,0,0
8.99184267231301,0,1,0,0,1,1,0,0,4,0,0
23.9914747256009,0,1,0,0,0,0,0,0,5,0,0
2.00874334628456,1,0,0,0,0,1,0,0,3,1,0
1.00154847128785,0,0,0,0,2,0,0,0,0,0,0
1.99644861025972,0,1,0,0,0,0,0,0,2,0,1
0.996405383035764,1,0,0,0,0,0,0,0,0,0,1
22.9952247972731,1,1,0,0,1,0,0,0,3,0,1
8.99374628907489,1,1,0,0,0,0,0,0,0,1,1
26.9948994303619,0,0,0,0,0,0,0,0,4,0,1
1.99311058602882,1,0,0,0,0,0,0,0,4,0,1
27.9989709087035,0,0,0,0,1,0,0,0,2,0,1
1.99672131246795,1,1,0,0,0,0,0,0,5,1,1
7.99564717550252,0,1,0,0,0,0,0,0,4,0,1
14.9935608399511,0,0,0,0,0,0,1,0,4,0,1
27.0036326653016,0,1,0,0,0,0,1,0,3,0,0
1.00230824704955,0,1,0,0,0,0,0,0,5,0,1
7.0226668542801,1,0,0,0,0,1,0,0,4,0,1
9.98852630630865,1,1,0,0,0,1,0,0,3,1,1
2.01470602626812,1,0,0,0,2,1,0,0,3,1,1
27.007958286444,0,1,0,0,0,0,0,0,2,0,1
0.99060750161101,0,0,0,0,2,0,0,0,2,0,0
2.98732616590985,0,0,0,0,0,0,0,0,3,1,0
35.9993325163821,1,0,1,0,0,0,1,0,3,0,0
0.997082095824621,1,1,0,0,0,0,0,0,2,0,0
9.99070187367984,1,0,0,0,0,0,1,0,2,1,0
14.9999011923126,1,1,0,0,2,1,1,0,4,0,0
3.99899922737027,1,0,0,0,0,0,1,0,4,0,0
4.99106287817514,0,1,0,0,1,0,1,0,5,0,0
23.013226961185,0,1,0,0,0,0,0,0,3,0,0
0.98137193785525,1,0,0,0,0,0,1,0,3,0,1
0.999368305755627,0,1,0,0,0,0,0,0,0,0,1
7.99672091934204,0,0,0,0,0,0,0,0,4,1,1
4.99379448029869,1,0,0,0,2,1,1,0,3,0,1
3.00354837622421,0,0,0,0,0,0,1,0,5,0,1
15.0066005970847,0,0,0,0,0,0,1,0,3,0,0
10.997583606104,0,1,1,0,0,0,1,0,5,0,0
1.00140431603729,0,1,1,0,1,0,1,0,5,0,0
3.02079811190797,0,0,0,0,0,1,1,0,3,1,0
26.9896750330535,0,1,0,0,2,0,1,0,3,0,0
19.9823380336731,1,1,1,0,2,0,1,0,4,0,0
12.9853923675195,1,1,0,0,0,0,1,0,5,0,0
14.998689312223,1,1,0,0,1,0,1,0,3,0,0
23.0097533916542,0,0,0,0,0,0,1,0,4,1,1
26.9927065255658,1,1,0,0,1,0,1,0,3,0,1
23.9909369593008,1,1,0,0,0,0,1,0,3,0,0
1.99323152410065,1,0,0,0,0,0,1,0,5,0,0
27.0004517205858,0,0,0,1,0,0,1,0,5,1,0
9.00444161868977,0,1,0,0,0,0,1,0,5,0,1
14.0039436671403,1,1,0,0,0,0,1,0,5,0,0
9.99219988878663,0,0,0,0,0,0,1,0,5,1,0
14.0166082888462,0,0,0,0,0,1,1,0,2,0,1
28.0073707497739,0,0,0,0,2,0,1,0,3,1,0
15.9944440251313,1,0,0,0,0,0,1,0,4,0,0
2.00253094273646,0,0,0,0,0,0,1,0,2,0,0
27.0060188944294,0,0,1,0,0,0,1,0,5,0,0
0.990501960031531,1,0,0,0,1,0,1,0,3,0,0
0.988121018352971,1,1,0,0,1,0,1,0,5,1,1
14.0042680470217,1,1,0,0,0,0,1,0,4,0,0
16.9944086960849,0,1,0,0,0,0,1,0,5,1,0
13.9900065740524,0,1,0,0,0,0,1,0,3,0,1
26.9981310102866,0,0,0,0,1,0,1,0,2,0,0
8.00221288074982,1,1,0,0,1,0,1,0,5,0,0
19.9964071757866,0,0,0,0,0,1,1,0,2,0,0
21.9943112501847,1,1,0,0,0,0,1,0,2,0,1
0.996935081581831,1,0,0,0,0,0,1,0,5,1,0
9.99667695196768,1,0,0,0,0,0,1,0,4,0,0
17.0051843198377,0,0,0,0,0,1,1,0,2,0,1
11.9955381290521,0,0,0,0,0,0,1,0,5,0,1
26.0045203450951,0,1,0,0,0,0,1,0,5,0,0
1.01493514075297,0,0,0,0,0,0,1,0,5,0,0
1.01113050521148,0,1,0,0,0,0,1,0,3,0,0
9.00361652575726,1,1,0,0,0,0,1,0,4,1,1
10.0130944074703,0,0,0,0,0,0,1,0,3,0,0
1.99815528266144,0,0,0,0,0,0,1,0,0,0,0
5.99864007454657,1,0,0,0,0,0,1,0,3,0,1
8.00314304908109,0,0,0,0,0,0,1,0,4,0,0
3.0007620768856,0,1,0,0,0,0,1,0,5,0,1
1.00017333150068,0,0,0,0,0,0,1,0,0,0,0
3.00036260727338,0,1,0,1,0,0,1,0,0,0,0
39.9984467602493,0,1,0,0,0,0,0,1,2,0,0
27.0100013600313,0,0,0,0,0,0,0,1,3,0,1
12.992597158257,0,1,0,0,0,1,0,1,2,0,0
27.0061830829265,0,0,0,0,1,0,0,1,4,1,0
9.00083321271341,0,1,0,0,0,0,0,0,4,1,1
12.005190262281,0,1,0,0,0,0,0,0,2,0,1
13.9914587939323,0,1,0,0,0,1,0,0,4,0,1
27.0050912870286,0,1,0,0,0,0,0,0,4,0,0
17.9995986235205,0,1,0,0,0,0,0,0,5,0,0
3.01581856000725,0,1,0,0,0,0,0,0,3,0,0
8.00317647123359,0,1,0,0,0,0,0,0,4,0,0
27.0167343785333,1,0,0,0,0,0,0,0,1,0,0
11.9763446830599,1,0,0,0,0,1,0,0,3,0,0
6.00730976458436,0,0,0,0,0,0,0,0,4,1,0
4.00334037709442,1,1,0,0,0,0,0,0,4,0,0
26.9820649239792,1,1,0,0,0,0,0,0,5,0,0
11.0084559808547,1,1,0,0,0,0,0,0,3,0,0
12.9958827279094,1,1,0,0,2,1,0,0,4,0,0
26.9840142301914,0,0,0,0,0,0,1,0,5,0,0
26.9900653172566,0,0,0,0,0,0,0,0,4,0,0
15.0142477776586,0,1,0,0,1,0,0,0,4,0,0
29.0158413087182,1,1,0,0,0,0,0,0,3,0,0
15.0097373257721,0,0,0,0,0,0,0,0,5,0,0
15.9940022700907,0,0,0,0,2,0,0,0,5,1,0
1.00995559442959,1,0,0,0,2,0,0,0,5,0,1
14.0010248071351,0,0,0,0,0,0,0,0,4,1,1
18.9992357237426,1,0,0,0,2,1,0,0,2,0,0
8.99385850921448,1,0,0,0,2,1,0,0,2,0,0
19.9975619886293,1,0,0,0,0,0,0,0,3,0,0
0.989288504704424,1,1,0,0,0,0,0,0,2,0,1
1.01872762646489,0,0,0,0,0,0,0,0,3,0,1
3.98356966257361,0,1,0,0,0,0,0,0,3,1,1
8.00707004930999,1,0,0,0,0,1,0,0,3,0,1
27.0029269628461,0,0,0,0,2,0,0,0,0,1,1
1.00930634142003,0,0,0,0,2,0,0,0,4,0,1
2.00626887449062,0,0,0,0,0,0,0,0,4,0,1
17.0002614277013,0,0,0,0,0,0,0,0,5,0,1
5.01112064739483,1,1,0,0,0,0,1,0,5,0,1
26.9945899083176,0,1,0,0,1,0,1,0,4,0,0
27.0064644220258,0,1,0,0,0,0,0,0,3,0,0
28.0066157123093,0,1,0,0,0,0,0,0,3,0,1
2.98946881622014,0,0,0,0,0,0,0,0,3,0,0
19.991893028887,1,0,0,0,2,0,0,0,3,1,0
9.00484718964402,1,0,0,0,0,0,1,0,3,1,0
24.0063638457554,0,1,0,0,1,1,1,0,5,0,0
27.0015486397489,1,0,0,0,2,0,1,0,2,0,0
21.9961592339915,0,0,0,0,2,0,1,0,1,0,0
23.9904245605879,0,1,0,0,0,0,1,0,2,0,1
0.99442371857142,1,0,0,0,2,0,1,0,3,0,1
27.0045109764511,0,0,0,1,0,0,1,0,0,1,1
25.004367347385,0,0,1,0,2,0,1,0,3,1,1
2.99431268017093,1,0,0,0,2,0,1,0,5,0,1
1.00283231743393,0,0,0,0,0,0,1,0,5,1,1
43.0118815784401,1,0,0,0,0,0,1,0,3,0,1
7.01089232261676,0,0,0,0,0,1,1,0,3,1,1
0.997692655760856,0,0,0,0,0,0,1,0,4,1,1
21.997253010018,1,1,0,0,1,0,1,0,4,0,1
27.0016029270512,1,1,0,0,1,0,1,0,5,0,1
27.0182218885287,0,0,0,0,0,0,1,0,3,0,1
27.0088298824879,0,1,0,0,0,0,1,0,4,0,1
1.00342555909545,0,1,0,0,2,0,1,0,4,0,1
0.989351355362851,0,0,0,0,0,0,1,0,2,0,1
12.9923336344298,0,0,0,0,0,0,1,0,0,0,0
26.9989816828153,1,1,0,0,1,0,1,0,2,0,0
19.0054710413661,0,0,1,0,0,0,1,0,5,0,0
13.986402048096,0,0,0,0,0,1,1,0,4,0,0
6.01630502218379,1,1,0,0,1,0,1,0,2,1,1
11.00809083134,0,0,0,0,0,0,1,0,3,0,0
4.98465564669446,1,0,0,0,0,0,1,0,5,0,0
24.0012725720799,1,0,0,0,0,0,1,0,4,0,0
1.00279502173161,1,0,0,0,0,0,1,0,2,0,0
19.985180634932,1,1,0,0,0,0,1,0,0,0,0
5.99458429272753,1,0,0,0,2,0,1,0,5,1,0
15.9901942733789,0,0,0,0,0,0,1,0,0,0,0
16.0008696872953,0,1,0,0,0,0,1,0,4,0,0
2.0112496091126,1,0,0,0,0,1,1,0,2,0,0
6.00480962835392,0,0,0,0,0,0,1,0,5,0,0
11.9857578505959,1,1,0,0,0,1,1,0,4,0,0
4.00403338360333,1,1,0,0,0,0,1,0,0,0,1
4.98225932148157,1,0,0,0,0,0,1,0,4,0,0
9.01011546061581,0,0,0,0,0,0,1,0,5,0,0
27.0238516277116,1,0,0,0,0,1,1,0,4,0,0
14.0139171223655,0,0,0,0,0,0,1,0,2,0,0
5.015910628733,0,0,0,0,0,0,1,0,2,1,0
0.997991449685923,0,1,0,1,0,0,1,0,5,0,0
27.0101964105906,1,0,0,1,2,0,1,0,3,0,0
9.98129220830361,1,1,0,0,0,0,0,1,4,0,1
2.00937601899384,0,0,0,0,0,0,1,0,2,0,0
1.02648925329268,1,0,0,0,0,0,1,0,3,1,0
3.0009229263275,0,0,0,0,0,0,1,0,5,0,0
5.00186441682596,0,0,1,0,0,0,1,0,5,0,0
1.01542319883415,0,1,1,0,0,0,1,0,2,0,0
0.986752095823924,0,0,1,0,0,0,1,0,2,0,0
1.00334663769351,1,1,0,0,0,0,1,0,4,0,0
0.993396578674745,1,0,0,0,0,0,1,0,3,0,1
26.9944195819167,1,1,0,0,0,0,1,0,3,0,0
0.986571506856931,1,1,0,0,0,0,1,0,4,0,0
5.99226079935668,1,1,0,0,0,1,1,0,3,0,1
40.016092297978,0,1,0,0,0,0,1,0,4,1,0
0.990562513195878,0,0,0,0,0,0,1,0,2,0,0
8.98949530608907,1,0,0,0,0,0,1,0,4,0,0
3.99889184447021,0,1,1,0,0,0,1,0,4,0,0
1.00102434447647,0,0,0,0,0,0,1,0,1,0,0
2.01164673935952,0,0,0,0,0,1,1,0,4,0,0
5.00050262137458,0,0,0,0,1,0,0,0,3,0,1
13.9973396781413,1,0,0,0,2,0,0,0,2,1,1
26.9798856206815,1,0,0,0,0,0,1,0,4,0,0
20.9926171845215,0,0,0,0,2,0,1,0,2,0,0
18.0085536273412,1,0,0,0,0,0,1,0,3,0,1
4.00678746940068,1,0,0,0,0,0,0,0,4,0,1
16.0051455533065,1,1,0,0,1,0,1,0,4,0,1
25.0163248500709,0,0,0,0,0,0,0,0,0,0,1
1.00449677625833,1,0,1,0,0,0,1,0,3,0,0
15.0020530563453,0,0,0,0,0,1,0,0,4,0,0
18.0071506813143,0,0,1,0,2,1,0,0,3,0,1
15.9919494905935,0,0,0,0,2,0,0,0,5,0,1
16.0039892637457,0,1,1,0,1,1,0,0,3,0,1
12.0076704704866,1,1,1,0,0,1,0,1,4,0,0
0.997396049345397,0,0,0,0,0,0,0,0,4,0,1
7.01379582226218,1,0,1,0,0,0,0,0,4,0,1
1.99999220044294,1,1,0,0,0,0,0,0,2,0,1
10.9927175864424,0,1,0,0,0,1,0,0,4,0,1
29.0047112226744,0,0,1,0,0,0,0,0,2,1,0
2.01162870706468,1,0,0,0,0,0,1,0,2,0,1
0.995465745626834,0,0,0,0,0,0,1,0,3,0,0
4.99268576057636,1,0,1,0,0,0,0,1,4,0,1
1.00859721294628,1,1,0,0,0,0,0,0,4,0,0
27.0055447693115,1,1,1,0,2,0,1,0,2,0,0
1.00450125566423,0,0,0,0,0,0,1,0,3,0,0
13.0210927603155,0,1,0,0,2,0,1,0,3,0,0
4.98820307984871,0,0,0,0,0,0,1,0,3,0,1
11.9878723684136,1,1,0,0,0,0,1,0,3,0,0
9.9981990470852,0,1,1,0,0,0,0,1,5,0,0
16.983064917774,1,1,0,0,0,1,1,0,3,0,1
4.00041314788022,0,1,0,0,0,0,1,0,3,0,1
1.0088535251426,1,1,0,0,0,0,0,0,5,0,1
1.01137106904072,0,0,0,0,0,0,0,0,3,0,1
9.99508716837674,1,1,0,0,0,0,0,0,3,0,0
0.997003567162592,0,0,0,0,0,0,0,0,5,0,1
4.99333554442408,1,0,0,0,2,0,0,0,2,1,1
7.00142384271184,1,1,0,0,0,0,0,0,3,0,1
1.99839838980137,1,0,0,0,2,0,1,0,4,1,0
15.0046152731649,0,0,0,0,2,1,0,0,4,0,1
2.00893166316398,1,0,0,0,0,0,1,0,3,0,1
16.0097191203647,0,1,0,0,2,0,0,0,2,0,1
1.00146154352857,1,0,1,0,2,0,1,0,3,0,0
0.99860161910844,0,0,0,0,0,0,1,0,5,0,0
0.994481091360579,1,0,0,0,0,0,0,1,4,0,1
10.9921148957058,1,0,1,0,0,0,0,1,3,0,0
12.0032930371685,0,1,1,0,0,0,0,0,2,0,1
4.98791011186559,0,0,0,0,0,0,1,0,3,0,0
3.99697349518332,0,0,0,0,1,1,1,0,4,0,1
5.00389030508002,1,0,0,0,0,0,1,0,2,0,1
0.997449639294452,0,0,0,0,0,0,1,0,3,0,1
24.9846889753381,1,0,0,0,0,0,1,0,3,0,1
15.9795481006782,1,0,0,0,1,0,0,1,4,0,0
27.0075134773125,0,1,1,0,0,0,0,0,4,0,0
6.98773343202912,0,0,1,0,0,0,1,0,3,0,0
9.99378312530841,0,0,1,0,0,0,0,0,3,1,0
21.9929365876182,1,1,1,0,1,0,0,0,5,0,0
9.98444775462962,0,0,1,0,0,0,0,0,3,0,1
7.99646895966246,0,0,1,0,2,0,1,0,0,0,0
7.01174404782576,0,1,0,0,2,0,0,0,3,0,1
17.9809790994116,1,0,0,0,0,0,1,0,3,0,0
8.9991954479252,1,1,0,0,0,0,1,0,2,0,1
34.0024322913176,1,0,1,0,0,0,0,1,0,1,0
5.01220030445484,1,0,0,0,0,0,0,0,4,1,1
6.98412924223466,0,1,0,0,0,0,1,0,2,0,0
0.986201066170769,1,0,1,0,0,0,0,0,3,0,1
2.992683580845,1,1,0,0,0,0,1,0,3,0,1
27.0037505447062,0,0,1,0,0,0,0,0,4,0,0
26.9941489102573,0,1,1,0,0,0,0,0,5,0,0
10.0013180462454,0,0,0,0,2,0,0,0,2,1,1
28.0109120822759,0,1,0,0,0,0,1,0,4,0,0
9.98746520500312,0,1,0,0,2,0,1,0,2,0,1
26.9862628235316,0,0,1,0,0,0,0,1,4,0,0
18.9975354061767,0,0,0,0,0,0,0,0,4,0,1
12.9896030089045,0,0,0,0,0,1,0,0,2,0,1
5.99985036125133,1,1,0,0,0,1,1,0,2,0,0
2.99878850184702,1,0,1,0,0,0,0,1,4,0,0
27.000764784732,1,0,0,0,0,0,0,0,3,0,1
1.00900063293843,0,1,1,0,0,0,0,0,2,0,0
9.01868898525255,1,0,0,0,0,0,0,0,4,0,1
16.9954359824216,1,0,0,0,0,1,1,0,2,0,1
2.01276508500759,0,0,0,0,0,0,1,0,3,0,0
10.01292856865,1,1,0,0,1,0,1,0,3,0,0
18.9904157531969,1,0,0,0,0,0,0,0,4,1,0
0.990535894019574,0,1,0,0,0,0,0,1,4,0,0
3.00600488054005,1,0,1,0,0,0,0,0,4,1,0
17.0140420686497,0,0,1,0,1,0,1,0,4,0,1
1.00610778832541,1,1,1,0,2,0,1,0,3,0,0
27.0041370958012,0,0,0,0,0,0,0,0,3,1,1
10.0051237000358,0,1,0,0,0,0,1,0,4,0,0
27.0012835255696,0,0,1,0,0,0,1,0,3,0,0
10.0141446228706,0,0,1,0,0,0,0,1,3,0,0
24.9918113807377,1,0,1,0,2,0,0,1,4,0,0
27.0087236934305,0,0,0,0,0,0,0,0,5,0,0
27.0026230358923,1,0,1,0,0,0,1,0,3,0,0
8.99762846940787,0,0,1,0,0,0,1,0,3,0,0
0.986161527910012,1,1,0,0,0,0,0,1,2,0,1
27.0147945032748,1,1,1,0,0,0,0,0,2,0,0
19.0053520318347,1,0,1,0,1,0,0,0,2,0,0
0.993636561158119,0,1,1,0,0,0,0,0,4,0,0
15.9999772869326,1,0,1,0,0,0,0,1,4,0,0
2.01081691450524,1,0,0,0,0,0,0,0,2,1,1
2.99758436112268,0,1,1,0,0,0,0,0,3,0,0
26.0000323898934,0,1,1,0,2,0,0,0,2,0,0
1.00533964251678,0,0,1,0,2,0,0,0,5,1,1
4.00547655700343,0,0,1,0,2,0,0,0,3,0,0
17.0086978286915,1,0,0,0,0,0,0,0,2,0,1
1.98229041255227,0,0,1,0,0,0,0,0,5,1,0
26.9925365516672,0,0,1,0,0,0,0,0,3,0,0
1.99697160170675,0,0,0,0,1,0,0,1,2,1,1
27.0096646881008,0,0,1,0,0,0,0,0,2,0,1
2.00024383760856,1,1,1,0,0,0,0,0,2,0,0
1.00550275083898,0,0,1,0,2,0,1,0,3,0,0
0.991995188387869,0,0,1,0,0,0,1,0,3,0,0
27.0077802386706,0,0,1,0,0,0,0,1,3,0,0
26.9981883547117,1,0,1,0,2,0,0,1,0,1,0
27.0033755217563,1,1,1,0,2,0,0,0,5,0,1
21.0250180265617,0,1,1,0,1,0,1,0,2,0,0
5.00380173463572,1,1,0,0,0,0,0,1,2,0,1
15.9879568755712,1,1,1,0,0,0,0,1,5,1,0
17.0009508825198,0,0,1,0,0,0,0,1,0,0,0
8.0055672466514,0,0,1,0,0,0,0,0,3,0,0
26.983495395928,0,0,1,0,0,0,0,0,5,0,0
29.0085001711074,0,0,0,0,1,0,0,1,3,0,0
18.0132964180714,0,0,1,0,2,0,0,1,2,0,0
26.9982611834482,0,0,1,0,0,0,0,0,2,0,0
26.9997392481941,1,0,0,0,1,0,0,0,2,0,1
27.0243544315501,1,0,1,0,0,0,0,0,2,0,0
26.9951975868708,1,0,1,0,1,0,0,0,0,0,0
25.9904490100557,0,1,1,0,0,0,0,1,0,0,0
27.0007012235127,0,0,1,0,0,0,0,1,4,0,0
26.9945541480241,1,1,1,0,0,0,0,0,2,0,0
6.00036496944983,1,0,0,0,0,0,1,0,4,0,0
1.03891414579342,0,0,1,0,0,0,1,0,0,0,0
1.01148879127357,1,0,1,0,0,0,0,0,3,0,1
11.0144062361225,1,0,1,0,0,0,0,0,4,0,0
26.9962138228332,1,0,1,0,0,0,0,0,4,0,0
2.98909654928109,0,0,0,0,0,0,0,0,5,0,1
14.9903672421302,0,0,1,0,2,1,1,0,2,0,0
26.9992997493359,1,0,1,0,0,0,0,0,4,0,0
26.9998392677192,0,1,1,0,2,0,0,0,3,0,0
6.01112947845257,0,0,1,0,2,0,1,0,4,0,1
27.0004194576041,1,0,1,0,2,0,1,0,5,1,0
1.00820986965208,0,0,1,0,2,0,0,0,3,0,0
26.9995878168831,0,1,0,0,0,0,1,0,2,0,0
14.9983165813039,0,1,0,0,0,0,0,1,4,0,1
2.99712572047989,0,0,0,0,2,0,1,0,2,1,0
26.9824383195996,1,1,0,0,1,0,1,0,3,0,0
3.99657861839828,1,0,1,0,0,0,0,1,2,0,0
24.0112986053627,0,1,0,0,0,0,0,1,3,0,0
1.00869973617847,1,1,0,0,2,0,1,0,2,0,1
12.9993291130532,0,0,0,0,2,0,0,0,3,0,1
3.99929128404453,0,0,1,0,0,0,1,0,5,0,0
27.9803468540177,0,1,0,0,0,0,1,0,3,0,1
2.99742964866662,0,0,0,0,2,0,0,0,2,0,1
24.9928040455591,0,0,0,0,2,0,1,0,2,0,0
27.010846638193,0,1,0,0,0,0,1,0,5,0,0
1.00160456215791,1,1,0,0,2,0,1,0,3,0,0
26.9860579516249,0,1,0,0,0,0,0,0,3,0,0
26.9887220274349,1,1,0,0,0,0,0,1,4,0,0
12.9904557379213,1,0,0,0,0,0,0,0,3,0,1
1.99749123717317,1,1,0,0,0,0,0,1,4,0,0
14.0127917986699,1,1,0,0,2,0,1,0,4,0,0
1.00833110809663,0,0,0,0,0,0,1,0,5,0,0
26.0091926215768,1,0,0,0,2,0,0,0,3,0,0
1.00987425304859,1,1,0,0,0,0,0,0,5,1,0
17.0011735316542,0,1,0,0,0,0,0,0,2,0,1
28.0197020541465,1,1,0,0,1,0,0,0,3,0,1
16.000053308356,0,1,0,0,0,1,0,0,3,1,0
3.99450951169182,0,1,0,0,0,0,1,0,2,0,1
14.0046663506298,0,1,0,0,0,0,1,0,4,0,0
10.9777597329762,1,0,1,0,0,0,0,0,5,0,0
8.99208027906689,1,0,0,0,2,0,0,0,3,1,1
1.99805581883406,1,0,0,0,0,0,1,0,0,0,0
33.9990606425589,1,0,0,0,2,0,0,1,4,1,0
27.9928238398924,0,1,0,0,0,0,0,1,2,0,0
8.00451723941566,1,0,0,0,2,0,0,0,3,0,1
0.997618674100325,0,0,0,0,0,0,0,0,0,0,0
26.993282336995,1,0,0,0,1,0,0,1,4,1,1
3.99432736858142,0,0,1,0,0,0,1,0,4,0,0
10.0102881319118,1,1,0,0,0,0,1,0,4,0,0
27.0124165941483,0,1,0,0,0,0,0,0,5,0,0
8.99835858599529,1,1,0,0,0,0,0,0,5,0,1
14.0001497421059,0,0,0,0,2,0,0,0,0,1,1
51.99134442468,0,1,0,0,0,0,0,0,4,0,0
0.990841719485464,1,0,0,0,0,0,1,0,3,0,0
27.0026466270701,1,0,0,0,0,0,1,0,4,0,0
12.0019536468918,0,0,0,0,1,0,0,1,2,0,0
12.0108649660927,0,0,0,0,2,0,0,0,4,0,0
29.001950883173,1,0,0,0,0,0,1,0,5,0,1
26.0185444913779,0,1,0,0,0,1,0,0,5,0,1
21.9982718354081,1,0,0,0,2,0,0,0,5,0,0
12.9963040410315,0,1,0,0,0,0,1,0,2,0,0
20.9987054036255,1,0,0,0,0,0,0,0,3,0,0
3.98453125558016,1,0,0,0,2,0,1,0,4,0,0
3.99450602361472,0,0,0,0,2,0,0,0,5,1,0
2.9907914181516,1,1,0,0,1,0,1,0,3,1,0
27.0171692492444,0,0,1,0,0,0,0,0,3,0,0
12.9997373687741,1,1,0,0,2,1,0,0,4,0,0
6.01003656264423,1,0,0,0,0,0,0,0,5,0,1
0.978261729505285,0,0,1,0,0,0,0,0,4,0,0
2.0097946510717,0,1,0,0,0,1,0,0,2,0,1
1.0035669401547,0,0,0,0,0,0,0,0,4,0,1
25.9686972763974,0,0,0,0,2,0,0,0,4,0,0
17.9898467325987,0,0,0,0,1,0,1,0,2,0,1
10.9968302571208,0,0,0,0,1,0,1,0,3,0,0
5.00041561179419,1,0,0,0,2,0,1,0,4,0,0
31.9969565794091,0,0,0,0,0,0,0,0,5,0,0
9.98196382941468,1,1,0,0,0,0,0,0,5,1,0
1.00661103449904,0,1,0,0,1,0,1,0,4,0,1
29.0009137714251,1,0,0,0,0,0,0,0,3,0,1
1.03818461480489,0,0,0,0,0,0,0,1,3,0,0
14.0023485067749,1,1,0,0,0,0,0,1,2,0,1
3.99841066537048,0,1,0,0,0,0,1,0,5,0,0
1.00643485725711,1,1,0,0,0,0,1,0,2,0,1
0.998525619959848,1,1,0,0,0,0,0,1,4,0,0
9.00453572028192,1,0,0,0,2,1,0,0,2,1,1
2.01304429406925,0,1,0,0,0,0,0,0,5,0,1
6.01207751950984,0,1,0,0,0,0,0,0,3,1,1
1.01416853027344,0,1,0,0,0,0,0,0,4,0,1
27.001605454812,1,0,0,0,1,0,0,0,3,1,1
1.97987163799848,1,1,0,0,0,0,1,0,4,0,0
20.9960287663824,1,0,0,0,1,0,0,1,3,0,0
3.0140346509898,0,0,0,0,0,0,1,0,0,0,0
27.0166704553375,1,0,0,0,0,0,0,0,3,0,0
0.996557092505896,1,0,0,0,0,0,0,0,5,0,0
20.9963866233113,0,0,1,0,1,0,0,0,3,1,1
0.99580064903387,1,0,0,0,2,0,1,0,4,0,1
26.9948444625102,1,0,0,0,0,0,0,0,4,0,1
26.9988196541267,1,0,0,0,0,0,0,0,5,0,0
1.00890655336043,1,0,0,0,1,0,1,0,5,0,1
27.0038865171363,1,1,0,0,0,0,0,1,3,0,0
3.01108378389351,1,0,0,0,2,0,0,0,3,0,0
20.9980529410118,0,0,0,0,2,0,0,0,3,0,1
6.97204071076249,1,0,0,0,0,1,1,0,2,0,1
1.00050041048036,0,1,0,0,0,0,1,0,5,0,1
26.9900206409156,1,1,0,0,1,0,1,0,3,0,1
3.99804689694039,0,1,0,0,0,0,0,0,3,1,1
26.9984239494578,0,0,0,0,0,0,0,0,5,0,1
9.993541714937,0,1,0,0,0,1,0,0,5,0,0
13.0009977088681,0,1,0,0,0,1,0,0,4,0,0
26.9841876511031,1,0,0,0,1,0,0,1,3,1,0
26.9907128650288,0,0,0,0,0,0,0,0,5,0,0
26.9988255856881,0,1,0,0,0,0,0,0,5,0,0
15.0039003312537,1,0,0,0,0,0,1,0,3,0,0
26.9959384062292,1,0,0,0,0,0,0,0,2,0,0
2.00296498519083,1,0,0,0,1,0,1,0,4,0,1
27.0084826086013,0,0,0,0,0,0,0,0,5,0,0
26.9993681186383,1,1,0,0,2,0,0,0,4,0,0
17.9872351362386,0,0,0,0,0,0,1,0,3,0,0
23.9986610355958,1,1,0,0,0,0,1,0,5,0,1
11.0093836182514,0,0,0,0,0,0,0,0,0,1,1
20.0009327306593,1,1,0,0,0,0,0,0,2,0,1
28.9832328797961,0,1,0,0,0,0,0,0,4,0,0
24.0129210973697,1,1,0,0,0,0,0,0,5,0,0
1.99697497724696,1,0,0,0,0,0,0,0,2,1,0
17.9945344619803,0,0,0,0,0,0,0,0,5,0,1
0.999110836601556,1,0,0,0,0,0,0,0,5,0,1
13.9813656279419,0,0,0,0,2,0,0,0,5,0,1
1.01026691455563,1,0,0,0,0,0,1,0,3,0,0
0.99926680669995,1,0,0,0,0,0,1,0,5,0,0
25.001908152772,0,1,0,0,0,0,0,1,5,0,1
9.99674375638108,0,1,0,0,0,0,0,0,4,0,1
1.00211322247276,0,1,1,0,1,0,0,0,3,0,0
44.9951665300502,0,1,0,0,0,0,0,1,3,0,1
26.997679237911,1,0,1,0,2,0,1,0,4,0,0
1.00619244695914,0,0,1,0,0,0,0,0,4,1,0
26.998022682063,1,0,0,0,2,0,1,0,5,1,0
26.9967467627651,0,1,0,0,0,0,0,1,3,0,1
9.00722231842734,1,0,0,0,0,0,0,0,2,0,0
0.998267380151136,0,1,0,0,0,0,1,0,4,0,0
25.003000687914,1,0,1,0,0,0,0,1,5,0,0
2.02259366730136,1,1,0,0,0,0,0,1,2,0,1
18.9940163094987,0,1,0,0,0,0,0,0,4,0,1
3.99773367549552,0,0,0,0,0,0,0,0,3,1,1
17.9906942691992,0,0,0,0,2,0,0,0,5,0,0
13.0182914198398,1,1,0,0,0,1,0,1,4,0,1
2.00065479853049,0,0,1,0,0,0,0,0,5,0,1
16.0025185439212,1,1,0,0,0,0,0,1,4,0,0
9.01735290783807,1,0,0,0,1,1,0,1,3,0,0
18.995386053271,0,1,0,0,0,1,1,0,4,0,1
1.00612996002654,1,0,1,0,0,0,1,0,2,0,0
5.00430291047015,0,0,1,0,1,1,0,0,2,0,1
3.00443341242436,0,0,1,0,0,0,0,0,3,0,0
4.01908955386859,0,1,1,0,0,0,0,1,4,0,0
9.99534217672361,0,0,0,0,1,0,1,0,5,0,1
13.0235823052133,0,0,0,0,0,0,0,0,3,0,1
1.01444435566703,0,1,0,0,0,0,0,1,3,1,0
27.9962651797139,1,0,0,0,0,0,0,0,2,0,1
23.0012537851232,1,0,0,0,0,0,1,0,3,0,1
6.01022275048558,0,1,1,0,0,0,0,0,4,1,0
22.9945852605841,1,0,0,0,1,0,0,0,2,1,0
13.0173589149771,1,0,0,0,0,0,0,1,4,0,1
26.997585701808,1,1,0,0,0,0,0,1,2,1,1
3.00552524896994,0,0,0,0,2,0,0,0,0,0,0
1.98299765727249,1,1,0,0,2,0,1,0,4,0,0
22.0124730815894,0,0,0,0,2,0,0,0,3,0,1
7.98867879175029,0,0,0,0,2,0,0,0,0,0,1
12.9846165697261,1,0,0,1,0,0,1,0,3,0,0
1.99650031992296,1,0,1,0,0,0,0,0,2,0,0
9.98482420991887,1,0,0,0,0,0,1,0,2,0,0
1.99728531998886,0,0,0,0,0,0,1,0,5,0,1
1.0026574820076,0,0,1,0,0,0,0,0,2,0,0
10.0078305915355,0,1,1,0,0,0,0,0,2,0,1
1.99430595539301,1,1,0,0,0,0,0,1,2,0,1
4.00360449179799,1,0,0,0,2,0,1,0,0,1,0
11.0081281861598,1,0,0,0,2,0,1,0,5,0,1
6.00676223670204,1,1,0,0,0,0,0,1,3,0,1
9.98989016474389,0,0,0,0,1,0,0,0,5,0,1
16.0000176885386,1,0,0,0,1,0,1,0,2,0,0
24.9912163068364,1,0,0,0,0,0,0,1,3,0,0
16.9965667935406,0,0,0,0,0,0,0,0,3,0,0
17.979400856391,0,0,0,0,0,0,1,0,5,0,1
14.0024981512541,1,1,0,0,2,0,0,0,4,0,0
1.98735820742171,0,1,0,0,0,0,1,0,4,0,1
11.9945705589434,0,0,0,0,0,0,0,0,5,0,1
6.99859187196183,0,0,0,0,1,0,1,0,3,0,1
6.99369797305066,1,1,1,0,0,0,1,0,4,0,0
0.987296189775096,1,1,0,0,0,0,1,0,4,0,1
18.9798002374154,0,1,1,0,0,0,0,1,3,0,0
0.991181250074336,0,1,0,0,0,0,0,0,3,0,1
8.99459290720798,1,1,0,0,0,0,0,0,4,0,0
4.01009777670394,1,0,0,0,0,0,1,0,5,0,1
0.985540398518108,0,1,0,0,0,0,0,0,3,0,0
0.981230841772668,1,0,0,1,0,0,0,0,2,0,1
19.0066016083705,1,1,0,0,2,1,1,0,3,0,1
0.974927034125521,1,0,0,0,2,0,1,0,4,0,1
27.0109296357577,1,1,0,0,0,0,1,0,4,0,0
23.9860017275401,1,0,0,0,1,0,1,0,2,0,0
19.989306101199,1,1,0,0,2,0,1,0,3,1,1
27.0004084030442,1,0,0,0,0,0,0,1,4,0,0
17.9915258202978,0,0,0,0,0,0,1,0,5,0,0
26.989543787504,0,1,0,0,0,0,0,0,4,0,0
1.00078677779317,1,0,0,0,2,0,0,0,5,0,0
12.0013789395295,0,0,0,0,1,0,1,0,4,0,1
27.0048283020004,0,1,0,0,0,0,0,0,5,1,0
9.00594907369769,1,0,0,0,0,0,1,0,5,0,0
1.00627436328728,0,1,0,0,0,0,0,1,5,0,1
16.9962813565303,1,0,0,0,0,0,0,0,2,0,0
26.9843799072965,0,1,0,0,0,0,0,0,3,0,0
0.985276246677045,1,1,0,0,1,0,1,0,4,0,0
22.0113896920981,1,1,0,0,0,0,0,0,4,0,1
22.9895039833804,0,1,0,0,0,1,1,0,3,0,1
24.9892164429579,0,0,0,0,0,0,1,0,3,0,0
0.996834468892454,1,1,0,0,1,0,1,0,4,0,0
11.0178677207367,1,0,0,0,0,0,1,0,5,0,1
0.985919480192792,1,1,0,0,0,0,1,0,3,0,1
27.0031483755433,1,0,0,0,0,0,1,0,4,0,0
3.98611884661583,1,0,0,0,0,0,0,0,4,0,1
4.00502664972718,1,0,0,0,0,0,0,0,1,0,0
13.9986750492764,0,1,0,0,0,0,0,0,4,0,1
24.9972670854536,1,0,0,0,2,0,0,0,2,0,1
33.0013088105205,0,0,0,0,0,0,1,0,5,0,0
20.0010863163332,1,1,0,0,1,1,1,0,3,0,1
30.009979890937,0,0,0,0,0,0,0,0,4,1,1
9.99776877828363,1,0,0,0,1,0,0,1,5,1,1
8.0064248129675,0,1,0,0,0,0,1,0,5,0,1
22.0036694829207,1,0,0,0,0,0,1,0,3,0,0
26.9850509465976,0,0,0,0,0,0,0,0,0,0,1
1.00448438113639,0,1,0,0,2,0,0,0,2,0,0
1.98819032445411,0,1,0,0,1,0,0,0,5,0,0
1.00876596117784,0,0,0,0,2,0,0,0,5,0,0
1.9978251059253,0,1,0,0,0,0,1,0,2,0,1
27.002151294027,0,0,1,0,0,0,0,1,5,0,0
1.00593870348303,0,1,0,0,0,0,0,0,4,0,1
29.9958140119961,0,1,0,0,0,0,0,0,5,0,1
27.9912672699078,0,0,0,0,0,0,0,0,4,0,0
0.989629557041048,0,0,0,0,0,0,0,1,3,0,1
3.98304401662035,1,0,1,0,1,0,1,0,4,0,1
26.9866265661731,1,0,1,0,0,0,0,1,4,0,0
6.00135835704583,1,1,0,0,2,0,1,0,2,0,1
0.996708242019374,1,0,0,1,0,0,0,0,3,0,1
0.998016973497967,0,0,0,1,0,0,0,0,3,0,0
11.9783139434406,0,0,0,1,0,1,0,0,3,0,0
6.99204861229295,1,0,0,1,1,0,0,0,2,1,0
14.0130358150027,1,0,0,1,0,0,0,0,2,0,0
10.9911742370727,1,0,0,1,0,0,0,0,2,0,1
0.999734625735574,0,0,0,1,0,0,1,0,2,1,0
1.00392054017589,0,0,0,1,0,0,0,1,4,1,1
0.986268922669021,0,0,0,1,0,0,1,0,4,1,1
16.9946504556361,1,1,0,0,0,0,0,1,4,0,1
2.00479331002642,0,1,0,1,0,0,1,0,4,1,1
0.986238653070769,1,1,0,1,0,0,1,0,2,0,0
1.00029055926337,0,0,0,1,0,0,0,0,3,0,0
25.9973425686403,0,0,0,1,0,0,1,0,4,0,0
0.99621237674705,1,0,0,1,0,0,1,0,2,0,0
1.00261798212805,1,0,0,0,0,0,1,0,5,0,1
26.9940392009338,1,0,0,1,0,0,0,0,0,1,0
4.00736577006847,0,0,0,1,0,0,0,0,2,0,0
1.00339874919903,0,1,0,1,0,0,1,0,5,0,0
16.9999599640688,0,0,0,1,0,1,0,0,2,0,0
0.997165648849782,0,0,0,1,0,0,0,0,5,0,1
1.99749185191476,1,0,0,1,2,0,0,0,3,1,0
20.9986305087039,0,0,0,1,2,0,0,0,0,1,0
5.00932700960939,1,0,0,1,1,0,0,0,2,0,0
23.0003656178063,0,0,0,1,2,0,0,0,2,0,1
7.98465545279157,1,1,0,1,0,0,0,0,2,0,0
26.9964598240964,1,0,0,1,0,0,1,0,2,1,0
0.995408293688207,0,0,0,1,0,0,1,0,5,0,0
28.992711148881,0,0,0,1,0,1,1,0,3,0,1
0.999800917753035,0,1,0,1,0,0,1,0,5,0,1
1.00781548302617,1,0,0,0,0,0,1,0,4,1,1
1.00418316674402,0,0,0,0,1,0,1,0,2,0,1
0.99541139334044,1,0,0,1,1,0,1,0,2,1,1
1.99107522143253,0,0,0,1,0,0,1,0,3,1,0
14.0105757320386,1,0,0,1,0,1,1,0,2,0,0
0.998674931715316,0,0,0,1,0,0,0,0,3,0,0
8.00114762625502,1,0,0,0,0,1,0,1,3,1,1
15.0014872994816,0,1,0,1,0,0,1,0,3,1,0
11.0069941461496,0,0,0,1,0,0,1,0,3,1,0
1.00152782302534,1,0,0,1,1,0,0,0,2,0,0
26.9951794025349,0,0,0,1,0,1,0,0,5,1,1
1.98508552573566,0,0,0,1,2,0,0,0,5,1,0
6.99848571160301,1,0,0,1,1,1,0,0,4,0,1
26.9930645478955,1,0,0,1,2,0,0,0,0,1,0
8.01046911599684,0,1,0,1,0,0,0,0,3,0,0
27.0058561168222,1,0,0,1,0,0,0,0,3,1,0
0.990232539794823,1,1,0,1,2,0,1,0,0,0,1
16.9935361881424,0,0,0,1,0,0,1,0,2,0,1
12.9942255943141,0,0,0,1,1,0,0,0,3,1,0
4.98589834143696,1,0,0,1,0,0,1,0,4,0,1
0.996663141242394,1,0,0,0,0,0,1,0,2,0,1
27.0049967417628,0,0,0,1,0,0,1,0,3,1,0
27.0105359994632,1,1,0,1,0,0,0,0,2,0,0
3.97830350254008,0,0,0,1,0,0,0,0,3,0,1
14.0136357861154,0,0,0,1,0,0,0,0,4,1,0
1.00370543623099,0,0,0,1,0,0,0,0,3,0,1
3.99608571615783,0,0,0,1,0,0,0,0,4,1,0
4.99811234259759,0,1,0,1,0,0,0,0,3,0,0
7.99785564734728,0,0,0,1,0,0,1,0,2,0,0
1.00263207189926,0,0,0,1,0,0,1,0,5,0,1
13.9968763430687,1,1,0,1,0,0,1,0,4,0,1
7.00227346604551,1,1,0,1,1,0,0,0,3,0,0
1.00163225328737,1,1,0,1,2,0,0,0,3,0,1
20.9959611589775,1,0,0,1,1,1,0,0,2,0,1
5.00871988957118,0,0,0,0,0,1,1,0,3,0,1
25.0219648065735,1,0,0,1,2,0,1,0,3,0,0
11.005404806672,0,0,0,1,0,0,0,0,3,0,0
1.0160474574168,1,1,0,1,0,0,1,0,4,0,0
1.9853663853376,1,0,0,1,0,0,1,0,5,0,0
20.0100460306718,0,0,0,1,2,1,0,0,2,0,1
2.01049796525635,0,0,0,1,0,0,0,0,3,0,1
23.9974739742192,0,0,0,1,0,0,1,0,2,0,0
2.99310592095207,1,1,0,1,0,0,1,0,3,0,0
0.97624850257467,0,0,0,1,0,0,1,0,3,0,0
5.99542758937241,0,0,0,1,0,0,1,0,2,1,0
11.0102693171199,0,0,0,1,1,0,0,0,3,0,0
15.980158277293,0,0,0,1,0,0,1,0,4,1,1
6.98030592135603,0,0,0,1,0,0,1,0,3,1,0
14.0023875590863,1,0,0,1,0,1,1,0,2,1,0
9.99394325046309,1,0,0,1,0,0,1,0,2,1,0
20.0128115923501,0,0,0,1,0,0,1,0,2,0,0
27.0043861312201,1,0,0,1,0,0,1,0,5,1,0
26.9993290528272,1,1,0,1,2,0,0,0,4,0,0
13.0086302895739,1,0,0,1,1,0,1,0,2,0,0
1.00198484498566,0,1,0,1,1,0,0,0,5,0,1
1.00681742479893,0,0,0,1,1,0,1,0,5,0,1
15.9892891252725,1,0,0,1,2,0,0,0,2,0,0
1.0155992415625,1,0,0,1,0,0,1,0,3,0,1
13.0038980851592,0,0,0,1,0,0,0,0,2,0,0
22.0064629536303,1,0,0,1,0,0,0,0,2,0,0
25.0115584966698,1,0,0,1,0,0,1,0,2,1,0
9.99674392587821,0,0,0,1,0,0,0,0,3,1,0
18.9974420256206,1,0,0,1,0,0,1,0,2,0,0
0.985397691864795,1,0,0,1,0,0,1,0,3,0,1
1.99870434482886,1,0,0,1,2,0,0,0,3,1,1
0.99625517797753,1,0,0,1,0,0,1,0,4,0,1
22.0187284742224,0,0,0,1,2,0,1,0,4,0,0
26.9813767641277,0,0,0,1,0,0,1,0,5,1,0
15.9934839696651,0,1,0,1,0,0,0,0,5,0,0
26.9874094921446,1,0,0,1,0,0,0,0,4,0,0
16.9986598489959,1,0,0,1,2,0,0,0,2,0,0
2.00085781923038,1,1,0,1,1,0,1,0,5,0,0
4.99366158425789,1,0,0,1,2,0,1,0,3,1,0
9.98105189087919,0,0,0,0,0,0,1,0,3,1,1
19.9874785708469,0,0,0,0,0,0,1,0,3,1,0
26.9886105967316,0,1,0,0,0,0,1,0,2,0,0
27.0147626660395,0,1,0,0,0,0,0,0,4,1,1
15.0055084389367,0,1,0,0,0,0,1,0,5,1,1
20.0091406865988,1,0,0,0,0,0,1,0,3,0,0
0.998855079306932,0,1,0,0,0,0,1,0,0,0,1
23.0071402930093,0,0,1,0,0,0,0,0,5,0,0
12.9906843031546,1,1,1,0,0,1,1,0,4,0,1
6.01057556088487,0,1,0,0,2,0,0,0,5,0,0
10.0013694125069,1,0,0,1,0,0,1,0,3,0,0
3.99854005563011,1,0,0,1,2,0,0,0,2,0,0
8.99307485070588,0,0,0,0,2,0,1,0,2,0,1
4.00182798071916,1,0,0,0,0,0,0,1,5,0,0
27.0169850887681,0,0,0,0,0,0,0,1,4,1,1
